message_id,email_length,word_count,communication_time_category,body_tokenized,category
<27936946.1075855378542.JavaMail.evans@thyme>,1357,212,Evening,ina rangel phillip allen hou ect ect subject survey phillip allen full name phillip allen login pallen extension office location type computer desktop laptop pda yes type none ipaq palm pilot jornada ipaq permission access anyone email calendar yes anyone permission access email calendar yes yes ina rangel responsible updating anyone else address book yes anyone else responsible updating address book yes access shared calendar yes shared calendar yes west calendar distribution groups messaging maintains mass mailings yes please list please list notes databases applications currently use none efforts plan exact date time migration also need know normal work hours office near future vacation leave etc embedded stdolelink,HR & Internal
<18640335.1075855713056.JavaMail.evans@thyme>,1693,271,Afternoon,due problems email yesterday may received rsvp please excuse confusion may caused rsvp requested environmental strategies group convene emissions strategy meeting friday may discuss global emissions issues air quality regulation climate change multipollutant legislation explore potential business opportunities enron commercial groups friday may time lunch provided enron building floor video conference organized enable broad participation london office teleconference set others would like call primary objectives session provide latest information emissions regulation markets enron advocacy efforts worldwide receive feedback commercial interests input policy options may develop best business policy strategies enron short long term invite member group participate important strategic discussion please rsvp soon possible let know plan participate person via teleconference via video conference london office agenda forthcoming questions suggestions advance meeting please hesitate contact jeff keeler look forward participation lisa jacobson enron manager environmental strategies eye street suite washington phone fax,HR & Internal
<31333327.1075857601887.JavaMail.evans@thyme>,428,77,Afternoon,doug confirm pricing lng dela show bid nymex portion mmbtu day time period jan dec bid henry hub basis time period resulting fix price bid sonat basis translating bid notional volume contracts volume contracts exposure per move john,Energy Trading
<30636520.1075857605394.JavaMail.evans@thyme>,522,68,Morning,know user password eserver enron com john arnold enron com john arnold enron com subject concur expense document following expense report ready approval employee name henry quigley status last changed automated administrator expense report name report total amount due employee approve expense report click following link concur expense http xms enron com,News & Media
<22886818.1075857631256.JavaMail.evans@thyme>,1650,190,Morning,article nytimes com sent pkeavey ect enron com advertisement looking better solutions toshiba uniting digital mobile network innovations bold new vision information technology today tomorrow take closer look life new digital age imagine good visit toshiba com details http www nytimes com ads toshiba index html energy industry raises production record pace joseph kahn jeff gerth energy industry drilling natural gas building gas pipelines constructing power plants unprecedented pace companies respond high energy prices significantly boosting investment http www nytimes com politics html visit nytimes com complete access authoritative news coverage web updated throughout day become member today free http www nytimes com eta advertise information advertising mail newsletters creative advertising opportunities new york times web please contact alyson racer alyson nytimes com visit online media kit http www nytimes com adinfo general information nytimes com write help nytimes com copyright new york times company,Energy Trading
<17099235.1075857631439.JavaMail.evans@thyme>,1770,254,Afternoon,current notes user ensure experience successful migration notes outlook necessary gather individual user information prior date migration please take minutes completely fill following survey double click document put edit mode finish simply click reply history button hit send survey automatically sent outlook migration mailbox thank outlook migration team full name login extension office location type computer desktop laptop pda yes type none ipaq palm pilot jornada permission access anyone email calendar yes anyone permission access email calendar yes responsible updating anyone else address book yes anyone else responsible updating address book yes access shared calendar yes shared calendar distribution groups messaging maintains mass mailings yes please list please list notes databases applications currently use efforts plan exact date time migration also need know normal work hours office near future vacation leave etc,HR & Internal
<3130394.1075852711743.JavaMail.evans@thyme>,521,68,Evening,know user password eserver enron com john arnold enron com john arnold enron com subject concur expense document following expense report ready approval employee name henry quigley status last changed automated administrator expense report name report total amount due employee approve expense report click following link concur expense http xms enron com,News & Media
<33202560.1075852710453.JavaMail.evans@thyme>,622,111,Night,bullish thing point moving closer everyone psychological price target everybody dog still short next sellers need producer community saw little week williams hedging barrett transaction wouldnt say thats indicative rest community short covering rallies get common velocity move slowed significantly good except maybe bid week concern people want cover shorts selling might feel lot like trying break,Energy Trading
<3427152.1075857593257.JavaMail.evans@thyme>,3548,443,Morning,websupport websupport moneynet com john arnold john arnold enron com subject portfolio mon may dear member requested cancelled portfolio tracker emails way assist please feel free let know rapid response mail questions please incluce brief description problem subject line message sincerely customer support stephen john arnold john arnold enron com websupport rol reuters moneynet subject portfolio mon may please send emails anymore jennifer arnold portfolio tracker ptracker moneynet com please respond websupport moneynet com jarnold enron com subject portfolio mon may important message infoseek portfolio tracker user infoseek portfolio tracker service provided reuters investor longer accessible directly infoseek personal finance page however portfolio associated financial content continue accessible going directly following web site address url http www moneynet com content infoseek ptracker entering exact url case sensitive browser software location box hitting return able access portfolio suggest bookmark page future access portfolio portfolio service continue available future although may notice changes page format next several weeks thank patience glad able support financial content needs portfolio invest stocks symbol description last change volume date time afl aflac inc bmcs bmc software ene enron corp pctl picturetel wcom worldcom inc news portfolio invest ene update spanish market braces new bids cantabrico wcom worldcom sprint face merger hearing rpt france tel unveil bln orange buy tuesday research alert phillip keeps shin sat satt buy market update djia nyse volume mil transports adv decl utilities nasdaq value line stock quotes delayed least minutes questions comments problems portfolio tracker mail send mail websupport moneynet com,Financial & Accounting
<32120952.1075857593387.JavaMail.evans@thyme>,668,97,Afternoon,john arnold doug rotenberg enron com rick buy hou ect ect john lavorato enron com david haug jeffrey shankman hou ect ect jeff skilling corp enron enron subject doug confirm pricing lng dela show bid nymex portion mmbtu day time period jan dec bid henry hub basis time period resulting fix price bid sonat basis translating bid notional volume contracts volume contracts exposure per move john,Energy Trading
<14001664.1075854725896.JavaMail.evans@thyme>,1523,222,Afternoon,enron north america corp george weissman eric bass hou ect ect gregory sharp hou ect ect susan smith hou ect ect melissa graves hou ect ect jill zivley hou ect ect subject well head accrual income calculation eric reviewed wellhead accrual income data february present input attachment generally minor questions relating comstock sun deals improper prior bookings account difference purchase price cases certain deals appear wellhead related western gas pan energy dollar amount involved quite minor believe going forward basis large coastal negative number disappear beginning discussed would therefore provide wellhead accrual income data april see net effect correcting coastal booking thanks george enron north america corp eric bass george weissman hou ect ect subject data data included file february keep mind deals costilla multiple tickets system impossible estimate accrual revenue expense system accurately made top level adjustments deals,Financial & Accounting
<26810114.1075854726160.JavaMail.evans@thyme>,1923,293,Afternoon,really need historical throughput especially third party major market areas going analyze data temperature correlation perspective see use weather derivatives hedge throughput exposure data far back pulled accurately would helpful call questions thanks eric enron north america corp gary hanks eric bass hou ect ect earl tisdale hou ect ect subject daily throughput data access pretty realistic close actual physical throughput number going back february anything prior would take work come looking scheduled throughput number best place get data would pop unify totalling reciept delivery contracts including bammel activity get pretty accurate scheduled throughput number make sure double dip gas going processing plants partnership activity etc let know looking help pull data together thanks gary enron north america corp earl tisdale gary hanks hou ect ect subject daily throughput data suggestion data provide eric accurately reflect hpl activity thanks earl enron north america corp eric bass earl tisdale hou ect ect subject daily throughput data earl james mckay referred information regarding historical throughput numbers hpl gottlob looking ways hedge pipe need data far back accurately obtained thanks eric,Financial & Accounting
<18951414.1075854613524.JavaMail.evans@thyme>,362,66,Morning,dale new gas daily product setting think would good idea nymex reference short description something like gas daily hsc addtion need two new index locations set carthage hub agua dulce hub please contact todd richardson details thanks help,Energy Trading
<8473850.1075855150750.JavaMail.evans@thyme>,601,94,Morning,reports show new gen tested ready soco spp pjm ecar mapp start see additional activity june july periods kelly holman enron enronxgate lloyd hou ect ect kevin presto hou ect ect kristin walsh enron enronxgate subject new gen update lloyd please find update information new generation project questions comments feel free contact kristin thanks kelly,News & Media
<1761550.1075855146460.JavaMail.evans@thyme>,754,142,Morning,saw job posting power trader real time enron intranet wandering could meet discuss enron year power origination trading latin america recently moved back working ees couple months enron worked years pseg trading constellation power source trader know northeast pjm mainly power markets hour fairly well always interested getting trading business position caught attention hope feel may potential match think please let know forward resume thank ignacio,Energy Trading
<10298334.1075855922886.JavaMail.evans@thyme>,923,163,Morning,lunch probably work time frame vacation monday tuesday lunch standing risk forum meeting wednesday office lunch hour school function one daughters check ted murphy tuesday risk forum meeting occassionally meeting cancelled get back touch tuesday lunch open would amita like meet another time days possibility could early dinner tuesday evening work amita schedule sally leah rijo sally beck hou ect ect subject lunch amita gosalia sally amita pcg london visiting offices next monday wednesday would like meet lunch available time three days many thanks leah pcg london,HR & Internal
<33179493.1075855922930.JavaMail.evans@thyme>,436,67,Afternoon,mary sally says okay patti mary solmonson sally beck hou ect ect lisa cousino hou ect ect subject team leadership coaching mary gosnell mary gosnell performing well new role manager would like offer mary coaching sessions team leadership develop presence language skills dealing management personnel problems,HR & Internal
<28944132.1075855923023.JavaMail.evans@thyme>,297,55,Afternoon,thanks update attachment great back houston heard lots good things assignment however know london group miss presence try call wednesday morning way office,News & Media
<20820223.1075855923307.JavaMail.evans@thyme>,570,90,Afternoon,calgary office wednesday afternoon may noon friday may easily reached peggy hedstrom whose phone via tie line assistant patti thompson copy itinerary phone fax numbers hotel needed primary operations contacts houston calgary follows dpr mike moscoso mpr david maxwell gas operations susan harrison power operations leslie reeves financial products sheila glover,Energy Trading
<22349077.1075855796177.JavaMail.evans@thyme>,1006,136,Afternoon,ditto information risk management hou ect subject approval requested security resource request system application approval please review act upon request received email listed approver original request instructions adriane moratto request original application name eol request type grant role comments commercial set marketing group review request request section left information regarding request following click name peoplefinder info see information section approval section select approve reject enter comments necessary click submit information requestor adriane moratto manager lorraine becker request date company priority high general comments,HR & Internal
<12637323.1075855796199.JavaMail.evans@thyme>,1176,164,Afternoon,assume granting access someone lorraine becker supervisor approved get hundreds many employees outside energy operations thanks sally information risk management hou ect subject approval requested security resource request system application approval please review act upon request received email listed approver original request instructions beth cowan request original application name eol request type grant role comments marketing company review request request section left information regarding request following click name peoplefinder info see information section approval section select approve reject enter comments necessary click submit information requestor beth cowan manager lorraine becker request date company priority normal general comments,HR & Internal
<32278182.1075855796268.JavaMail.evans@thyme>,689,119,Morning,last weeks volatility natural gas market think agreed imperative trading risk controls reporting groups understand eack group looks risk manage process processes generally good times extreme price volatility environments could coordinated apparent must get together look aspects resources intraday price risk var management since seems thing would like set meeting regarding management issues touch appreciate everyone help jeff,Energy Trading
<14895687.1075855797449.JavaMail.evans@thyme>,650,108,Morning,scheduled planning quick status check meeting sap unify financials project today key points discussed include current status open requirement points resolutions close current status financials development testing hopefully good news current status sap interface test believe good news well current status contingency automated interface sift net net difficult develop required time good news may need status action items test planning june thanks,HR & Internal
<33525140.1075855797519.JavaMail.evans@thyme>,2162,318,Morning,new power company first national residential small business energy service provider deregulated markets launched today strategic investors partners including enron ibm america online eugene lockhart named president chief executive officer company formerly president consumer services chief marketing officer well president bank america global retail bank president ceo mastercard international lockhart joined number high level executives telecommunications financial services sectors well several former enron executives specializing energy commodity pricing marketing risk management government regulatory affairs former enron employees include jim badum formerly managing director consumer services ees john henderson formerly vice president retail risk management ees dave eichinger formerly vice president corporate development enron corp kathleen magruder formerly vice president government affairs enron corp lou pai chairman ceo ees serve non executive chairman new power company enron provide new power company energy commodity pricing risk management government regulatory affairs ken lay quoted news release studied residential small business market several years believe optimal way provide value customers assisting setting independent company enron able leverage core competencies energy risk management partnering industry leaders give new power company extraordinary immediate depth capability ken also serve board directors new power company scheduled initially provide service pennsylvania new jersey second half company headquartered greenwich connecticut operations houston information please log onto website http www newpowercompany com,Legal & Regulatory
<15508462.1075855797793.JavaMail.evans@thyme>,703,125,Night,sally hope things went well calgary rapping things cannot wait return home tentative meeting joe gold afternoon rescheduled morning attached assessment continental power operations intend discuss first page joe case would like keep notes discussion second page detailed joe asked meet privately discuss operations tried candid yet politically correct today lunch fernly meeting weather commercial team phone give update todd,Energy Trading
<5066548.1075855797838.JavaMail.evans@thyme>,1810,289,Afternoon,communication one enron key values continuing effort increase communication customers enron net works hosting technology showcase purpose showcase keep customer aware tools available today well plans future come see hear future laptops desktops operating systems messaging much date friday may time place enron plaza come join fun learn demonstrations hardware laptops desktops printers scanners handhelds windows hear project gem global enron migration windows first look new workstation operating system messaging see future messaging including voice integration axing ability handheld integration etc web site announcing new information technology web site remote connectivity get questions answered srrs see future security recourse request system action pagenet pagers two way paging helps stay touch houston cellular available choices information booths training information available classes resolution center come hear new name mission desk customer care new unit focusing satisfaction surveys feed back etc prizes must complete survey eligible drawing autographed houston aeros hockey stick puck houston astro tickets laptop case wheels shirts mark calendars forget stop see informa tion technology team action look forward seeing susan lopez director customer care,Energy Trading
<22267385.1075855799038.JavaMail.evans@thyme>,1704,251,Evening,always put values respect integrity communication excellence center company today marks renewal commitment values one value particular communication feedback last excellence communication survey indicated could better job communicating several initiatives underway working hard improve communication enron please access hear special message ken lay initiatives commitment improving communication view message must sound card installed computer following instructions launching company lan locati employees three allen center start menu programs general information iptv icon ees omaha employees start menu programs cisco iptv viewer iptv icon ena houston corp houston new york calgary portland include ebs pge portland start menu programs iptv viewer icon gpg three allen center users logging start menu lan apps ots gpg users logging ots start menu enron applications london europe employees hear administrators view video launch double click program titled ken lay values message difficulties locating using viewer please contact help desk computer please mail gina taylor gina taylor enron com checkout video ken special message,Energy Trading
<11414502.1075855799337.JavaMail.evans@thyme>,2758,490,Morning,sally need tom asap flat given todd understanding tom would start may extended may wan postpone tom transfer longer please give assurance todd vacate newdate may thanks mrp tom moore mark pickering lon ect ect beth perlman hou ect ect richard burchfield hou ect ect subject move mark good hear sorry kept better informed realize aware situation richard iain agreed made sense iain overlap week either london houston since commitments houston last week decided overlap houston start london may sally beck approached letting todd extend stay flat extra week since project wrapping schedule since whole family offered push move back one week may todd intended flat thursday may apparently plans included working last weekend april lost weekend since london office closed anticipation may day riots wants stay thursday may originally suggested family would probably return week may without proposed finalize plans around leaving may relocate hotel needed stay longer though family decided stick instead returning early unless somebody dictates absolute move date guess work around tentative plan vacate flat may target may start date london concern though project may continue drag day day tara needs two full working days clean flat means thursday friday gives saturday sunday move depending strict two full working days may actually need later wednesday may even wednesday may cheers tom enron capital trade resources corp europe mark pickering tom moore hou ect ect beth perlman hou ect ect richard burchfield hou ect ect subject move tom heard today arriving todd hall apartment please let know going first heard think bit late considering thought today mrp,Financial & Accounting
<20111898.1075845068455.JavaMail.evans@thyme>,1110,154,Morning,presentations work june cost limited seats available intensive hours workshop includes nine presentations provides practice feedback peers instructors videotape training focuses instruction practice organization delivery skills visual design use question answer models participants receive personalized confidential feedback instructor develop self improvement action plan customized exercises give participants first hand experience one one small group impromptu sit settings result course able reduce preparation time increase rapport persuasions organize ideas impact select appropriate details plan presentation design use visuals effectively use dynamic delivery style handle questions answers appropriately please login enroll investinme website http www corptraining com index cfm company enron questions please call,HR & Internal
<8875285.1075845069018.JavaMail.evans@thyme>,1671,214,Night,fyi misty barrett sean holmes hou ees ees connie estrems hou ees ees james lewis hou ees ees ozzie pagan hou ees ees black hou ees ees rogers herndon enron enronxgate scott mills hou ees ees evan hughes hou ees ees vicki sharp hou ees ees kevin hughes hou ees ees anthony dayao hou ees ees wade stubblefield hou ees ees casey underwood hou ees ees blake swanson hou ees ees jane mcspadden andersen com debra cash arthurandersen com linda norman andersen com roshmi mukherjee andersen com enron subject andersen audits attached andersen business audits timeline audits work within document identified ees owner involved business audit scope objectives business audit also outlined business audit approach business audit plan hold opening closing meeting key personnel involved project includes business owners cao eas representative andersen objectives opening meeting discuss specific audit areas team members key contacts identify required ees documentation closing meeting critical final opportunity ensure facts surrounding issues agreed upon initially discuss action plans timing opening closing meetings communicated andersen later date please review attached andersen document ensure business owners properly identified please contact revisions questions thanks misty,Financial & Accounting
<8543065.1075845070673.JavaMail.evans@thyme>,906,141,Afternoon,mike sally attached spreadsheet contains graphs reflecting following numbers numbers fall recruiting season unfortunately recruiting numbers reflecting back began recruiting enron happy meet provide explanation discuss participation endowment trading floor sponsorship please let know provide additional information thanks lexi university oklahoma full time statistics fall interviewed offers extended accepted finance accounting tax energy management economics university oklahoma intern statistics fall interns interviewed intern offers extended interns accepted finance accounting tax energy management economics,Financial & Accounting
<15793913.1075845070895.JavaMail.evans@thyme>,715,122,Afternoon,please remove pre offsite meetings greg piper calendars sally today beth friday tom friday sally beth tom presenting mid back office together management offsite may need schedule meeting sally beth meet greg patti cheri please forward availability tomorrow thursday hour meeting greg brenda please let tom know sally beth start working presentation tom catch gets back friday thanks tina spiller assistant greg piper chief operating officer enron net works llc office tina spiller enron com,HR & Internal
<24387979.1075855833018.JavaMail.evans@thyme>,703,125,Night,sally hope things went well calgary rapping things cannot wait return home tentative meeting joe gold afternoon rescheduled morning attached assessment continental power operations intend discuss first page joe case would like keep notes discussion second page detailed joe asked meet privately discuss operations tried candid yet politically correct today lunch fernly meeting weather commercial team phone give update todd,Energy Trading
<19556411.1075855833128.JavaMail.evans@thyme>,347,54,Afternoon,bill upon rick request compiled brief summary conversation yesterday please take look provide comments may presented facts company names accurately also please see attached latest enron corp risk management policy transaction approval guidelines thanks vlady,HR & Internal
<21498179.1075855833888.JavaMail.evans@thyme>,2486,434,Evening,sally message last week enclosing copy new authorised signatories houston records please confirm sue frusco advised change procedures start signing confirmations sydney regards heidi heidi mason sally beck ect subject action plan sally thank taking time see houston lunch working detailed comprehensive plan action enact changes discussed settlement confirmations procedures transfer due volume work desk upon return coming together quite quickly would like therefore going look piece piece need issue new authorised signatory list week enron australia energy enron australia finance pty ltd due changes dealer structure therefore decided would good opportunity make change approval confirmations agreed sydney office take responsibility signing confirmations means still prepared sydney change procedure signed sydney faxed clients primary signatories managing director paul quilkey chief financial officer heidi mason event unavailable signed senior legal counsel david minns confirmation log maintained entirety sydney office held directory accessible houston allow independent audit review occur required order implement change prepared new authorised signatories list planning distribute end week meantime could please advise action needs taken houston ensure relevant areas advised clearly key individual sue frusco met sue houston discussed briefly fact agreed invoicing confirmations would move sydney stage timing raised sue seemed happy stay current arrangements time implemented change want advise sue someone houston speak thanks heidi,Legal & Regulatory
<9305128.1075855831652.JavaMail.evans@thyme>,677,105,Morning,hello everyone reminder thursday conference call regarding weekly japan update houston time please forward updates joe hirl please copy call held conference room houston participants domestic intern code also please provide work mobile home phone numbers process putting together contact list everyone involved project lastly please include email address assistant name number make easier get contact thanks eddie,News & Media
<16473401.1075855868667.JavaMail.evans@thyme>,651,98,Evening,richard understanding received final version project door step report following locations buenos aires sao paulo sydney singapore oslo frankfurt projects pending completion eott still field mariner follow visit pending calgary last week london pending completion extended work projects scheduled future dates panama denver mexico portland tom bauer requested forward contents door step database including current status items addressed please call questions thanks jim brown,News & Media
<31601867.1075845077728.JavaMail.evans@thyme>,713,129,Evening,suzanne summary headcount group plan verbage discussion major business changes effect also attached graphs show huge increase number new deals introduction eol fall gas products average basis would certainly account level headcount growth believe minimal relation huge growth transactions commodities since hopefully help answer questions happy discuss info provide slice info different way necessary let know beth,Energy Trading
<33031321.1075845077753.JavaMail.evans@thyme>,2230,342,Night,guys new system ready beta testing offering asp solution mid back offices including lots reporting credit may new middle back office application service provider asp solution launched derigen consulting derigen trade center designed provide small mid sized trading marketing operations entry point comprehensive trading system product said provide trading system automates workflow trading operations secure scalable reliably environment energy trading organization derigen trade center provides trade capture profit loss reporting position reporting contract tracking confirmation generation settlement accounting physical scheduling credit management functions know many smaller mid sized trading operations purchasing trading systems either want make large capital investments software want responsibility maintaining mission critical application said robert jacobs ceo providing asp solution clients longer purchase expensive equipment maintain extra staff support need internet connection date browser log secure site anywhere internet derigen trade center based mature oracle java technology capitalizes knowledge derigen consulting experience creating energy trading systems past years said jeffrey macinnis president derigen consulting learned make reliable secure systems reflect clients needs derigen inviting companies apply candidates beta phase application clients would get use derigen trade center helping test bugs suggest customizations derigen trade center expected final release version later summer check derigen web site www derigen com information apply beta program product features http www derigen com otp htm,Legal & Regulatory
<9567537.1075845079343.JavaMail.evans@thyme>,808,144,Night,rac responsible updating database must get info communicated action item owners know update shona oversee process purpose circulating reviewers updated info encourage updates presentation causey buy next week sure see wrong pushing guys get updates certainly would communicate process owner presenting management feel major finding overlooked order get better understanding status progress final back stop ensure wrong info communicated think getting together late tomorrow happy discuss beth,HR & Internal
<27967529.1075855878160.JavaMail.evans@thyme>,347,54,Afternoon,bill upon rick request compiled brief summary conversation yesterday please take look provide comments may presented facts company names accurately also please see attached latest enron corp risk management policy transaction approval guidelines thanks vlady,HR & Internal
<2504735.1075855882059.JavaMail.evans@thyme>,912,143,Morning,friday may rick buy jeff skillling signed memo designating john lavorato western hemishere john sherriff eastern hemisphere responsible parties signing daily positiion report please obtain greg whalley approval dpr prior date going forward please coordinate preferred method designating approval assume use mail time executive reports viewer changed accomodate change also assume working solution unless otherwise informed john sherriff john lavorato memo exactly sent draft form responsibility lng continues somewhat unclear however pertains global risk oversight john sherriff officially responsible notice questions please call ted,News & Media
<17219842.1075855890921.JavaMail.evans@thyme>,896,150,Afternoon,note response recent request status update sandra dial desire pursue executive mba program rice university follow discussion held sandra dial sally beck april sally indicated sandra strongly supported decision made regarding executive mba program agreed review proposal options presented sally indicated would need couple days review materials office present time sally continued follow sandra progress following day continued follow sandra provide status update monday may bryce baxter sandra supervisor received letter resignation without prior discussion sandra resignation intent result process stopped,News & Media
<11853787.1075863693625.JavaMail.evans@thyme>,2429,296,Afternoon,commercial staffing lead sally beck prc members brent price sally beck thanks charlene jackson mark frevert lon ect ect kevin hannon enron communications enron communications thomas white hou ees ees richard causey corp enron enron john sherriff lon ect ect sanjay bhatnagar david haug stanley horton corp enron enron andrew fastow hou ect ect greg whalley hou ect ect mike mcconnell hou ect ect rebecca mcdonald larry izzo james bannantine david delainey hou ect ect steven kean hou ees ees cindy olson corp enron enron jeff skilling corp enron enron joseph sutton subject names individuals prc representative commercial staffing lead per discussion executive committee meeting morning please identify representatives associate analyst prc process individual commercial staffing lead criteria individuals follows prc representatives prc associates analysts conducted like process committee selected executive committee members facilitate process office chairman believes participation associate analyst prc platform exposure election next level organization consequently associate prc representatives vice presidents promotion track analyst representatives directors promotion track vice president commercial staffing leads need assistance determine accurate hiring targets ensure talent attract valued utilized meaningfully office chairman ultimately holding ceo accountable working program staffing coordinators staff talent determine hiring goals ceo may delegate responsibility highly respected interested senior commercial person responsibility delegated representative please provide names end day tomorrow thanks responded charlene,Energy Trading
<28416630.1075855894607.JavaMail.evans@thyme>,1706,301,Morning,ted sally blocked lunch thursday need change time instead meeting must attend scheduled sally says would great tim pick front time cell phone number make reservations irma also talked cathy mike mcconnell office lunch june unfortunately korea time per cathy making overseas trips month korea brazil japan quite busy say keep trying patti jacobs ted tjacobs edu patti thompson patti thompson enron com rasnic timothy trasnic edu subject reschedule lunch another day patti ahead schedule lunch thursday june trying reschedule thursday lunch wednesday tim rasnic penney leadership program able going houston day also needs visit sally upcoming fall events enron hoping rearrange schedule joining know houston june reschedule sally available dates please check calendar let know let know next thursday soon find thanks efforts coordinating ted jacobs director energy management university oklahoma west brooks room norman fax mail tjacobs edu website www edu business,HR & Internal
<33164230.1075855896237.JavaMail.evans@thyme>,3357,300,Afternoon,ena good turn training week attendance thanks encouraging everyone attend important training cindy lorna ervin andrew lawrence corp enron enron jeannie grimes corp enron enron eric grest corp enron enron kathy kokas corp enron enron steve jandrell corp enron enron lisa petruszka corp enron enron margaret wysatta corp enron enron brian schnauber corp enron enron todd peikert corp enron enron diane eckels enron enron michael sullivan corp enron enron greg lewis gpgfin enron enron cynthia morrow corp enron enron shelly stubbs corp enron enron chor lim goh corp enron enron daler wade hou ees ees donnis traylor hou ees ees bobby mahendra hou ees ees patrick cagney hou ees ees jill erwin hou ect ect joseph franz corp enron enron denise poston hou ees ees debbie yates gpgfin enron enron merlyn fance gco enron enron andrea yowman corp enron enron melissa becker corp enron enron greek rice corp enron enron greg nikkel corp enron enron howard selzer corp enron enron kent castleman enron enron richard causey corp enron enron rod hayslett fgt enron enron bob butts gpgfin enron enron chris morton corp enron enron cindy olson corp enron enron bob sparger corp enron enron cynthia barrow corp enron enron david dell corp enron enron ron harman corp enron enron sheila knudsen corp enron enron sherry lessner corp enron enron charlene jackson corp enron enron robert jones corp enron enron mary joyce corp enron enron dave schafer ots enron enron miguel padron enron enron gerry chatham corp enron enron kevin hughes hou ees ees wade stubblefield hou ees ees biren kumar hou ees ees ray bennett hou ees ees wes colwell hou ect ect beth apollo lon ect ect fernley dyson lon ect ect brad coleman hou ect ect cindy skinner hou ect ect kathryn mclean hou ect ect drew lynch hou ect ect david oxley hou ect ect cassandra schultz jeffrey sommers keith marlow carol howes willie williams janie bonnard ranendra sengupta scott gilchrist mary ellen coombe houston eott eott richard amabile corp enron enron kevin sweeney hou ect ect mary perkins hou ect ect bob ellis corp enron enron mike fink corp enron enron subject sap training statistics attendance today dashboard statistics classes business units participated today training ena corp gpg ena projected attended attendance gpg projected attended attendance corp projected attended attendance statistics week classes ena projected attended attendance gpg projected attended attendance corp projected attended attendance ees projected attended attendance please review attachment details week statistics,HR & Internal
<25106097.1075855907319.JavaMail.evans@thyme>,923,163,Morning,lunch probably work time frame vacation monday tuesday lunch standing risk forum meeting wednesday office lunch hour school function one daughters check ted murphy tuesday risk forum meeting occassionally meeting cancelled get back touch tuesday lunch open would amita like meet another time days possibility could early dinner tuesday evening work amita schedule sally leah rijo sally beck hou ect ect subject lunch amita gosalia sally amita pcg london visiting offices next monday wednesday would like meet lunch available time three days many thanks leah pcg london,HR & Internal
<12248420.1075855907363.JavaMail.evans@thyme>,436,67,Afternoon,mary sally says okay patti mary solmonson sally beck hou ect ect lisa cousino hou ect ect subject team leadership coaching mary gosnell mary gosnell performing well new role manager would like offer mary coaching sessions team leadership develop presence language skills dealing management personnel problems,HR & Internal
<6033591.1075855751193.JavaMail.evans@thyme>,1168,171,Night,esource presents lexis nexis training advanced session cover advanced searching tips also cover using smart indexing narrow search results find customize desktop easier searching attend lexis nexis advanced clinic may public records lexis nexis premier provider public record information learn materials available including secretary state filings dba ucc filings bankruptcies property records due diligence companies especially smaller ones session want attend attend lexis nexis public records clinic may noon seats fill fast reserve seat please call stephanie taylor cost per person shows charged please bring lexis nexis login password one guest provided check esource training page http esource enron com training doc additional training sessions vendor presentations http esource enron com,HR & Internal
<27955867.1075855751947.JavaMail.evans@thyme>,761,119,Night,organization announcement correction apologize confusion inconvenience mistake caused indicated kenneth lovejoy would supporting ees correct ken supporting oec corrected announcement provided pleasure announce kenneth lovejoy joined enron corp asset operations reporting directly donnie willmann support central america caribbean oec ken year experience environmental health safety oil gas industry working enron since extensive international experience excited ken team please welcome ken new role henry van,Financial & Accounting
<17775962.1075855752827.JavaMail.evans@thyme>,1024,171,Afternoon,critical migration information scheduled outlook migration date evening may need press save data button send pre migration information must connected network press button pop box appears prompting abort cancel trust signer please select trust signer information add personal address book journal calendar click button need manually added outlook migrated clicking button complete migration outlook migration completed evening migration date failure click button means get calendar contacts journal todo information imported outlook day migration could result week delay restore information encounter errors please contact resolution center,News & Media
<10806208.1075855753645.JavaMail.evans@thyme>,1168,171,Night,esource presents lexis nexis training advanced session cover advanced searching tips also cover using smart indexing narrow search results find customize desktop easier searching attend lexis nexis advanced clinic may public records lexis nexis premier provider public record information learn materials available including secretary state filings dba ucc filings bankruptcies property records due diligence companies especially smaller ones session want attend attend lexis nexis public records clinic may noon seats fill fast reserve seat please call stephanie taylor cost per person shows charged please bring lexis nexis login password one guest provided check esource training page http esource enron com training doc additional training sessions vendor presentations http esource enron com,HR & Internal
<6629013.1075855754100.JavaMail.evans@thyme>,1153,191,Evening,ever wonder sports drink like gatorade work much exercise much want bulk muscles creatine safe weight gaining powders work diet pills join joel bloom enron espeak tuesday march answer questions many http ethink enron com bloom associate professor department health human performance university houston joel specializes biomechanics sports medicine aquatic therapy strong advocate bringing back physical activity public schools texas commission bicycle safety also published several books numerous articles sports performance exercise biomechanics injury prevention training programs bloom talk sports drinks water truths myths stretching truths myths myths abdominal exercises supplements risks benefits food label reading fact fiction breakfast breakfast join tuesday march espeak,HR & Internal
<7716574.1075855754726.JavaMail.evans@thyme>,893,143,Night,several opportunities next days see taped interview jeff skilling players segment business unusual program captures insights world prominent corporate leaders business unusual appear cnn networks select regions around globe jeff discuss enron destined world leading company developing culture rewards change principles loose tight organization broadcast schedule cnn saturday may pacific standard time sunday may central standard time cnnfn monday friday may central standard time cnn international europe saturday may cet sunday may cet asia saturday may latin america saturday may sunday may,HR & Internal
<12248400.1075855755249.JavaMail.evans@thyme>,1024,171,Afternoon,critical migration information scheduled outlook migration date evening may need press save data button send pre migration information must connected network press button pop box appears prompting abort cancel trust signer please select trust signer information add personal address book journal calendar click button need manually added outlook migrated clicking button complete migration outlook migration completed evening migration date failure click button means get calendar contacts journal todo information imported outlook day migration could result week delay restore information encounter errors please contact resolution center,News & Media
<20979620.1075855755447.JavaMail.evans@thyme>,547,81,Morning,enron process negotiating contract dow jones interactive need know currently accessing data near future cost associated information currently listed license please click link let know need continued access service http nahou corp enron com inquisite dji dji html thank market data sonya johnson enron networks market data analyst sonya johnson enron com,Legal & Regulatory
<25696867.1075855755807.JavaMail.evans@thyme>,1024,171,Afternoon,critical migration information scheduled outlook migration date evening may need press save data button send pre migration information must connected network press button pop box appears prompting abort cancel trust signer please select trust signer information add personal address book journal calendar click button need manually added outlook migrated clicking button complete migration outlook migration completed evening migration date failure click button means get calendar contacts journal todo information imported outlook day migration could result week delay restore information encounter errors please contact resolution center,News & Media
<11196948.1075855757026.JavaMail.evans@thyme>,994,171,Evening,participate national fitness week espeak tuesday may houston time join joel bloom associate professor health human performance university houston ask bloom topics difference sports drinks water myths abdominal exercise breakfast breakfast much remember participate live event get questions answered espeak post questions bloom espeak archive later read transcript find answer check new postings office chairman category emeet add thoughts ongoing discussions visit emeet today know hollow core fiber would like know stop idea vault thinkbank find catching ethink enron com,HR & Internal
<88180.1075863689140.JavaMail.evans@thyme>,617,65,Afternoon,dan salter dsalter hgp inc com please respond dan salter dsalter hgp inc com rogers herndon rogers herndon enron com rika imai rika imai enron com lloyd lloyd enron com kevin presto kevin presto enron com harry aurora harora enron com fletch sturm fsturm enron com dana davis mark dana davis enron com doug gilbert smith doug gilbert smith enron com subject month rolling forecast attached two files week nuclear four month rolling forecast dan update doc update xls,News & Media
<4604338.1075853071209.JavaMail.evans@thyme>,523,58,Evening,ava garcia lynn blair enron enron richard hanagriff enron enron steven january enron enron lohman enron sue neville enron lynn blair enron enron kimberly watson enron rick dietz enron enron subject imbalance mtg imbalance management meeting scheduled thursday may conference room please let know able attend thanks ava,HR & Internal
<31498927.1075853071305.JavaMail.evans@thyme>,1346,191,Night,amy mulligan lynn blair enron enron albert hernandez enron enron enron com cynthia rivers enron enron tracy minter enron enron linda ward enron enron beverly miller enron enron christine mcevoy enron enron subject transwestern invoicing attached spreadsheet elizabeth put together february invoicing get idea categories number invoices categories elizabeth checks redistributed void invoices two invoices month msr check marketing communicate additional invoices need voided delete line items also checked msr new contracts exceptions need explained marketing corresponding msr customer volume adjust also exceptional contracts msr check exceptions marketing explain exceptions new contracts corresponding msr customer make volume msr adjust reservation invoices change credit commodity due make msr adjust rate marketing regenerate invoice msr start checking may accounting team,Financial & Accounting
<23681474.1075856121731.JavaMail.evans@thyme>,761,119,Night,organization announcement correction apologize confusion inconvenience mistake caused indicated kenneth lovejoy would supporting ees correct ken supporting oec corrected announcement provided pleasure announce kenneth lovejoy joined enron corp asset operations reporting directly donnie willmann support central america caribbean oec ken year experience environmental health safety oil gas industry working enron since extensive international experience excited ken team please welcome ken new role henry van,Financial & Accounting
<32321016.1075845087117.JavaMail.evans@thyme>,474,79,Morning,enrononline passes one million transactions woohoo also issue enron com fabulously new improved enron likes bush new energy policy california update going french wholesale market learn caps ones wear course frank gehry enron common jeff leads dangerous time latest ebiz home enron com click publications click ebiz ebiz may,Energy Trading
<589095.1075845087419.JavaMail.evans@thyme>,641,108,Afternoon,attached revised credit watch listing week please note paralan company sgl carbon llc added credit watch list also southstar energy services llc moved trades personnel group included distribution please insure receive copy report add additional people distribution report sent error please contact veronica espinoza questions please contact jason williams russell diamond veronica espinoza,News & Media
<28227930.1075845087543.JavaMail.evans@thyme>,3519,455,Night,may may scheduled system outages ardmore data center facility operations scheduled outages azurix scheduled outages data center facility operations scheduled outages edi server scheduled outages enron center south data center facility operations scheduled outages enron north american lans scheduled outages field services scheduled outages internet see original report messaging see original report market data see original report scheduled outages scheduled outages systems also see original report impact corp time sat thru sun sat thru sat sat london thru sun london outage board replacement deathstar chewbacca skywalker environments impacted erms tagg purpose replace center plane support board bad part due power outage last week backout leave old board defective sensor stop systems working restart old condition contact malcolm wells impact corp time sun thru sun sun thru sun sun london thru mon london outage moneypenny update production environments impacted corp purpose releasing new code production backout roll code back contact brent tiner sitara see original report sun oss system scheduled outages telephony scheduled outages terminal server scheduled outages unify see original report scheduled system outages australia impact corp time sat may sydney thru sat may sydney sat may gmt london thru sat may gmt london fri houston thru sun houston fri portland thru sat portland outage sydney ups test service environments impacted corp sydney systems purpose original ups needs testing service require server room powered allow maintenance backout plug equipment unconditioned power contact colin wood elliott katz assistance enron resolution center specific help information risk management sap isc unify call pager sitara call pager rus gops geotools aprs pager oss tarp pager cpr pager edi support pager ees help desk,Energy Trading
<29541593.1075845086794.JavaMail.evans@thyme>,924,150,Morning,applied finance may june cost objective program teach deal rather give better understanding basic financial principals contribute structure deal also provide insight enron deals order make contribution work goes putting one together leave program understanding basic financial accounting issues relevant enron transactions basic understanding enron structures deals deal space financial principals discussed relate enron deals ability take financial principals apply enron deal please login enroll investinme website http www corptraining com index cfm company enron questions please call,Financial & Accounting
<27401368.1075856128120.JavaMail.evans@thyme>,761,119,Night,organization announcement correction apologize confusion inconvenience mistake caused indicated kenneth lovejoy would supporting ees correct ken supporting oec corrected announcement provided pleasure announce kenneth lovejoy joined enron corp asset operations reporting directly donnie willmann support central america caribbean oec ken year experience environmental health safety oil gas industry working enron since extensive international experience excited ken team please welcome ken new role henry van,Financial & Accounting
<23321873.1075851880794.JavaMail.evans@thyme>,2778,451,Afternoon,thanx george update norm would mind visiting bernacik explaining difference excavation area underground tanks removed landfarm area need write another letter requesting closure backfilling underground storage tanks george robinson larry campbell enron enron norm gonzales enron enron butch russell enron enron subject laguna station remediation called bernacik afternoon regarding several issues bernacik indicated poep formed superfund division lead fellow named rizvi rizvi contacted bernacik requested opportunity present site next semiannual sampling event event tentatively scheduled week june notify bernacik set firm date sampling bernacik asked received extension site access permit pueblo could install three additional wells indicated believe extension issued norm picked certain followed norm picked permit drilling activities scheduled week june asked bernacik request action ust removal bernacik indicated norm moreno poep responded comments request recommended closing issue bernacik said would send copy moreno letter minimum pueblo require continued monitoring change monitoring plan since already proposed continued monitoring ust area wells part facility wide groundwater monitoring program however bernacik also indicated pueblo may require one two additional monitor wells former ust area asked bernacik backfilling former ust excavation area bernacik indicated office already issued approval request close landfarm asked backfilling excavation difficulty communicating interest backfilling excavation rather closure landfarm reviewed letter bernacik regarding closure landfarm specifically address backfilling excavation believe bernacik impression office already approved backfilling excavation still want get writing may best norm visit bernacik office order better explain need,News & Media
<26400938.1075857901719.JavaMail.evans@thyme>,698,116,Afternoon,dear larry campbell received reviewed information option application based information provided approved account level options trading allows sell covered calls purchase married puts purchase calls puts trade qualified spreads sell uncovered puts sell uncovered calls please note introduction option trading allows purchase sale long options notify email strategies offered near future questions please mail customer support team support datek com call hours days week datek,Energy Trading
<25713227.1075857904218.JavaMail.evans@thyme>,2512,380,Morning,mapp oasis tonight hour dear mapp transmission providers customers wednesday may cdt mapp oasis node taken line approximately hour database maintenance time latest version oasis software installed effect mapp transmission providers new version oasis software allows specific redirect service types two new option fields added service types allow redirect account reduction two fields changed selecting transmission services provider maintenance click update transmission service allow redirect option determines whether service type appears drop box redirect transmission request template account reduction determines whether redirect request types appear query reductions services types default two new fields existing transmission services requirements upgrade capacity type entries must unique transmission provider please change capacity types unique capacity type changed mappcor staff time upgrade unique capacity type provider violated upgrade redirect transmission service types select yes allow redirect field mapp oasis test node available testing version test node accessed http oasis mapp org node effect mapp schedule customers mapp schedule transmission customers select hnf secondary service redirecting confirmed mapp schedule firm reservation non firm addition redirect confirmed mapp schedule firm reservation firm basis one following services selected fcts daily fcts weekly fcts monthly fcts seasonal fcts yearly fcts monthly month depending remaining duration please try business needs concluded prior outage apologize inconvenience may cause please contact mapp transaction coordinator questions transcoords mapp org thank advance cooperation sincerely mapp transaction coordinator transcoords mapp org,Energy Trading
<30039872.1075857904655.JavaMail.evans@thyme>,3722,326,Afternoon,message subject girls evil delivered rick pham pwcglobal com user rick pham rick pham pwcglobal com listed public name address book dtf received palm com lotus domino release esmtp thu may received aloe pwcglobal com aloe com palm com pmdf esmtp palm com rick pham pwcglobal com thu may edt received aloe pwcglobal com thu may edt received enron com aloe com via smap thu may received mailman enron com mailman enron com postmaster enron com esmtp rick pham pwcglobal com thu may cdt received corp enron com nahou corp enron com mailman enron com corp esmtp rick pham pwcglobal com thu may cdt received ene enron com unverified corp enron com content technologies smtprs esmtp corp enron com thu may date thu may larry campbell enron com subject girls evil larnold enron com corry bentley enron com epenergy com tim carter enron com kayne coulter enron com lfinnels enron com mfleming enron com jgalura enron com patrick hanse enron com john kinser enron com matt lorenz enron com brad morse enron com joanie ngo enron com tracy ngo enron com snguyen totalsafetyinc com olenger pannell enron com rring enron com larry valderrama enron com hotmail com jmjong paiplaw com rick pham pwcglobal com hotmail com liaury ucarb com bvanderh enron com dmw mailandnews com jbarker enron com robertmun hotmail com mreese enron com tmurphy enron com perrygas com enron net louie truong enron com jguerra enron com kvanpelt flash net hotmail com lisa burnett enron com message enron com mime version mailer lotus notes release march mimetrack serialize router ene enron release december itemize smtp server intl release december serialize router intl release december content type multipart mixed boundary content disposition inline baughman ect kayne coulter hou ect ect john kinser hou ect ect patrick hanse hou ect ect rudy acevedo hou ect ect larry jester corp enron enron juan hernandez corp enron enron joe errigo corp enron enron dean laurent hou ect ect doug miller corp enron enron chad starnes corp enron enron joe stepenovitch corp enron enron larry campbell enron enron christopher watts enron enron juan padron enron enron steve olinde corp enron enron mauricio trejo enron enronxgate benjamin rogers hou ect ect dustin collins hou ect ect narsimha misra enron enron subject girls evil see attached file girlsevil jpg girlsevil jpg,News & Media
<16641837.1075857904766.JavaMail.evans@thyme>,3053,471,Afternoon,pmorrison nyiso com writes discussion list dear market participants nyiso pleased inform following enhancements mis oasis bas implemented may changes made market information system mis make hour curtailment prioritization transactions consistent bme scheduling process specific changes made nerc ranked ordering addition message icap recall exclusion federal contracts icap transactions recalled inclusion exports lbmp reference bus icap transactions also transaction external source decremental dollar longer calculated please see technical bulletin information regarding transaction curtailments http www nyiso com services documents techbulletins index html changes also made mis remove bias day ahead external transactions new data posted nyiso oasis web site enhance presentation real time data elements added web site include zonal real time minute load values zonal forecast load values consistent resolution passed business issues committee bic zones combined shared activation reserves sar package real time system enhanced accommodate support hydro quebec wheel transactions nyiso day ahead price responsive load program implemented mis billing accounting bas systems day ahead price responsive load program offers nyiso customers ability supply bid mis indicating cost reduce demand specified number mws program make use existing bidding scheduling web pages upload download templates however must register program contact customer relations representative details documents containing instructions details issued soon changes billing accounting system bas incorporate changes daily advisory statements provide additional columns information power suppliers section advisory also new csv reports provided give detailed load information static sub zone definition information provided soon software tool filter new data provided market participants whose automated data retrieval systems prepared receive revised daily advisory statement change swhe kkir vlee rdey dcuk notice nyiso systems behave intended scheduled implementation date please let know immediately helpful refer notice communicate changes thank customer relations phone,Financial & Accounting
<15435376.1075857904902.JavaMail.evans@thyme>,668,103,Evening,larry campbell pep system closes friday may records indicate selected reviewers please suggest list reviewers quickly possible feedback process cannot begin list reviewers reviewed approved supervisor suggest reviewers access pep http pep enron com select suggest reviewers main menu questions regarding prc process pep system please contact pep help desk houston option email perfmgmt enron com london option email pep enquiries enron com,Energy Trading
<5921617.1075857905116.JavaMail.evans@thyme>,1634,293,Morning,barkerde nmenergy com writes discussion list reading pete update mis changes effect may tried phone route nyiso found live person answer question regarding day ahead adder removal adder supposed conjunction proposal passed bic back sept external proxy busses would clear bme instead lbmp subsquently determined due soft ware limitations study long term prices indicated bme clearing prices would big uplift impact since bme averaged higher lbmp answer automate congestion proxy bus effected would clear bme effect eliminating need adder soooo question automated going place may another thought along lines removal adder non constrained proxy busses pose problem want dam schedules bumped ham schedules simply babysitting schedules changing ham bids sufficent since roll fact according tech bull still changing export sink price caps dec bid spite fact bic back sept passed motion change dec bid would equal magnitude opposite sign spc bid wrong tech bull please pick one must pertain narrow question,Energy Trading
<8610180.1075857906532.JavaMail.evans@thyme>,517,75,Morning,dear scheduling pricing working group members meeting scheduling pricing working group scheduled thursday may marriott hotel wolf road albany agenda item meeting discussion balanced sanctions proposal teleconferencing information follows dial number participant code regards monica ryan taber see attached file marriott pdf marriott pdf,HR & Internal
<1739700.1075851886732.JavaMail.evans@thyme>,1149,183,Morning,sending notification department seek solution halting stopping inappropriate mail materials receiving requested louis soldano enron attorney gas pipeline group apprise situation content materials received consider offensive sure would also considered objectionable innappropriate standards enron corporation please advised many times difficult screen material based upon headings titles accompany contents consequently innappropriate materials opened accidently opened two mails mistake received enron warning name mailbox may audited future name placed file extremely uncomfortable future accidents occuring importantly increased frequency accessability mail box trash questionable materials would appreciate immediate attention matter thank much,Legal & Regulatory
<9478322.1075851887852.JavaMail.evans@thyme>,1729,244,Evening,michael discussing john others near future status study progress report ready review might good idea let review report make comments recommendations based upon findings glad things going well data may able apply something positive towards situation thanks getting back michael adewumi michael pnge psu edu larry campbell enron com larry campbell enron com john shafer enron com john shafer enron com william kendrick enron com william kendrick enron com rich jolly enron com rich jolly enron com randy rice enron com randy rice enron com david roensch enron com david roensch enron com louis soldano enron com louis soldano enron com michael terraso enron com michael terraso enron com subject status pcb pipeline modeling study larry sorry delayed response got back overseas trip yesterday process preparing progress report obtained additional interesting results also waiting input group may recall end houston meeting john told would getting back specific directions group believe would done major aspects pcb work soon would focusing arsenic please let know thoughts ideas thanks larry finally seeing spring maybe short one matter summer around corner best regards michael,HR & Internal
<28399936.1075857915602.JavaMail.evans@thyme>,1105,178,Evening,get ready help body shop celebrate anniversary kick national health fitness week beginning monday may ending friday may enron employees invited work body shop complimentary guest visit http hrweb enron com wellness print fill body shop anniversary guest form return body shop prior first workout week long celebration includes speech autograph session clyde drexler monday may noon spaces limited must rsvp body shop enron com friday may early morning workout houston rocket power girls thursday may starting followed breakfast autograph session body shop fuel station boot camp style class led german american foreign legion much much visit body shop website detailed calendar events additional information please mail body shop body shop enron com,Energy Trading
<10051543.1075857916380.JavaMail.evans@thyme>,515,83,Night,organization announcement pleasure announce kenneth lovejoy joined enron corp asset operations reporting directly donnie willmann support central america caribbean ees ken year experience environmental health safety oil gas industry working enron since extensive international experience excited ken team please welcome ken new role henry van,Financial & Accounting
<18864941.1075857916640.JavaMail.evans@thyme>,990,140,Night,esource presents global access training global access offers online connection complete company information filings via content includes disclosure worldscope datastream product designed allow users get complete company information financials filings databases news thousands international companies single source training agenda includes general introduction basic reference view query provides itemized list available source data basic business view query pulls source data various global access content displays presentation summary attend global access clinic may seats fill fast reserve seat please call stephanie taylor check esource training page http esource enron com training doc additional training sessions vendor presentations http esource enron com,HR & Internal
<20299033.1075857918345.JavaMail.evans@thyme>,1986,319,Morning,ddechiaro nyiso com writes discussion list credit policy working group assigned budget standards performance subcommittee address details necessary develop nyiso credit policy believe converging proposal expect drafted available nyiso staff may since bsp assigned management committee recommend credit policy full bsp needs review proposal attempt reach consensus position recommend management committee june meeting absent need able present majority minority proposals anticipation proposal available may consistent goal presenting recommendation management committee vote june meeting scheduling two bsp meetings addition may address business planning goals first meeting tuesday may starting conference room nyiso offices washington avenue extension albany encouraged participate person since nyiso staff presenting details proposal however following call number available cannot dial number participant code second meeting scheduled wednesday may starting conference room nyiso offices washington avenue extension albany finalize recommendation management committee achieve may meeting needed long however expect case person attendance preferred however following call number available number first meeting dial number participant code marty amati chair bsp subcommittee,HR & Internal
<7190005.1075857918815.JavaMail.evans@thyme>,1372,227,Night,image image image image dear valued customer unsecured centennial visa mastercard choice right based answers simple questions pre qualify online instantly visa mastercard choice receive initial credit limit able get cash advances atms worldwide get unsecured visa plus making payments time build good credit even earn credit line increases little months new unsecured centennial visa mastercard make purchases internet rent car reserve hotel room traveling even emergency source money moment notice get credit back track stop waiting pre qualify instantly online choice unsecured centennial visa mastercard today sincerely family centennial email sent marketing partner centennial bankcard bank please direct concerns email inclusion list address listed feel received message error longer wish receive news special offers click unsubscribe replies message processed image,News & Media
<30766776.1075857919073.JavaMail.evans@thyme>,3722,326,Afternoon,message subject girls evil delivered rick pham pwcglobal com user rick pham rick pham pwcglobal com listed public name address book dtf received palm com lotus domino release esmtp thu may received aloe pwcglobal com aloe com palm com pmdf esmtp palm com rick pham pwcglobal com thu may edt received aloe pwcglobal com thu may edt received enron com aloe com via smap thu may received mailman enron com mailman enron com postmaster enron com esmtp rick pham pwcglobal com thu may cdt received corp enron com nahou corp enron com mailman enron com corp esmtp rick pham pwcglobal com thu may cdt received ene enron com unverified corp enron com content technologies smtprs esmtp corp enron com thu may date thu may larry campbell enron com subject girls evil larnold enron com corry bentley enron com epenergy com tim carter enron com kayne coulter enron com lfinnels enron com mfleming enron com jgalura enron com patrick hanse enron com john kinser enron com matt lorenz enron com brad morse enron com joanie ngo enron com tracy ngo enron com snguyen totalsafetyinc com olenger pannell enron com rring enron com larry valderrama enron com hotmail com jmjong paiplaw com rick pham pwcglobal com hotmail com liaury ucarb com bvanderh enron com dmw mailandnews com jbarker enron com robertmun hotmail com mreese enron com tmurphy enron com perrygas com enron net louie truong enron com jguerra enron com kvanpelt flash net hotmail com lisa burnett enron com message enron com mime version mailer lotus notes release march mimetrack serialize router ene enron release december itemize smtp server intl release december serialize router intl release december content type multipart mixed boundary content disposition inline baughman ect kayne coulter hou ect ect john kinser hou ect ect patrick hanse hou ect ect rudy acevedo hou ect ect larry jester corp enron enron juan hernandez corp enron enron joe errigo corp enron enron dean laurent hou ect ect doug miller corp enron enron chad starnes corp enron enron joe stepenovitch corp enron enron larry campbell enron enron christopher watts enron enron juan padron enron enron steve olinde corp enron enron mauricio trejo enron enronxgate benjamin rogers hou ect ect dustin collins hou ect ect narsimha misra enron enron subject girls evil see attached file girlsevil jpg girlsevil jpg,News & Media
<4651231.1075857919555.JavaMail.evans@thyme>,538,78,Morning,dear scheduling pricing working group members meeting scheduling pricing working group scheduled tuesday may meeting held nys nurses association conference center cornell road latham teleconferencing information follows dial number participant code regards monica ryan taber see attached file nysna pdf see attached file may agenda pdf nysna pdf may agenda pdf,HR & Internal
<31342893.1075857921491.JavaMail.evans@thyme>,343,66,Night,larry know enron hiring people brother law graduated degree mis looking job summer finishing classes summer saying wanted work erp whatever means people soft whatever help please,Legal & Regulatory
<31817596.1075857922573.JavaMail.evans@thyme>,3531,458,Evening,may may scheduled system outages ardmore data center facility operations scheduled outages azurix scheduled outages data center facility operations scheduled outages edi server scheduled outages enron center south data center facility operations scheduled outages enron north american lans scheduled outages field services scheduled outages internet see original report messaging see original report market data see original report scheduled outages scheduled outages systems also see original report impact corp time sat thru sun sat thru sat sat london thru sun london outage board replacement deathstar chewbacca skywalker environments impacted erms tagg purpose replace center plane support board bad part due power outage last week backout leave old board defective sensor stop systems working restart old condition contact malcolm wells impact corp time sun thru sun sun thru sun sun london thru mon london outage moneypenny update production environments impacted corp purpose releasing new code production backout roll code back contact brent tiner sitara see original report sun oss system scheduled outages telephony scheduled outages terminal server scheduled outages unify see original report scheduled system outages australia impact corp time sat may sydney thru sat may sydney sat may gmt london thru sat may gmt london fri houston thru sun houston fri portland thru sat portland outage sydney ups test service environments impacted corp sydney systems purpose original ups needs testing service require server room powered allow maintenance backout plug equipment unconditioned power contact colin wood elliott katz assistance enron resolution center specific help information risk management sap isc unify call pager sitara call pager rus gops geotools aprs pager oss tarp pager cpr pager edi support pager ees help desk,Energy Trading
<20510212.1075857922894.JavaMail.evans@thyme>,893,143,Night,several opportunities next days see taped interview jeff skilling players segment business unusual program captures insights world prominent corporate leaders business unusual appear cnn networks select regions around globe jeff discuss enron destined world leading company developing culture rewards change principles loose tight organization broadcast schedule cnn saturday may pacific standard time sunday may central standard time cnnfn monday friday may central standard time cnn international europe saturday may cet sunday may cet asia saturday may latin america saturday may sunday may,HR & Internal
<25401201.1075857923167.JavaMail.evans@thyme>,3722,326,Afternoon,message subject girls evil delivered rick pham pwcglobal com user rick pham rick pham pwcglobal com listed public name address book dtf received palm com lotus domino release esmtp thu may received aloe pwcglobal com aloe com palm com pmdf esmtp palm com rick pham pwcglobal com thu may edt received aloe pwcglobal com thu may edt received enron com aloe com via smap thu may received mailman enron com mailman enron com postmaster enron com esmtp rick pham pwcglobal com thu may cdt received corp enron com nahou corp enron com mailman enron com corp esmtp rick pham pwcglobal com thu may cdt received ene enron com unverified corp enron com content technologies smtprs esmtp corp enron com thu may date thu may larry campbell enron com subject girls evil larnold enron com corry bentley enron com epenergy com tim carter enron com kayne coulter enron com lfinnels enron com mfleming enron com jgalura enron com patrick hanse enron com john kinser enron com matt lorenz enron com brad morse enron com joanie ngo enron com tracy ngo enron com snguyen totalsafetyinc com olenger pannell enron com rring enron com larry valderrama enron com hotmail com jmjong paiplaw com rick pham pwcglobal com hotmail com liaury ucarb com bvanderh enron com dmw mailandnews com jbarker enron com robertmun hotmail com mreese enron com tmurphy enron com perrygas com enron net louie truong enron com jguerra enron com kvanpelt flash net hotmail com lisa burnett enron com message enron com mime version mailer lotus notes release march mimetrack serialize router ene enron release december itemize smtp server intl release december serialize router intl release december content type multipart mixed boundary content disposition inline baughman ect kayne coulter hou ect ect john kinser hou ect ect patrick hanse hou ect ect rudy acevedo hou ect ect larry jester corp enron enron juan hernandez corp enron enron joe errigo corp enron enron dean laurent hou ect ect doug miller corp enron enron chad starnes corp enron enron joe stepenovitch corp enron enron larry campbell enron enron christopher watts enron enron juan padron enron enron steve olinde corp enron enron mauricio trejo enron enronxgate benjamin rogers hou ect ect dustin collins hou ect ect narsimha misra enron enron subject girls evil see attached file girlsevil jpg girlsevil jpg,News & Media
<12394652.1075857924977.JavaMail.evans@thyme>,1369,222,Morning,icap working group new york state reliability council nysrc posting message inform interested parties ability participate listen basis nysrc icap conference call scheduled may till attached word format agenda meeting nysrc opened committee subcommittee working group meetings accordance nysrc policy available nysrc web site www nysrc org policies web page wishing participate listen basis call enter participant code participants required place telephones mute prevent parties participating plan listening meeting shall send email mhogan cenhud com names individuals organizations participating attendees nysrc icap working group members alternate members given opportunity comment end meeting earlier chairman invitation questions please contact email mhogan cenhud com phone michael hogan secretary nysrc icap working group see attached file nysrc icap agenda doc nysrc icap agenda doc,HR & Internal
<7766543.1075857925285.JavaMail.evans@thyme>,568,63,Afternoon,dear market participants nyiso market monitoring performance unit providing following attachments regarding information development implementation reference prices amp sample amp letter amp data template user manual amp cost worksheet see attached file pdf see attached file doc see attached file xls regards leigh bullock nyiso market services pdf doc xls,Energy Trading
<20589431.1075857927221.JavaMail.evans@thyme>,1353,212,Morning,given growth ees become apparent time consolidate risk functions ees ews provide ees systems resources risk expertise wholesale energy groups necessary continue grow take advantage current market opportunities mind agreement management ees two new risk groups inside enron americas formed provide ees pricing structuring retail wholesale commodity risk management logistics back office services groups main function provide services ees asked rogers herndon currently vice president trading eastern power group manage function eastern interconnect includes gas power rogers continue report kevin presto asked black formerly vice president ees risk management sourcing manage function western manage group houston report tim belden groups work closely ees pursue shared goals ensuring close coordination wholesale gas power trading organizations changes effective immediately please congratulate rogers new roles john lavorato louise kitchen,Legal & Regulatory
<16975563.1075851919183.JavaMail.evans@thyme>,2778,451,Afternoon,thanx george update norm would mind visiting bernacik explaining difference excavation area underground tanks removed landfarm area need write another letter requesting closure backfilling underground storage tanks george robinson larry campbell enron enron norm gonzales enron enron butch russell enron enron subject laguna station remediation called bernacik afternoon regarding several issues bernacik indicated poep formed superfund division lead fellow named rizvi rizvi contacted bernacik requested opportunity present site next semiannual sampling event event tentatively scheduled week june notify bernacik set firm date sampling bernacik asked received extension site access permit pueblo could install three additional wells indicated believe extension issued norm picked certain followed norm picked permit drilling activities scheduled week june asked bernacik request action ust removal bernacik indicated norm moreno poep responded comments request recommended closing issue bernacik said would send copy moreno letter minimum pueblo require continued monitoring change monitoring plan since already proposed continued monitoring ust area wells part facility wide groundwater monitoring program however bernacik also indicated pueblo may require one two additional monitor wells former ust area asked bernacik backfilling former ust excavation area bernacik indicated office already issued approval request close landfarm asked backfilling excavation difficulty communicating interest backfilling excavation rather closure landfarm reviewed letter bernacik regarding closure landfarm specifically address backfilling excavation believe bernacik impression office already approved backfilling excavation still want get writing may best norm visit bernacik office order better explain need,News & Media
<30971785.1075860483048.JavaMail.evans@thyme>,1275,202,Morning,twanda would please print also attachment notes thanks mhc jane allen michelle cash hou ect ect subject green card prepared attached forwarded drew lynch meeting today understanding agrees attached move forward payback letter assist thanks jane enron north america corp jane allen michelle cash hou ect ect subject green card agree still policy place need develop mechanism charging green cards well assist drafting something get individuals sign currently process thanks jane michelle cash jane allen hou ect ect subject green card jane green card task force alive discussed payback provision person left within two years receiving green card voluntarily done think talk given time energy resources funds etc expended getting person green card michelle,HR & Internal
<13625745.1075853129428.JavaMail.evans@thyme>,577,66,Night,michelle cash enron north america corp smith street houston texas michelle cash enron com message may contain confidential information protected attorney client work product privileges valeria hope michelle cash hou ect ect subject fmla certification attached enron fmla certification form revised dol document include enron logo,Legal & Regulatory
<17654474.1075860497177.JavaMail.evans@thyme>,1275,202,Morning,twanda would please print also attachment notes thanks mhc jane allen michelle cash hou ect ect subject green card prepared attached forwarded drew lynch meeting today understanding agrees attached move forward payback letter assist thanks jane enron north america corp jane allen michelle cash hou ect ect subject green card agree still policy place need develop mechanism charging green cards well assist drafting something get individuals sign currently process thanks jane michelle cash jane allen hou ect ect subject green card jane green card task force alive discussed payback provision person left within two years receiving green card voluntarily done think talk given time energy resources funds etc expended getting person green card michelle,HR & Internal
<19257644.1075840060050.JavaMail.evans@thyme>,490,83,Night,dear traders meeting switched cascade conference room regular weekly enpower meeting wednesday cascade conference room unless otherwise notified conference room time change please make plans attendance pertinent updates meeting last minutes please let know advance forward information thanks see virginia,HR & Internal
<13014156.1075843457499.JavaMail.evans@thyme>,1489,231,Afternoon,western government affairs weekly schedules week april may paul kaufman mon portland office tue portland office wed republican governors conference thur san jose republican governors conference fri san francisco office california leadership western states meeting sue mara mon san francisco office morning kid duty work home half day tue kid duty work home wed san francisco office thur drive son field trip work home fri san francisco office california leadership western states meeting jeff dasovich mon travel houston tue houston wed travel sacramento thur sacramento fri san francisco office california leadership western states meeting sandi mccubbin mon sacramento tue sacramento wed sacramento thur sacramento san francisco tbd fri san francisco office california leadership western states meeting mona petrochko mon san francisco office tue san francisco office wed san francisco office thur san francisco office fri san francisco office alan comnes mon portland office tue portland office wed portland office thur portland office fri portland office,HR & Internal
<25720023.1075843457979.JavaMail.evans@thyme>,704,77,Afternoon,fyi attached ferc order rate caps legislative subcommittee tasked reviewing order preparing position subcommittee provide feedback committee effect standardandpoors com brbarkovich earthlink net subject ferc order date thu apr message eagle mime version content type multipart mixed boundary mailer microsoft outlook imo build mimeole produced microsoft mimeole mozilla see attached file doc doc,Legal & Regulatory
<24589455.1075843462937.JavaMail.evans@thyme>,1111,154,Afternoon,fyi costigan richard richard costigan asm gov jeff dasovich enron com jeff dasovich enron com kenneth lay enron com kenneth lay enron com subject california energy crisis timeline energy crisis timeline doc good afternoon added mail distribution list form assembly republican leader dave cox office timeline one many documents produced assembly republican caucus daily documents include daily agendas daily energy briefing document forward today copies questions result meeting john campbell please hesitate wither contact campbell cox office behalf cox please accept apologies reschedule meeting due session questions please hesitate contact thank richard richard costigan iii chief staff office assembly republican leader california state assembly phone energy crisis timeline doc,HR & Internal
<5513740.1075843466978.JavaMail.evans@thyme>,919,126,Afternoon,energy committee members fyi per peter evans may prices delivery california oregon border cob may spot mwh peak peak june delivery july delivery august delivery source www energyonline com dow jones cob index nymex cob futures quotes may may california energy market hourly prices last traded hour ending mwh source www apx com apx california energy market historical hourly prices may note mwh cent kwh,Energy Trading
<29172550.1075843467449.JavaMail.evans@thyme>,1464,239,Evening,sources report bond authorization put vote today bridge loan financing bill put vote today california assembly republicans currently caucus pst floor vote current situation fluid sources indicate bill would pass simple majority vote lacking two thirds needed immediate bond issuance case bill would take effect days state would forced abandon proposed bridge loan plans absent last minute financial rescues davis new longer bridge loan package unlikely socal could seek voluntary bankruptcy main problem would waiting period financial relief state transmission line purchase assistance outside chance republican defectors could precipitate current caucus extreme pressure republicans davis angelides bill failed due lack republican support would provide davis opportunity blame republicans going expenditures day power purchases possible bankruptcy socal last republican gave support democratic bill representative bill campbell lost job sources also confirm democrats met republicans bond issuance since last week,Energy Trading
<26643663.1075843471285.JavaMail.evans@thyme>,391,60,Afternoon,budget brief may doc good afternoon attached weekly budget brief produced assemblyman george runner assembly republican fiscal staff questions please hesitate call rsc richard costigan iii chief staff office assembly republican leader california state assembly phone budget brief may doc,HR & Internal
<30129626.1075843473869.JavaMail.evans@thyme>,2300,361,Afternoon,delete graduating semester john morel asked take minutes report placement information beartracks know busy really really important information number reasons information critical often asked data prospective students want know mba program worth data able present critical marketing efforts often report information survey administrators bus week etc plug methodologies information skewed information people reported data places risk rankings please take minutes report placement information beartracks copied john morel mail many thanks diane promoted transferred new position found new job new company evening students requested post salary information new evemba placement page beartracks please take two minutes report placement information transfer promotion salary information want provide evening students salary information relevant level professional unique evemba information value leverage new knowledge current position well going promotion transfer conducting salary negotiations new position information gathered strictly confidential salary reports reflect aggregate data protect confidentiality get beartracks link http web haas berkeley edu intranet use student password word password easy problems logging contact jocelyn newman newman haas would like capture placement transfer promotion activity may report covers timeframe present look placement data reports generated fulltime program http www haas berkeley edu careercenter html behalf current students evemba alumni new evemba graduates thank,News & Media
<25544930.1075843478212.JavaMail.evans@thyme>,396,62,Evening,attached comments enron energy services proposed alternate decisions issued may comments served parties electronically today may filed formally commission docket office tomorrow may doc jeanne bennett counsel enron energy services inc doc,Legal & Regulatory
<31340541.1075843478317.JavaMail.evans@thyme>,1270,193,Morning,looks good jim jeff dasovich sent jeff dasovich james steffes enron enron robert neustaedter kortney brown enron enronxgate jeffrey soo enron enronxgate michael tribolet enron enronxgate subject concept core noncore analysis apologize trying lock computer crunch seem get control schedule wanted lay core noncore model pitched cma showed keen interest morning see page perhaps analysis already working split takes place either core noncore responsible dwr past purchases spread years core keep iou gen qfs dwr contracts would eliminate short core noncore return giving lucrative iou gen effectively accepts short position goes market get sacked dwr going forward costs forward costs defined power costs attributable post core noncore transition date let know tracks headed thanks best jeff,Energy Trading
<13215490.1075843480824.JavaMail.evans@thyme>,2339,341,Morning,great thanks intended sure include karen stuff pull together today karen anything else need coordinate best jeff janel guerrero james steffes enron enron karen denne corp enron enron jeff dasovich enron enron jennifer thome enron enron subject info jeff since karen marathon leading ceo outreach efforts date think efficient ceo related efforts coordinated karen marathon please use karen point person thanks james steffes jeff dasovich enron enron jennifer thome enron enron janel guerrero corp enron enron subject info jeff would recommend needed use jennifer help jim steven kean jeff dasovich enron enron sandra mccubbin enron enron paul kaufman enron enronxgate james steffes enron enron richard shapiro enron enron susan mara enron enron subject ken lay spoke several california ceos morning urged get personally involved pushing comprehensive set reforms three expressed willingness help scott mcnealy sun contact person piper cole piper cole sun com scott mcnealy engeng sun com mcnealy wants close business today cheat sheet talking points use politicians elements solution expected comeback may hear political leaders response comeback says spent time working issues sacremento may also want include list suggested contacts kevin sharer amgen contact person sarah jensen engineering operations ksharer amgen com sharer wants information mcnealy mcnealy indicated willingness call meeting california ceos sharer also breakfast hertzberg one week today robert day trust west said close mayor los angeles urged ken call mayor mentioning day ken would like talking points call jeff please put items together,HR & Internal
<32580343.1075843486228.JavaMail.evans@thyme>,3212,360,Evening,fyi best jeff scott govenar sgovenar govadv com hedy govenar hgovenar govadv com mike day mday gmssr com bev hansen bhansen lhom com jeff dasovich jdasovic enron com susan mara smara enron com paul kaufman paul kaufman enron com michael mcdonald michael mcdonald enron com sandra mccubbin sandra mccubbin enron com rick shapiro rshapiro enron com jim steffes james steffes enron com alan comnes acomnes enron com steven kean steven kean enron com karen denne kdenne enron com harry kingerski enron com harry kingerski enron com mike smith enron com leslie lawner leslie lawner enron com robert frank rfrank enron com ken smith ken kdscommunications com janel guerrero janel guerrero enron com miyung buster miyung buster enron com jennifer thome jennifer thome enron com eric letke eletke enron com mary schoen mary schoen enron com david leboe david leboe enron com subject nymex following previous mail mark seetin nymex sent attached request help california manufacturers technology association wspa nymex proposed direct access amendments currently pending congress received qmail invoked uid may received unidial com quiknet com smtp may received markseetin pool dlls grid net unidial com smtp mon may edt mark seetin unidial com randy poole rdp scwa gov michael kahl mikahl pow com dorothy rothrock drothrock cmta net jack stewart jstewart cmta net chuck cole ccole advocation inc com scott govenar sgovenar govadv com subject urgent need contact california congress members support open access amendment addresses attached date mon may message oiejjajcpeldhoolfdlgeedhccaa unidial com mime version content type multipart mixed boundary priority normal msmail priority normal mailer microsoft outlook imo build mimeole produced microsoft mimeole importance normal mozilla california businesses chance avoid forced endure unbelievable rate increases cpuc plan must direct access subcommittee chairman barton told supports several california congressmen considering introducing amendment friday full committee markup please contact members radanovich ose lewis cox shadegg arizona expressed positive interest none given firm committment necessary introduce amendment use telephone fax mail method convince members push hard contact questions mark seetin,Energy Trading
<32405669.1075843490183.JavaMail.evans@thyme>,2375,194,Afternoon,sue mara enron corp tel fax chris micheli cmicheli carpentersnodgrass com susan mccabe smccabe mccabeandcompany net sue mara smara enron com steven kelley steven iepa com steve ponder fpl com stephanie newell stephanie newell reliantenergy com scott sadler sadlersa earthlink net scott govenar sgovenar govadv com sandi mccubbin smccubbi enron com ron tom rtom govadv com roger pelote roger pelote williams com robert ross robbiz cwo com rina venturini rventurini teamgsi net richard hyde rwhyde duke energy com rachel king rachel king elpaso com phil isenberg isenberg hmot com mike monagan mrmonagan aol com maureen haren oharen hmot com marie moretti mmoretti mccabeandcompany net lynn lednicky lale dynegy com kent palmerton kent palmerton williams com katie kaplan kaplan iepa com kassandra gough kgough calpine com julee ball jmball net john stout reliantenergy com john larrea john larrea williams com joe ronan joer calpine com jeff dasovich jeff dasovich enron com jean munoz jmunoz mcnallytemple com jan smutny jones smutny iepa com jack pigott jackp calpine com hedy govenar hgovenar govadv com greg blue gtbl dynegy com delaney hunter dhunter com chuck cole ccole advocation inc com bev hansen bhansen lhom com anne kelly kelly hnks com andy brown abb eslawfirm com john norwood janorwood norped com pete conaty pcaceo pacbell net matt kilroy matt kilroy pge corp com cary rudman cjrudman softcom net carolyn mcintyre cmcintyre sempra com barbara levake blevake syix com paula soos psoos covantaenergy com pat pape ppape calpine com mohammed alrai mohammeda calpine com kent robertson kentr calpine com katherine potter katherip calpine com juan rodriguez juanr calpine com eileen koch eileenk calpine com bill highlander highlander calpine com aymee ramos aymeer calpine com subject edison deal sets high legislative hurdle davis http www latimes com news state html edison deal sets high legislative hurdle davis url,News & Media
<13487071.1075843491020.JavaMail.evans@thyme>,1871,122,Evening,scott govenar sgovenar govadv com hedy govenar hgovenar govadv com mike day mday gmssr com bev hansen bhansen lhom com jeff dasovich jdasovic enron com susan mara smara enron com paul kaufman paul kaufman enron com michael mcdonald michael mcdonald enron com sandra mccubbin sandra mccubbin enron com rick shapiro rshapiro enron com jim steffes james steffes enron com alan comnes acomnes enron com steven kean steven kean enron com karen denne kdenne enron com harry kingerski enron com harry kingerski enron com mike smith enron com leslie lawner leslie lawner enron com robert frank rfrank enron com ken smith ken kdscommunications com janel guerrero janel guerrero enron com miyung buster miyung buster enron com jennifer thome jennifer thome enron com eric letke eletke enron com mary schoen mary schoen enron com david leboe david leboe enron com subject ferc republicans attached please find following press releases governor davis governor davis wrote letter ferc regarding qfs http www governor gov state govsite jsp galkllhdjdebemfcfkmchcng scattitle pre release sfilepath govsite html stitle governor davis sends letter ferc ioid governor davis blames republicans moodys downgrade http www governor gov state govsite jsp galkllhdjdebemfcfkmchcng scattitle pre release sfilepath govsite html stitle gop obstruction leads california downgrad ioid,Legal & Regulatory
<14607056.1075843497007.JavaMail.evans@thyme>,417,66,Evening,cameron definately work could certainly come help let agree tidying order starting look overgrown unused anything help let break news cameron get back get free download msn explorer http explorer msn com,News & Media
<1041532.1075843498828.JavaMail.evans@thyme>,1728,237,Morning,daily agenda thursday may today events sacramento gov gray davis holds news conference respond president bush energy plan capitol room contact sacramento assemblyman juan vargas discusses legislation would prevent utilities disconnecting power many senior citizens capitol room contact wendy harmon news sacbee hardy reinstitutes affirmative action http www sacbee com news news html sacbee weintraub http www sacbee com voices news html times tamaki governor budget may shortfall http www latimes com news state html chronicle lucas lao budget shortfall predicted http www sfgate com cgi bin article cgi dtl committee open issues budget subcommittee health human services upon call chair room tba open issues budget subcommittee education finance upon call chair room tba open issues budget subcommittee resources upon call chair room tba open issues budget subcommittee state administration upon call chair room tba open issues budget subcommittee information technology transportation upon call chair room tba today floor assembly session squawk box assembly senate session squawk box senate richard costigan iii chief staff office assembly republican leader california state assembly phone,Financial & Accounting
<32699574.1075843502157.JavaMail.evans@thyme>,959,108,Afternoon,minutes ago sent summary recommendations national energy policy actual report date thu may charles ingebretson cingebretson bracepatt com dan watkiss dwatkiss bracepatt com bethune ebethune bracepatt com gene godley ggodley bracepatt com jim chapman jchapman bracepatt com marc hebert mhebert bracepatt com michael pate mpate bracepatt com marc racicot mracicot bracepatt com michael stroud mstroud bracepatt com paul fox pfox bracepatt com scott segal ssegal bracepatt com tracey bradley tbradley bracepatt com subject energy policy report mime version content type multipart mixed boundary attached pdf copy full white house energy policy report still working obtain hard copies gpo let know questions pdf,News & Media
<15428762.1075843512301.JavaMail.evans@thyme>,753,127,Afternoon,thanks tip made change miss much call people scratching heads wondering precisely commission expecting get proceeding talked focus comments making sure important elements comprehensive settlement discussed possible exception ora think got original contingent intact represented tomorrow meeting mark giving little presentation please feel free pitch help mark commission others audience start taking shots look forward hearing guys good luck regards jeff,HR & Internal
<26105538.1075843523927.JavaMail.evans@thyme>,1763,211,Afternoon,christi think two suggested solutions environmental implications probably doable issue retrofitting burning fuel oil going fact fuel oil greater emissions thus offsets needed repowering increasing efficiency existing generation believe addressed signed sbx christi nicolay ect jennifer thome enron enron rebecca cantrell hou ect ect james steffes enron enron ban sharma enron jeff dasovich enron enron joe hartsoe corp enron enron ray alvarez enron enron nancy bagot ots enron enron janel guerrero corp enron enron stephanie miller enron enronxgate mary schoen enron enron leslie lawner enron enron donna fulton corp enron enron subject talking points gas comments including couple environmental ideas may feasible please check jennifer thome enron rebecca cantrell hou ect ect christi nicolay hou ect ect james steffes enron enron ban sharma jeff dasovich enron enron joe hartsoe corp enron enron ray alvarez enron enron nancy bagot ots enron enron janel guerrero corp enron enron subject talking points gas becky christi attached revised talking points natural gas made revisions reflect discussion yesterday price caps basis differential explained transportation costs etc discussed hope get input gas fundamentals group tomorrow finalize document friday welcome feedback jennifer,Energy Trading
<21668613.1075843524495.JavaMail.evans@thyme>,1285,195,Night,dasovich jeffrey selected participate mid year performance management process feedback plays important role process participation critical success enron performance management goals complete request feedback access pep http pep enron com select complete feedback main menu may begin providing feedback immediately requested feedback forms completed friday may questions regarding pep responsibility process please contact pep help desk houston option email perfmgmt enron com london option email pep enquiries enron com thank participation important process following cumulative list employee feedback requests status open submitted declined employee request feedback name longer appear list note receive message time selected reviewer employee name denne karen fawcett jeffery guerrero janel kingerski harry landwehr susan mara susan mccubbin sandra neustaedter robert swain stephen,Energy Trading
<11330184.1075843527608.JavaMail.evans@thyme>,454,71,Afternoon,attempting follow bowen comment cpuc contrast bowen statememnt commissioners indicated today discussions related matters normal business meeting supported direct access one commissioner brown indicated hoped bowen bill passed unaware special meeting address direct access next week provide information obtain mike day,HR & Internal
<27198392.1075843531464.JavaMail.evans@thyme>,690,122,Morning,fyi karen talking tap flights looks like would easier lax forward options upon receipt additionally denver departure choices dep sfo arrive den dep sfo arrive den dep sfo arrive den actually booked call advise asap thanks peppy karen denne joseph alamo enron enron subject chamber info joseph info meeting held tuesday june noon chamber offices located bixel street los angeles,HR & Internal
<7719701.1075843531994.JavaMail.evans@thyme>,528,68,Evening,fyi participants briefed reps three companies exodus kleiner perkins caufield byers wal mart plus dick riordan sandra yamane syamane marathon com com karen denne enron com karen denne enron com subject roundtable participants karen attached list confirmed participants white house meeting tuesday see attached file energy roundtable participant list xls energy roundtable participant list xls,HR & Internal
<26515230.1075843532102.JavaMail.evans@thyme>,1085,68,Night,weekly news monday personalized jeff dasovich quickplace http quickplace interliant com californiasolutions latest news http quickplace interliant com quickplace californiasolutions main nsf new editdocument form presetfields ene whatsnewdays membership update members added edited past days ban sharma ban sharma enron com added elizabeth linnell useful links unsubscribe edit page http quickplace interliant com quickplace californiasolutions main nsf faultview opendocument presetfields scene solutions,News & Media
<10356921.1075843533121.JavaMail.evans@thyme>,2021,318,Morning,colleagues hope short note methodology accomplishments valuation help stage moment current criteria still established jim john gia team last two years purpose still ensure public affairs continues generate value actual expense process hopefully drive staff view originators creating bottom line value example revenue enhancement new opportunity market expansion cost reduction fee delay rate decrease value calculation process focused following rules called score simplicity consistency objectivity reasonableness equity perhaps helpful list methodologies submitted far specific preference percentage enron business specific hub transmission connection percentage subjectively determined impact specific deal enron stock price total part subjectively determined result analysis estimate would cost legislation passed pass settlement reached reached amount financing needs secured deal npv project extension would size market identified deals originated market size enron targeting value risk specific project activity methodology adopted relevant regulatory regimen calculated specific cost item deferred reduced avoided extension would impact tariffs determination intervention part total buy sell spread portion market size released intervention shall keep posted change case shall happen without full consultation meanwhile please let know question regard brgrds,Legal & Regulatory
<13796807.1075843536398.JavaMail.evans@thyme>,1350,193,Afternoon,greetings forgive delays meeting largely summarized cec presentation joseph email nut shell interstate pipeline coming california border intrastate capacity take california border consumer business cec forecasts show things tight california thrust workshop like power plants intrastate pipeline capapcity lagging demand california california needs make concerted effort revitalizing state gas infrastructure quickly hope helpful sorry delay best jeff joseph alamo jeff dasovich enron subject still nothing gas meeting jeffrey scott sullivan western region bentley company exchange cdt joseph alamo enron enron subject still nothing gas meeting scott sullivan account manager enron energy services alcosta blvd suite san ramon direct cell fax pager pager mail skytel com enron com failure opportunity begin intelligently henry ford,Energy Trading
<26886199.1075843537101.JavaMail.evans@thyme>,366,68,Afternoon,bad news left bag clothes toiletries dome good news great excuse weekend thanks everything really nice principals smaller intimate less mess ping pong table huge hit hope enjoy loving ribbing much enjoy best jeff,News & Media
<30133705.1075843541656.JavaMail.evans@thyme>,420,54,Morning,rob bradley enron miyung buster subject mercatus energy seminar hill staffers program capital hill mercatus center week help cause price caps etc enron foundation supporting mercatus wendy gramm program contribution year rob http www capitolhillcampus org,Financial & Accounting
<20356128.1075842945745.JavaMail.evans@thyme>,1960,301,Morning,tracy mclaughlin enron broadband services government affairs coordinator kris caldwell tracy mclaughlin enron communications enron communications subject electronic copy bios ebs management tracy swell thank attaching recent list course always viewed living document since things change quickly terms personnel know need every single name attached list feel free cut paste needed thks kris caldwell enron communications inc public relations manager tracy mclaughlin kris caldwell enron communications enron communications subject electronic copy bios ebs management hey today kris help bio question database readily available version would mind terribly forwarding jeff dasovich address know hard copy available get know version thanks tracy mclaughlin enron broadband services government affairs coordinator jeff dasovich ees tracy mclaughlin enron communications enron communications sue nord hou ees ees enron net enron subject electronic copy bios ebs management tracy apologies seem final electronic version bios ebs management included california filing scott last version ensure accuracy filed version reads march nord needs electronic copy might one could pass along always many thanks jeff,HR & Internal
<7553554.1075842945867.JavaMail.evans@thyme>,1006,180,Morning,dear team added stuff including equations dennis make look like professor page project management handout printed equations using control tilda also spent time problem team handout made least one important change using one bearing size calculated shaft sizes current proposed lot trouble precision graphs digits decimal made pass fail criteria bearing size shaft size returns pass else fail made report cells also made another report cell compares success two methods getting question basically determines ever time current method gets success proposed method gets failure came runs let know think see tonight pat report xls problem xls,HR & Internal
<11853123.1075843598600.JavaMail.evans@thyme>,1122,130,Afternoon,gee distribution hmmmm well see attached case interested bev hansen bhansen lhom com sandi mccubbin smccubbi enron com rick shapiro rshapiro enron com alan comnes acomnes enron com harry kingerski harry kingerski enron com janel guerrero janel guerrero enron com jim steffes james steffes enron com joseph alamo jalamo enron com karen denne kdenne enron com lindsay meade lmeade enron com marcie milner mmilner enron com mona petrochko mpetroch enron com scott govenar sgovenar enron com sue mara smara enron com subject today chamber meeting attended chamber meeting today discussion focused efforts large users focusing core non core opposition bob foster edison made presentation regarding support fred keeley came described hertzberg plan mostly emphasized direct access hertzberg plan particularly well received user groups details later bev,HR & Internal
<4290045.1075843599186.JavaMail.evans@thyme>,2099,272,Afternoon,ray alvarez bernadette hawkins corp enron enron subject western wholesale activities gas power conf call privileged confidential communication attorney client communication attorney work product privileges asserted ray alvarez steve walton hou ect ect susan mara enron enron alan comnes pdx ect ect leslie lawner enron enron rebecca cantrell hou ect ect donna fulton corp enron enron jeff dasovich enron enron christi nicolay hou ect ect james steffes enron enron jalexander gibbs bruns com phillip allen hou ect ect linda noske hou ect ect dave perrino ect ect black hou ees ees robert frank enron enron stephanie miller enron enronxgate barry tycholiz enron enronxgate subject western wholesale activities gas power conf call privileged confidential communication attorney client communication attorney work product privileges asserted please mark calendar date every thursday time pacific central eastern time number host code ray participant code everyone else table going ferc issues proceedings updated use today conference call distributed bernadette hawkins available team members drive please feel free revise add update table appropriate proposed agenda today ferc order may clarifying april order market monitoring price mitigation iso rating atc complaint status item epsa intervention protest caiso compliance filing proposed tariff amendment item epsa rehearing request ferc market monitoring mitigation order item miscellaneous information items legislators suit ferc rto conference planned held ferc near future please feel free communicate group additional agenda items may,Legal & Regulatory
<17403394.1075843602939.JavaMail.evans@thyme>,2935,442,Evening,please forward anyone else might interested tracey bradley tbradley bracepatt com jlimone aeglobalmarkets com charles shoneman cshoneman bracepatt com randall rich rrich bracepatt com agold coral energy com rreilley coral energy com rebecca cantrell enron com pat cradock huskyenergy subject opens bids add bcf natgas calif fyi wednesday may eastern time opens bids add bcf natgas calif update adds background paragraphs san francisco may reuters pacific gas electric effort determine interest expanding california natural gas pipeline system said accepting bids billion cubic feet day bcfd gas transport capacity move company subsidiary san francisco based corp nyse pcg news responds california growing demand natural gas run new power plants gas suppliers big industrial customers participating bidding round called open season july submit offers stating much pipeline capacity willing purchase price willing pay based results round decide whether proceed planned bcf expansion enough run seven megawatt gas fired power plants modify accommodate even bigger volume gas stands open season offering firm capacity redwood baja silverado pipelines lines transport gas malin oregon topock arizona california gas production company local transmission system pipelines current intrastate pipeline system transport bcf gas day throughout northern central california past year utilization rates many california pipelines jumped percent near full capacity limiting deliveries state needed drive gas fired power plants demand gas already accounts third california power generation expected jump since april california approved major gas fired projects combined generation capacity megawatts ten gas fired plants total generation capacity megawatts already construction past three months plans build expand interstate lines carrying gas california announced sempra energy nyse sre news unit southern california gas enron nyse ene news unit transwestern williams cos nyse wmb news unit kern river transmission paso corp nyse epg news units paso natural gas mohave pipeline questar corp nyse str news calpine corp nyse cpn news kinder morgan nyse kmp news,Energy Trading
<927747.1075843606526.JavaMail.evans@thyme>,734,124,Morning,good morning energy committee weeks energy committee meeting confirmed wednesday may meeting motorola located orchard parkway san jose please note new motorola location meeting kifer road site orchard parkway conveniently located north first street easily accessible guadalupe parkway orchard runs plumeria drive montague expressway enter motorola facility stop lobby receive visitor badge directions meeting room thank assistance preparing meeting look forward agenda seperate mail,HR & Internal
<8565875.1075843611687.JavaMail.evans@thyme>,528,68,Evening,fyi participants briefed reps three companies exodus kleiner perkins caufield byers wal mart plus dick riordan sandra yamane syamane marathon com com karen denne enron com karen denne enron com subject roundtable participants karen attached list confirmed participants white house meeting tuesday see attached file energy roundtable participant list xls energy roundtable participant list xls,HR & Internal
<29021406.1075843619735.JavaMail.evans@thyme>,2705,437,Afternoon,republican plan source reports following regarding republican plan proposal encourage direct access consumers problem however direct access deals would dedicated rate component many might undermine cash flow credit worthiness bonds republicans suggest generators take haircut think doable republicans strongly oppose purchasing transmission assets restore invetor owned utility model generation would establish dedicated rate component construction native generation utilities would grant ratepayers equity interest plants resolve qfs financial issues assemblyman cox commented afterward republcans trying work bilateral basis democrats issues feel frozen moreover senses democrats moving back toward option purchase socal transmission assets republicans oppose democratic plan source reports following regarding democratic plan democrats formulating plan incorporates governor mou nation plan ideas plan reportedly yet introduced legislature yet still finalized democrats certain work specifically option purchase socal transmission assets reportedly still debated democrats reportedly believe may unnecessary details plan reportedly follows set aside bilion undercollect separate account funded dedicated rate component generators either get check instantly bonds claim try get claim adjudicated dispute plan could used template going bankruptcy judge strike deal sources indicate democrats developing post petition plan cast socal files bankruptcy including following state would buy utilities bankruptcy would sell pieces utilities various private sector buyers lifetime stipulation run democrats reportedly believe state could little billion assumed utilities debt got cram bankrutpcy judge quell protests plan would likely erupt democrats reportedly believe judge montali would support idea,Financial & Accounting
<29510914.1075843637268.JavaMail.evans@thyme>,976,156,Morning,agree plug figures look high chip schneider looking another way look high revised chart include looking relative ratio core non core cost took sdge one slightly reflect mid point core non core robert let know want adjust attached revised file note also bottom took revenue kwh subtracted gen portion per kwh showing mou literature yet another cut per usual difference pge sce sdge core rate cents non core cents cents total dollars core non core core,Financial & Accounting
<19028185.1075843638890.JavaMail.evans@thyme>,959,108,Afternoon,minutes ago sent summary recommendations national energy policy actual report date thu may charles ingebretson cingebretson bracepatt com dan watkiss dwatkiss bracepatt com bethune ebethune bracepatt com gene godley ggodley bracepatt com jim chapman jchapman bracepatt com marc hebert mhebert bracepatt com michael pate mpate bracepatt com marc racicot mracicot bracepatt com michael stroud mstroud bracepatt com paul fox pfox bracepatt com scott segal ssegal bracepatt com tracey bradley tbradley bracepatt com subject energy policy report mime version content type multipart mixed boundary attached pdf copy full white house energy policy report still working obtain hard copies gpo let know questions pdf,News & Media
<4223698.1075843643386.JavaMail.evans@thyme>,2082,320,Afternoon,ferc issued three orders today ray alvarez sent summary order related increasing generation transmission west report came iep attorney underscheduling enron sides issue happened one order rejects requests socal edison caiso suspend underscheduling penalty adopted december order commission currently reviewing data filed caiso conjunction request waive underscheduling address underscheduling penalty future order order accept caiso proposal split beep stack operating reserves imbalance energy qfs ridgewood complaint second order address issues granting part ridgewood ccc request emergency relief commission ruled qfs sell excess power make third party sales authorized court california utilities must provide interconnection transmission service make sales commission deferred decision whether qfs fully paid make third party bilateral sales obstacles subject ray earlier mail third order addresses obstacles increased energy supply commission takes number actions including allowing premium returns equity basis points accelerated depreciation years projects increase transmission capacity short term july basis points project comes later order also allows rolled treatment interconnection upgrade costs new supply broadens extends waivers operating efficiency standards waives prior notice requirements grants market based rate authority sales back self generation wscc authorizes certain demand side sales management programs encourages pipeline construction projects follow review orders sue mara enron corp tel fax,Legal & Regulatory
<19776216.1075843650971.JavaMail.evans@thyme>,833,139,Morning,already lost sandy mike yesterday sandy preparing three four rcrs discussion next rcr meeting meantime emergency basis authorized mike participate two direct access meetings one conference call author environmental dispatch legislation sandy assured environmental dispatch legislation would passed gut gains made siting legislation recently passed going forward basis one rcrs global settlement think critical mike report jeff matters relating global settlement whether legislative drafting mail distribute afternoon chance look clarify matters,HR & Internal
<25109456.1075843656039.JavaMail.evans@thyme>,1616,278,Morning,placed core non core pricing core non core tab per cpuc march calculation also began building analysis core cost scenario attempt examine cost utility point following modeled need refinement load figures pge suspect mou split class total cpuc revenue used subtracted total gen portion derived mou apportioned pro rata across load residential customer higher per unit consumed perhaps robert figures also validate reasonableness total dollar plug figure value loss ascribed utility open short long position allocation value loss future dwr contracts made based dwr forward price path would positive mtm value remember contracted price projected spot price path using henwood curves would way money unfortunately seminar monday tuesday bad timing jeff kortney read ancillary mou materials see refine assumptions priority task also please check mathematical integrity figures also robert revised rate filings indicating different pricing categories loretta lynch march attachment used populate spreadsheet regards michael,Financial & Accounting
<22754405.1075843656800.JavaMail.evans@thyme>,979,149,Afternoon,care great deal point credit issue harry kingerski right messages jim susan mara tamara johnson hou ees ees scott stoness hou ees ees harry kingerski enron enron robert neustaedter james steffes enron enron jbennett gmssr com jeff dasovich enron enron sandra mccubbin enron enron subject sce plans implement billing balancing account aspects mou june learned arem meeting today sce informed esps implement advice letter mou recall number beginning new rates june planning protest care jeanne stop also sce informed people calculating charge credit based rejected cpuc care one sue mara enron corp tel fax,HR & Internal
<20892857.1075843665123.JavaMail.evans@thyme>,391,60,Afternoon,budget brief may doc good afternoon attached weekly budget brief produced assemblyman george runner assembly republican fiscal staff questions please hesitate call rsc richard costigan iii chief staff office assembly republican leader california state assembly phone budget brief may doc,HR & Internal
<30957944.1075843668625.JavaMail.evans@thyme>,1288,176,Morning,content transfer encoding quoted printable date tue may tracey bradley tbradley bracepatt com justin long jlong bracepatt com paul fox pfox bracepatt com deanna king dking bracepatt com dan watkiss dwatkiss bracepatt com ronald carroll rcarroll bracepatt com subject calif state senate passes windfall profits tax bill mime version content type text plain charset ascii content disposition inline fyi calif state senate passes windfall profits tax bill monday may los angeles dow jones california state senate passed measure monday would place windfall profits tax sales electricity state wholesale electricity market bill sponsored state sen nell soto ontario passed senate vote legislation sent assembly legislation would require state regulators set base price wholesale electricity sold california generators would taxed base price power sales exceed amount according legislation story originally published dow jones newswires copyright dow jones company inc rights reserved,Energy Trading
<6008138.1075843673216.JavaMail.evans@thyme>,1594,263,Afternoon,following author amendments expected committee monday afternoon actual leg counsel language supposed come back monday morning tax excess gross receipts electrical energy distribution tax imposed person making first sale electrical power consumer consumption tax based upon amount gross receipts sale exceed amount would received sale made specified base price determined puc rebuttable presumption base price represents afair sales price withholding mechnism excess tax purchasers purchasers residential consumers small business users require sellers file annual tax returns report tax excess gross receipts pay remaining taxes due allow sellers file claim refund attempt rebut presumption base price fair sales price provide certain nexus standards california provide basis impose tax liability include year sunset date opposition received rev tax cmte wednesday week therefore opposition support listed committee analysis chris micheli esq carpenter snodgrass associates street suite sacramento fax email cmicheli carpentersnodgrass com,Legal & Regulatory
<32076558.1075843676657.JavaMail.evans@thyme>,361,53,Morning,monday may edt energy working group meeting location enron eye street suite large conference room washington linda encourages attendance important weekly meeting washington please call domestic callers code international callers code,HR & Internal
<20614960.1075843887783.JavaMail.evans@thyme>,1173,197,Morning,work prevented campus week registered unit courses signed office mandatory please let know girlfriend student day program today sign best jeff teresa janus haas berkeley edu sent owner eveningmba haas berkeley edu please respond teresa janus eveningmba haas berkeley edu hari haas berkeley edu subject one unit courses fall one unit courses demand one unit courses high outlined student handbook uncommon student given space one one unit course per semester got choice unit class fall put waitlist choice time classes start fall room available units let know adds based seniority program thanks given chance update schedules may may mail fall schedules friday thanks,News & Media
<18152793.1075843890234.JavaMail.evans@thyme>,1520,226,Morning,see riordon note steven kean jeff dasovich enron enron sandra mccubbin enron enron paul kaufman enron enronxgate james steffes enron enron richard shapiro enron enron susan mara enron enron subject ken lay spoke several california ceos morning urged get personally involved pushing comprehensive set reforms three expressed willingness help scott mcnealy sun contact person piper cole piper cole sun com scott mcnealy engeng sun com mcnealy wants close business today cheat sheet talking points use politicians elements solution expected comeback may hear political leaders response comeback says spent time working issues sacremento may also want include list suggested contacts kevin sharer amgen contact person sarah jensen engineering operations ksharer amgen com sharer wants information mcnealy mcnealy indicated willingness call meeting california ceos sharer also breakfast hertzberg one week today robert day trust west said close mayor los angeles urged ken call mayor mentioning day ken would like talking points call jeff please put items together,HR & Internal
<18807092.1075843891168.JavaMail.evans@thyme>,819,136,Afternoon,greetings folks heard ken lay met california ceos last friday back east result meeting mcnealy ceo sun asked background detail ken lay proposed solution california meetings california past couple weeks mcnealy others expressed willingness make phone calls policymakers etc try advance ball pulled together hastily friday take responsibility errors omissions ramblings etc wanted distribute however make sure info getting distributed know folks busy likely get distributed ceos week comments suggestions etc improve welcome appreciated best jeff,HR & Internal
<17137231.1075843892975.JavaMail.evans@thyme>,745,113,Afternoon,trying meet deadline moment free afternoon information help lot analysis best jeff christopher calger enron enronxgate jeff dasovich enron enron tracy ngo enron enronxgate subject rate agreement dwr puc regarding creditworthiness thanks jeff related note trying put together financial headroom forecast dwr state california goes years shows rate revenues less utility gen costs costs dwr ppa dwr spot purchases margin total deficit bond issue bond principal interest would know get something like regards chris,Legal & Regulatory
<26736757.1075843895965.JavaMail.evans@thyme>,366,68,Afternoon,bad news left bag clothes toiletries dome good news great excuse weekend thanks everything really nice principals smaller intimate less mess ping pong table huge hit hope enjoy loving ribbing much enjoy best jeff,News & Media
<21040385.1075843896485.JavaMail.evans@thyme>,876,110,Afternoon,fyi overnighting analysis done core noncore gov finance people best jeff jeff dasovich sent jeff dasovich richard shapiro enron enron skean enron com paul kaufman enron enronxgate susan mara enron enron sandra mccubbin enron enron karen denne corp enron enron janel guerrero corp enron enron mpalmer enron com james steffes enron enron linda robertson enron enron susan landwehr enron enron subject hertzberg folks rewrite power point presentation referenced previous note please keep confidential distribute copy hertzberg used present caucus thanks best jeff numbers show noncore edison would load hertzberg,Financial & Accounting
<29161675.1075843896511.JavaMail.evans@thyme>,661,100,Afternoon,jennifer please sure connect tom nancy since discussion gas stuff sent best jeff mday mday gmssr com nancy bagot enron com nancy bagot enron com jeff dasovich enron jdasovic enron com subject socalgas capacity settlement primary secondary acce rights jeff dasovich asked forward information comprehensive settlement agreement submitted california want actual text settlement forward well please let know works best thanks mike day,Legal & Regulatory
<13520404.1075853935527.JavaMail.evans@thyme>,2290,379,Afternoon,getting time year irma alvarez guessed mid year prc around corner must start preparing preparation upcoming mid year review process need assistance communication groups therefore human resources team ena requesting assistance generating communication materials needed group make sure leave anyone uninformed first two pieces communication coming way besides mail announcements recently distributed ever famous quick reference guides new pep cards time around global performance mgmt team decided many hard copies distributed quick reference guides receiving mail version copy find attached reason behind ena process last years quick reference guides contain alot information past seem come much handy employees tha new company process next global perf mgmt team created nifty pep card minimal highlighted information everyone please anticipate pep cards group friday afteroon also get hard copies reference guides attached please anticipate copy quick reference guides everyone group sending follow mail advise schedule training classes available performance mgmt system opens may ask assist process distributing detailed mails addressed admn asst group assistance cooperation critical importantly greatly appreciated please feel free contact rep questions may also pep hotline already currently available provide employees perf mgmt assistance thanks irma alvarez ena coordinator ext,HR & Internal
<22619219.1075857363277.JavaMail.evans@thyme>,1175,182,Evening,smith corp enron lloyd ect rika imai enron enronxgate doug gilbert smith corp enron enron drew tingleaf enron enronxgate kevin presto hou ect ect subject new gen fyi kristin walsh enron enronxgate kevin presto hou ect ect lloyd hou ect ect kelly holman enron enronxgate subject new gen hays plant anp international power san marcos texas ercot units instead total unit one tested first fire currently scheduled hour test sometime mid late june unit two testing tomorrow first fire unit three unit four testing completed september october plant completion october november comments plant operator project way way behind schedule going slow unit unit trying get unit unit commercial end july keep september september intend going back testing units total plant completion date october november,Energy Trading
<11653428.1075857365832.JavaMail.evans@thyme>,491,82,Morning,david ryan enron lisa shoemake hou ect ect subject earth sat could please forward message power group reminder earth sat enron tomorrow friday give hurricane seminar including depth look season along updates summer forecast seminar held refreshments served questions contact dave ryan thank,Energy Trading
<21454438.1075857366863.JavaMail.evans@thyme>,668,74,Evening,mike suggested scheduling confirmation form please let know suggestions power contacts main power scheduling contact real time generation control desk fax genecc austinenergy com alternate larry flores fax larry flores austinenergy com wayne morter fax wayne morter austinenergy com power transactions accounting hari jagtiani fax harendra jagtiani austinenergy com follow open issues wayne,Financial & Accounting
<23995402.1075863709780.JavaMail.evans@thyme>,601,117,Afternoon,hey baby today soooo crazy time get anything done today much else tell project would help could find far offshore platform paso pipeline networks offshore louisiana pick either one really matter want estimate email mom yet hope also home kind late tonight design group meeting probably home try call okay email love jenn,HR & Internal
<28842977.1075857370088.JavaMail.evans@thyme>,573,55,Afternoon,address need send invitation bryan birthday party house may whenever thanks monica denney nortel networks esn capital hwy suite austin,Financial & Accounting
<7040291.1075857369471.JavaMail.evans@thyme>,846,134,Evening,dean clint pep system closes friday may records indicate requested provide feedback one enron employees deadline completing feedback friday may list feedback requests status open please complete decline requests soon possible logging pep http pep enron com selecting complete feedback main menu questions please contact pep help desk houston option email perfmgmt enron com london option email pep enquiries enron com thank participation important process employee name dahlke andrea day smith jacobson michael jester larry olinde donald schultea adriane thompson kerri,Energy Trading
<2510293.1075854444499.JavaMail.evans@thyme>,467,68,Afternoon,confirm dinner meeting held may river oaks grill date may place wine room river oaks grill westheimer time dress code business casual jacket required jeans khakis jacket questions please hesitate contact kay beverly look forward seeing,HR & Internal
<4398885.1075854446202.JavaMail.evans@thyme>,422,79,Evening,guys appreciate updates please ensure ena integrated deliver clear expectation credible plan scream bloody murder deliverable missed need bird dog closure hourly basis ensure get goal line keep loop daily keep pressure senior level regards delainey,News & Media
<6141988.1075854477255.JavaMail.evans@thyme>,2740,499,Evening,dick appreciate effort moore project would hope saving scope plant still showing given current economics still puzzled regards delainey eric ledain mdt david delainey hou ect ect kyle kitagawa cal ect ect subject moore power plant dave schedule proceeding kick permit amendment using combination mcn calumet unit data per phone message take week two prepare amendment cost eight weeks get amendment able commence site work without amendment point completing foundations based previous discussions municipality county ontario ministry envir even though work original dash budget planning proceed unless got problem nepco preliminarily worked schedule disassembly move install installation believe need get site third week june begin site clearing order initiate foundation work mid july june july would foundation design generous side given done foundation design last fall mcn least foundation work already done abb whether june start site clearing schedule getting tight capital cost estimate nepco able complete revised capital cost estimate case june latest looking moving work weekend problem moment moving offices weekend lose days revised estimate case end next week looks today like cost savings acceleration winter work able barge units versus railing worth least assuming would take capital costs estimate dash soon estimate ready approval meet schedule sure stand roll approval moore pastoria las vegas latter two genco meanwhile progress rac dash continues units continue sort whether calumet units might work noise water perspective still seen mcn columbus counter units claim coming,Financial & Accounting
<33377326.1075854478080.JavaMail.evans@thyme>,770,130,Morning,jere please forward list targets let speak initially john lets try get done today appreciate effort peakers well would suggest start discussions reeding bates according redmond thompson live deal thanks delainey jere overdyke david delainey hou ect ect subject producer insurance targets town last week vacation peaker project moving ahead george carrick john met last week regarding upstream activities final resolution voice mail john get things worked week important issue get market place test product another transaction jere,Energy Trading
<26495276.1075845090685.JavaMail.evans@thyme>,395,56,Night,approval status changed following report status last changed sherri sera expense report name dues forum fees report total amount due employee amount approved amount paid approval status accounting review payment status pending review expense report click following link concur expense http xms enron com,Financial & Accounting
<23462072.1075845099527.JavaMail.evans@thyme>,1708,289,Night,dear general counsels monday may two summer associates chike okpara reginald sewell begin summer rotation program enron know gentlemen completed first year law school university texas school law summer program twelve thirteen weeks beginning may ending august since school begins august anticipate student may wish end rotation week august thus leaving time brief vacation taken school starts okpara rotations may june corp legal ets legal dept june july enron global finance legal dept july august enron wholesale services legal dept sewell rotations may june enron global finance legal dept june july enron broadband services legal dept july august enron energy services legal dept okpara sewell attend new hire orientation monday may new hire orientation meet greet also present enron code ethics new hire orientation ends noon following new hire orientation take okpara sewell lunch anticipate introducing first respective rotations monday may sent resumes separate cover thanks much participation program please call questions thank sharon,Legal & Regulatory
<24812140.1075845106009.JavaMail.evans@thyme>,1145,191,Night,ever wonder sports drink like gatorade work much exercise much want bulk muscles creatine safe weight gaining powders work diet pills join joel bloom enron espeak tuesday march answer questions many http ethink enron com bloom associate professor department health human performance university houston joel specializes biomechanics sports medicine aquatic therapy strong advocate bringing back physical activity public schools texas commission bicycle safety also published several books numerous articles sports performance exercise biomechanics injury prevention training programs bloom talk sports drinks water truths myths stretching truths myths myths abdominal exercises supplements risks benefits food label reading fact fiction breakfast breakfast join tuesday march espeak,HR & Internal
<15829960.1075845106849.JavaMail.evans@thyme>,641,108,Afternoon,attached revised credit watch listing week please note paralan company sgl carbon llc added credit watch list also southstar energy services llc moved trades personnel group included distribution please insure receive copy report add additional people distribution report sent error please contact veronica espinoza questions please contact jason williams russell diamond veronica espinoza,News & Media
<3973469.1075845107917.JavaMail.evans@thyme>,1454,206,Night,esource presents free global energy markets presentation june june global energy markets global energy markets information service gives access updated information analysis whenever need global energy markets provides many different news feeds data sources one service addition global energy markets provides useful online databases finding articles projects companies service available global region services include americas asia pacific europe cis middle east service includes four key modules first core module energy news news comes reuters dow jones bbc afp others one regional news service three modules useful databases finding news articles project information companies second module global energy projects database third module global energy news archive fourth energy companies directory http home enron com messaging globalenergymarkets pdf seats fill fast reserve seat please call stephanie taylor shows charged check esource training page http esource enron com training doc additional training sessions vendor presentations http esource enron com embedded picture metafile,HR & Internal
<735820.1075857319325.JavaMail.evans@thyme>,293,56,Afternoon,dale short description product read gas swap nit daily opposed gas swap nit monthly know description changed set would easier set another product kill one let know thanx chris,Energy Trading
<9257733.1075855488162.JavaMail.evans@thyme>,994,171,Evening,participate national fitness week espeak tuesday may houston time join joel bloom associate professor health human performance university houston ask bloom topics difference sports drinks water myths abdominal exercise breakfast breakfast much remember participate live event get questions answered espeak post questions bloom espeak archive later read transcript find answer check new postings office chairman category emeet add thoughts ongoing discussions visit emeet today know hollow core fiber would like know stop idea vault thinkbank find catching ethink enron com,HR & Internal
<17716483.1075855488441.JavaMail.evans@thyme>,1024,171,Afternoon,critical migration information scheduled outlook migration date evening may need press save data button send pre migration information must connected network press button pop box appears prompting abort cancel trust signer please select trust signer information add personal address book journal calendar click button need manually added outlook migrated clicking button complete migration outlook migration completed evening migration date failure click button means get calendar contacts journal todo information imported outlook day migration could result week delay restore information encounter errors please contact resolution center,News & Media
<5522645.1075855488614.JavaMail.evans@thyme>,1168,171,Night,esource presents lexis nexis training advanced session cover advanced searching tips also cover using smart indexing narrow search results find customize desktop easier searching attend lexis nexis advanced clinic may public records lexis nexis premier provider public record information learn materials available including secretary state filings dba ucc filings bankruptcies property records due diligence companies especially smaller ones session want attend attend lexis nexis public records clinic may noon seats fill fast reserve seat please call stephanie taylor cost per person shows charged please bring lexis nexis login password one guest provided check esource training page http esource enron com training doc additional training sessions vendor presentations http esource enron com,HR & Internal
<564623.1075855495099.JavaMail.evans@thyme>,720,128,Afternoon,last reminder renewed nesa hea dues process preparing publish annual directory hopeful take moment renew dues included misplaced form please visit website www nesanet org click nesa call office update records phone credit card dues want left let hear wish deleted respond message thanks consideration hope renew dues teresa knight vice president membership nesa hea fax,News & Media
<29711191.1075855497929.JavaMail.evans@thyme>,515,83,Night,organization announcement pleasure announce kenneth lovejoy joined enron corp asset operations reporting directly donnie willmann support central america caribbean ees ken year experience environmental health safety oil gas industry working enron since extensive international experience excited ken team please welcome ken new role henry van,Financial & Accounting
<32266986.1075854008697.JavaMail.evans@thyme>,474,70,Morning,eogresources com enron com tacton enron com crodrig enron com subject nom change effective may marshall hpl meter due loss production marshall leases nom change mmbtu hpl meter delivery hpl thompsonville meter effective may please call questions thanks,Financial & Accounting
<30185955.1075854009522.JavaMail.evans@thyme>,3335,480,Night,please make sure clearly understood schedulers jennifer deboisblanc denny steve venturatos hou ect ect david baumbach hou ect ect neal winfree hou ect ect michael walters hou ect ect bryan hull hou ect ect jeff crook hou ect ect julie meyers hou ect ect ami chokshi corp enron enron torrey moorer hou ect ect tara sweitzer hou ect ect brenda herod hou ect ect sheri thomas hou ect ect imelda frayre hou ect ect scott mills hou ect ect subject products eric bass texas desk trader requested following product described traded enrononline product bridge sitara put manually reason bridge due fact multiple stripes start end dates rather one start end date currently enrononline send one start end date per deal therefore fail bridge monitor manually entered sitara subsequently cleared monitor since transactions could flow next day imperative transactions get sitara soon possible please read full description product looks like month long deal excludes weekends wkd short week days anticipate large volume transactions need prepared react quickly future looking cost benefit enrononline capability sending multiple dates types products questions please call thank dale neuner david forster corp enron enron sheri thomas hou ect ect jennifer deboisblanc denny hou ect ect jason althaus corp enron enron jason althaus corp enron enron melba lozano hou ect ect eric bass hou ect ect subject products rolling use nat gas product commencing tomorrow may product month long physical nat gas product traded texas desk identified follows gas phy exxon katy wkd usd product different usual products traded texas desk product description indicator wkd designates product moves gas day monday tuesday wednesday thursday friday products bridge sitara risk personnel need diligent identify products based information product description ensure products entered sitara correctly presumably strips monday friday trades corresponding month starting days month ending days understand potential impact manually input transactions asked appropriate systems personnel examine links eol sitara consider building bridge capability interim anticipate trading volume products low ask higher prioritization bridging event volumes increase dale,Energy Trading
<15740277.1075854012340.JavaMail.evans@thyme>,3251,406,Afternoon,enron north america corp brenda herod lisa csikos hou ect ect daren farmer hou ect ect mary smith hou ect ect rita wynne hou ect ect steve venturatos hou ect ect pat clynes corp enron enron yvette connevey corp enron enron subject organizational changes please share organizations enron north america corp brenda herod sally beck hou ect ect kristin albrecht hou ect ect sheila glover hou ect todd hall hou ect ect peggy hedstrom cal ect ect michael moscoso hou ect ect eugenio perez hou ect ect scott pleus hou ect ect brent price hou ect ect leslie reeves hou ect ect stephen schwarz hou ect ect james scribner corp enron enron mary solmonson hou ect ect sheri thomas hou ect ect scott mills hou ect ect norma villarreal hou ect ect hector mcloughlin corp enron enron susan harrison hou ect ect steve jackson hou ect ect patti thompson hou ect ect lisa shoemake hou ect ect kelly templeton corp enron enron lynn tippery hou ect ect maria sandoval hou ect ect irena hogan hou ect ect kimberly perkins hou ect ect marvia jefferson hou ect ect cecilia olvera hou ect ect jennifer jordan corp enron enron chantelle villanueva hou ect ect subject organizational changes last week received memo brent price described changes within gas operations excluding texas attached organizational chart texas region continue look efficiencies ensure meet demands customers currently support texas trading region bammel storage facility houston pipeline powder river gathering bridgeline pleased announce also combine risk management deal validation operational analysis management steve venturatos serve business controller dave baumbach fill lead position ami chokshi move trading support new group continuing role entex tufco account manager jody crook also join team bryan hull transition knowledge next month moving second rotation effective additionally kelly transition denver trading books texas team moves east region transportation management mary smith integrated team day day responsibilities projects cohesively aligned group please join welcoming new team members well team members continue group mike eiben step role previously managed steve venturatos includes global contracts facilities system enhancements regulatory reporting addition clem cernosek jennifer pattison assuming new responsibilities logistics volume management respectively clem jennifer unify team focused pops please wish folks success new roles responsibility changes effective please share staffs,Legal & Regulatory
<15213561.1075854070730.JavaMail.evans@thyme>,577,102,Afternoon,reviewed entex actuals adjusted gas control entex factor month may found entex estimates overstated approximately mmcf day romeo make sure estimates pops corrected reflect new volumes help reduce daren pat trying locate attached file changes need made please let everyone mailing list know changes made questions please call thanks gary,Energy Trading
<33323373.1075854070902.JavaMail.evans@thyme>,583,107,Morning,pre bid coming handle ces responsible june info also trade floor devon contact bob superty asked point person initially maybe another person mind terry kathy kelly secondary contacts would like handle besides someone texas desk way could free group task part reason handling wanted make sure nothing affects texas slips cracks especially beginning please advise ami,Energy Trading
<25730889.1075854071854.JavaMail.evans@thyme>,992,187,Afternoon,williams asked help update map provide enron corp may add point click map inter net contacted phone update attached map asking please carefully review entire map title legend numbers spelling please reply whether changes information appears give approval decline realize short notice would need least today wed may trying place hands zamer today keep mind map probably revised comments map distributed fact delete provided help resubmit final map upon completion thank time greatly appreciated regards maria salazar please call would like,News & Media
<16471267.1075854072333.JavaMail.evans@thyme>,1429,188,Afternoon,fyi went zamer maria salazar molly carriere hou ect ect perry frazier enron enron terry galassini enron enron tom parker fgt enron enron gina taylor ots enron enron roger westfall enron enron michele winckowski enron enron dennis alters fgt enron enron frank osburn ots enron enron ronald matthews enron enron martha sumner kenney npng enron enron bob hall fgt enron enron kevin hyatt enron enron sharon farrell fgt enron enron mike mcgowan enron enron robert johnson enron enron williams enron enron lohman enron enron subject final map done finito please delete map sent earlier today revised attached final version seems difficult time viewing printing correctly would like paper copy copies ask map edited anyone time comes next update trying duplicate work conflicting information map updates contact input thank time greatly appreciated happy memorial day maria sent file format requested gina need specific format let know,News & Media
<17441679.1075854072379.JavaMail.evans@thyme>,454,59,Afternoon,jacqueline blanchard jacqueline blanchard dvn com ami chokshi enron com subject revised avails ami please see attached revised availabilities effective may jacqueline blanchard contract analyst devon energy corporation jacqueline blanchard dvn com text htm xls xls xls smi xls xls xls xls,Legal & Regulatory
<6653442.1075854073187.JavaMail.evans@thyme>,2408,358,Morning,steve daren interviewed candidate really liked previous allocations settlements experience really wants financial accounting see resume internal auditing foleys honest necessarily want allocations really enjoyed working schedulers traders although necessarily want schedule trade mentioned risk specifically think would asset enron please use discretion thanks enron north america corp lisa csikos rita wynne hou ect ect subject megan jones interest candidate sharon douglas sdouglas resourcestaffing com lisa csikos lisa csikos enron com tony vasut tony vasut enron com toni graham toni graham enron com subject megan jones good afternoon everyone would like present megan jones consideration specialist position job essential requirements meets exceeds accounting degree detailed knowledge gas industry excellent communication skills years experience regarding essential functions could perform right away resume shows detail experience megan left coral energy get department sonat would provide challenge truly utilized bean counter wanted interaction others went work sonat says best job ever enjoyed company people everything know sonat bought paso ended position along others department honestly took current position haste also thought would give experience using accounting skills interaction others audit capacity case misses industry learns quickly social problem interacting people levels let know thoughts questions may best regards sharon sharon douglas accounting finance recruiter office fax pager sdouglas resourcestaffing com megan jones doc,Financial & Accounting
<4140353.1075854131795.JavaMail.evans@thyme>,534,102,Morning,stacey settlements brought invoice zero sale mmbtu paso merchant energy pgev packages deal numbers market side deal supply side hplc brokered deal pgev buying selling paso merchant energy purchase sale price know intent deals hesitant zero volume let know okay,Energy Trading
<991045.1075854155819.JavaMail.evans@thyme>,458,80,Afternoon,need get east desk allocated volume tetco adjust deal east desk approve allocated flow volume oba jackie young daren farmer hou ect ect subject spill decatherms please extend deal ticket cover thank jackie,Energy Trading
<21726396.1075854156283.JavaMail.evans@thyme>,988,163,Morning,george look stephanie gomes daren farmer hou ect ect subject cannon interest may purchase daren received email kenny soignet make sure everything system pay cannon friday deal see volume scheduled therefore pulling unify pay person able schedule volume order pull deal see sitara deal set production matter thanks stephanie enron capital management david baumbach stephanie gomes hou ect ect subject cannon interest may purchase purchase cannon sitara deal sale cpr storage sitara deal dave,Financial & Accounting
<9293517.1075854188008.JavaMail.evans@thyme>,425,85,Morning,daren shore line would like take meter gas day flowed nom april must well problems month meter change flowed april could new production coming behind meter texaco would like change meter rest month april flowed,Energy Trading
<12758475.1075840446639.JavaMail.evans@thyme>,349,51,Afternoon,attached summary report showing following data fields faults table fault number include fault description cross referenced spread sheet kim provide considered status message sot increments considered fault lot est wot increment comments please let know,News & Media
<30842787.1075840446903.JavaMail.evans@thyme>,3277,493,Afternoon,contractual availability definition owner report used throughout implements contractual availability definition upon annual availability warranty calculations based contractual availability defined survey lot survey lot mtprorated survey maximum possible number hours calendar period mtprorated percent hours maintenance per year credit taken credit lot controller counters accumulate hours nearest second turbine downtime fault repairtime maintenance time line condition lot values corrected communication loss beginning ending time period interest correction based counter values next previous time interval based assumed communication loss rule assume marshall means wind direction curtailment phrase columnar shut wind direction curtailment yet implemented field therefore downtime losses curtailment info sent earlier mark fisher utility wind direction curtailment marshall per note already provided availability figures jan feb performance testing results must come engineering system performance group involved transfer function compute windspeed nrg anemometers kurt anderson thisted ewc enron enron mark walker ewc enron enron hollis kimbrough ewc enron enron subject desert sky mark need help note please review ward mail provide information explanation appropriate tied another project would really appreciate help please call questions thank wcmarshall aep com kurt anderson enron com rmalbarano aep com rboteler aep com peter simpson garradhassan subject desert sky help find following information peter simpson attached april status report answer jan feb availability question renee kurt may need know availability wind speed data sent peter following information would also helpful definition availability figure given monthly availability report particular definition numerator shown spreadsheet duration time due columnar shut availability figures january february available results performance testing undertaken date transfer functions applied wind speed data provided regards peter simpson ward marshall director business development aep energy services inc office fax cell mailing address box columbus physical address nationwide blvd suite columbus desert sky monthly site report pdf,Financial & Accounting
<29693038.1075840447238.JavaMail.evans@thyme>,845,138,Morning,since active outlook express mailboxes forwarding current lotus notes email addresses may get automatically generated email account information specifically referring domino username passwords domino accounts used sametime chat quickplace access two programs used everyone emails generated users populated oracle important save information contained automatically generated email safe place cutover able use accounts domino account email contains randomly generated password user lost password must reset cause delays extra effort user getting access thanks,HR & Internal
<16730117.1075840454476.JavaMail.evans@thyme>,515,87,Morning,tom attached pareto analysis requested trent month march chart covers site top status messages status messages provided page table follows detailed information individual turbines also provided see faults originated please note report status messages include faults please let know need additional information best regards hollis,News & Media
<29289177.1075840454760.JavaMail.evans@thyme>,391,63,Afternoon,good news team new email address list usa europe online viewable downloadable reference find excel spreadsheet addresses attached email list also available link within question answer section intranet home page regards wind energy corp communications xls,News & Media
<8955272.1075840455345.JavaMail.evans@thyme>,2056,343,Morning,kurt attached april log corrections curtailments lines shaded blue typing errors fixed account negative hours turbines data turbines showing hours production must result scada data acquisition problem entries shaded red started looking list april log could find errors side may base lost production particular turbines neighbor produced lost call questions matt thisted matt allsup ewc enron enron kurt anderson ewc enron enron subject desert sky curtailment april matt please take look soon possible morning appears may entries operator used hour clock instead hour clock many rows turbine curtailed way time recorded makes come zero production call need help kurt anderson thisted ewc enron enron subject desert sky curtailment april please call thanks mark fisher kurt anderson ewc enron enron hollis kimbrough ewc enron enron subject desert sky curtailment april kurt attaching generated spreadsheet problems scanning appears site personnel entered times backwards negative durations kwh predicted productions also know causing kwh productions might low wind might problem data recovery predicted production month kwh production lost due curtailment kwh availability line loss becomes kwh due many curtailments site program takes lot time today ran hours mark,Financial & Accounting
<19639558.1075840455369.JavaMail.evans@thyme>,2263,364,Morning,matt allsup kurt anderson ewc enron enron thisted ewc enron enron hollis kimbrough ewc enron enron mark fisher ewc enron enron subject desert sky curtailment april kurt attached april log corrections curtailments lines shaded blue typing errors fixed account negative hours turbines data turbines showing hours production must result scada data acquisition problem entries shaded red started looking list april log could find errors side may base lost production particular turbines neighbor produced lost call questions matt thisted matt allsup ewc enron enron kurt anderson ewc enron enron subject desert sky curtailment april matt please take look soon possible morning appears may entries operator used hour clock instead hour clock many rows turbine curtailed way time recorded makes come zero production call need help kurt anderson thisted ewc enron enron subject desert sky curtailment april please call thanks mark fisher kurt anderson ewc enron enron hollis kimbrough ewc enron enron subject desert sky curtailment april kurt attaching generated spreadsheet problems scanning appears site personnel entered times backwards negative durations kwh predicted productions also know causing kwh productions might low wind might problem data recovery predicted production month kwh production lost due curtailment kwh availability line loss becomes kwh due many curtailments site program takes lot time today ran hours mark,Financial & Accounting
<1948811.1075840455416.JavaMail.evans@thyme>,860,146,Morning,joe information lkm files created visupro understanding review files suggests store reference power curve accumulated wind speed distribution power question know reference curve turbine site generic specific turbine site engineering warranted curve manages input curve data assume wind distribution derived nacelle anemometer know data transformations applied minana file power value derived corresponding wind speed distribution also reference power distribution derived trying determine need develop reference power curve table crystal report application,Energy Trading
<15997686.1075840455593.JavaMail.evans@thyme>,1966,275,Evening,lois please schedule meeting week preferably late tues weds group help coordinate conference call rick winsor zilkha towards end week thx ben benjamin bell sent benjamin bell michael zilkha com steven zwolinski com colleen repplier com joe zilkha com mskelly zilkha com rwinsor zilkha com dan lindquist ewc enron enron jeff maurer ewc enron enron kurt anderson ewc enron enron joe thorpe ewc enron enron hollis kimbrough ewc enron enron mark fisher ewc enron enron subject gewe reporting follow dear michael enjoyed opportunity meet last thursday appreciate candid feedback michael able give regarding projects currently investigating winsor issues regarding availability noise blades electronic faults cold weather faults suggest schedule conference call operations team winsor week clarify resolve issues may appreciate business look forward serving better future best regards benjamin bell wind energy michael zilkha com steven zwolinski com colleen repplier com benjamin bell com joe zilkha com mskelly zilkha com rwinsor zilkha com subject gewe reporting follow wanted thank three coming meet morning exciting business forwarding following mail since thought would want know feelings currently trenches zilkha terms projects projects commissioned six months ago understand frustration look forward seeing awea long fruitful relationship best wishes michael,HR & Internal
<3837603.1075840455949.JavaMail.evans@thyme>,845,138,Morning,since active outlook express mailboxes forwarding current lotus notes email addresses may get automatically generated email account information specifically referring domino username passwords domino accounts used sametime chat quickplace access two programs used everyone emails generated users populated oracle important save information contained automatically generated email safe place cutover able use accounts domino account email contains randomly generated password user lost password must reset cause delays extra effort user getting access thanks,HR & Internal
<24783359.1075840465096.JavaMail.evans@thyme>,515,87,Morning,tom attached pareto analysis requested trent month march chart covers site top status messages status messages provided page table follows detailed information individual turbines also provided see faults originated please note report status messages include faults please let know need additional information best regards hollis,News & Media
<24721275.1075842515754.JavaMail.evans@thyme>,596,90,Evening,thanks heads talk tomorrow julia white drew fossum enron enron subject changes drew mike said would get changes made press release close julia amber white julia white enron enron subject changes julia attached enrononline release reflecting verbiage changes dave made satisfy moran concerns wholly owned language second paragraph let know questions thanks,News & Media
<31742729.1075842428817.JavaMail.evans@thyme>,2320,281,Morning,pls print full copy mike thanks shelley corman mary kay miller enron enron drew fossum enron enron jack boatman fgt enron enron rachel cady fgt enron enron dave neubauer enron enron rod hayslett fgt enron enron subject draft may project presentation fyi attached copy project status presentation made next week stan may staff meeting purpose presentation present list brainstorming ideas apr offsite session gpg management get preliminary feedback kinds ideas would like see proceed never meant definitive plan implementing ideas always envisioned individual commercial groups picking ideas liked wanted implement developing detailed plans implementing shelley corman scott coburn npng enron enron julia white enron enron steve hotte corp enron enron steven january enron enron lynn blair enron enron sheila nacey enron enron bob hall fgt enron enron donna scott fgt enron enron dana jones enron enron rick dietz enron enron tina dunnaway fgt enron enron richard shepherd npng enron enron dan fancler enron enron steve gilbert enron enron john freeman npng enron enron shahnaz lakho fgt enron enron donna scott fgt enron enron ray neppl npng enron enron bob martinez enron enron kimberly watson enron enron williams enron enron tamara hopkins enron enron caroline barnes fgt enron enron tony pryor enron enron steven harris enron enron maria pavlou enron enron ricki winters enron enron ruth mann enron enron subject draft may project presentation attached current draft project presentation first set slides includes overview explanation presentation focueses ideas electronic contracting presentation team real time invoice vision team auction thoughts next package would team knowledge call center concept last least would team internet intranet concept,HR & Internal
<28073093.1075842429870.JavaMail.evans@thyme>,988,178,Afternoon,recall set warning flag approach market services last year make sure sempra never goes physical without manning battle stations deciding guys know noms would come market services sempra ever decided try take gas cunningham move system care venture guess person would nom sempra contract haul cunningham storage point demarc hit desk sempra nom gas transport contract without first giving kent sue morgan physical delivery nom agreement correct point would immediately nom sba correct issues may important closing year deal tcem come corp guarantee retain absolute control noms really physical risk need think,Legal & Regulatory
<8263109.1075842457720.JavaMail.evans@thyme>,2320,281,Morning,pls print full copy mike thanks shelley corman mary kay miller enron enron drew fossum enron enron jack boatman fgt enron enron rachel cady fgt enron enron dave neubauer enron enron rod hayslett fgt enron enron subject draft may project presentation fyi attached copy project status presentation made next week stan may staff meeting purpose presentation present list brainstorming ideas apr offsite session gpg management get preliminary feedback kinds ideas would like see proceed never meant definitive plan implementing ideas always envisioned individual commercial groups picking ideas liked wanted implement developing detailed plans implementing shelley corman scott coburn npng enron enron julia white enron enron steve hotte corp enron enron steven january enron enron lynn blair enron enron sheila nacey enron enron bob hall fgt enron enron donna scott fgt enron enron dana jones enron enron rick dietz enron enron tina dunnaway fgt enron enron richard shepherd npng enron enron dan fancler enron enron steve gilbert enron enron john freeman npng enron enron shahnaz lakho fgt enron enron donna scott fgt enron enron ray neppl npng enron enron bob martinez enron enron kimberly watson enron enron williams enron enron tamara hopkins enron enron caroline barnes fgt enron enron tony pryor enron enron steven harris enron enron maria pavlou enron enron ricki winters enron enron ruth mann enron enron subject draft may project presentation attached current draft project presentation first set slides includes overview explanation presentation focueses ideas electronic contracting presentation team real time invoice vision team auction thoughts next package would team knowledge call center concept last least would team internet intranet concept,HR & Internal
<16162613.1075842457863.JavaMail.evans@thyme>,446,68,Morning,pls print thanks david foti rosemary gracey enron enron john dushinske enron enron drew fossum enron enron subject final presenation rosemary please forward hubbard meeting participants may good remind best printed color also make change save print risk font change saw earlier thanks dave,HR & Internal
<12059443.1075842499047.JavaMail.evans@thyme>,2652,428,Afternoon,cool thanks jim talcott kathy ringblom enron enron drew fossum enron enron subject scoreboard fyi jrt michel nelson mike mcgowan enron enron rob wilson enron enron jim talcott enron enron subject scoreboard fyi brian poock michel nelson enron enron tom gilbert enron enron subject scoreboard met ray polly pettingill last night made decision scoreboard model made fair play company quote delivered options need buy tax donate money school tax item preventing placing order word memorial polly going visit kids get thoughts also pettingill asked discussion monday nights school board meeting proposal name football field dan reedy field goes memorial panel may say welcome dan reedy memorial field soon make decision finalize art work takes week additional weeks delivery athletic director real fireball ray working directly school superintendent spoke superintendent last night stated would like donate money purchase scoreboard cautious agreeing anything without knowing details ray drop materials collected scoreboard company today get speed prior monday board meeting visit next week stated last meeting ray interested performing installation also waterloo employees aware want take part installation informed ray last night problem plan one recommendation wish make cost savings installation dedicate tom budget cover incidentals installation oversee purchase items purchasing card think ray capable getting material donated way would much easier donating extra money school trying work school pay items communicated plans date lana reedy loop brian,HR & Internal
<23078937.1075842499115.JavaMail.evans@thyme>,446,68,Morning,pls print thanks david foti rosemary gracey enron enron john dushinske enron enron drew fossum enron enron subject final presenation rosemary please forward hubbard meeting participants may good remind best printed color also make change save print risk font change saw earlier thanks dave,HR & Internal
<31578627.1075842499671.JavaMail.evans@thyme>,1788,296,Afternoon,talked tino monaldo dennis langley lawyer project manager pueblo project explained bill bill credentials concerns tino suggested sit enron government contracts team might helpful offered houston probably late next week following week attending would dennis tino outside lawyers jim slattery rick harrington harrington key retired military guy one lead govt contracts lawyers old firm would basically put dog pony walking sole source strategy including legal interpretations allies lined within doe dod bill bill meeting sound productive outside govt contracts counsel present suggest related note tino explained without asking really caring middle big drafting project revising dennis joint venture agreement isleta took opportunity express concern far road dennis getting overall deal including structure issues without knowing whether enron even board reminded tino gpg committed participating pipeline power plant obtained ena agreement commit turbines apparently dennis believes economics pans enron someone else yet identified magically jump deal money turbines etc enron eventually decide get deal agreements promises dennis already made may need revisited thanks patience project,Legal & Regulatory
<5122466.1075840474445.JavaMail.evans@thyme>,613,109,Evening,reconciliation hafslund energy trading period november thru march december months agree placed entry dms cover december epmi showing net payable hafslund invoice hafslund shows epmi owing period rebecca grace stated reconciliation scheduling sheets december done difference may scheduling issue also stated reconciliation long process supplied carp report showing deal detail may help thanks mark,Energy Trading
<5079887.1075840475154.JavaMail.evans@thyme>,699,108,Afternoon,icon closed monday observance memorial day holiday next week also payroll week make smooth easy process everyone ask hours timesheets turned noon friday anticipate hours weekend please make sure get complete hours worked later tuesday avoid additional hours processed payroll thank advance understanding cooperation icon information consultants loop south houston fax timesheets iconconsultants com mailto timesheets iconconsultants com,HR & Internal
<23181746.1075840476083.JavaMail.evans@thyme>,1204,155,Evening,let take liberty introducing shawna williams along perrin worrell assist sales support team icon information consultants continuing effort service employees process updating employee database files would like ensure date current contact information every employee please take minutes update information return email soon possible trying complete process may thank advance immediate attention employee information current home address home work cell number pager emergency contact name number assignment information current position title manager report skill set thanks shawna williams icon information consultants fax swilliams iconconsultants com mailto swilliams iconconsultants com,News & Media
<20254712.1075840476424.JavaMail.evans@thyme>,335,61,Afternoon,need update dll system get free chance get everything let know process take minutes correct problem california imbalance showing ectstcal instead eesi thanks michael tully trade floor support specialist enron portland,News & Media
<5803712.1075840476693.JavaMail.evans@thyme>,459,81,Afternoon,list receive dow jones index price information kate symes kysa alport used receive forwarded corners cob mid palo verde mead marketplace index information peak firm non firm energy date range please let know need information need index information another time period virginia,Energy Trading
<30605380.1075855739834.JavaMail.evans@thyme>,658,113,Morning,randall gay hou ect ect jeffrey gossett hou ect ect subject sitara deal alteration hello trouble calc ing physical books yesterday pinponted deal addition yesterday order get calc deleted day deal course back wanted let know happening deal mmbtu canada buying ena west entry dated pgen kingsgate king pgen kingsgate king fee daily cgpr let rich gebauer know end great weekend brian,News & Media
<17773063.1075855745090.JavaMail.evans@thyme>,566,79,Afternoon,marlene following information per request set transcolorado pipeline global transcolorado gas transmission company interstate pipeline address van gordon street lakewood phone main contact steve irizarry rate zones rocky mountains san juan imelda curves need set rocky mountains curve wyoming hub san juan curve paso san juan non bondad thanks let know additional questions,Energy Trading
<7116044.1075853835580.JavaMail.evans@thyme>,339,63,Afternoon,parking dth day cng deal taking dth day month june deal ena paying cng times total volume parked angie volumes may think tenn still trying balance weekend little long clarissa let know,Financial & Accounting
<4693866.1075853836102.JavaMail.evans@thyme>,294,57,Morning,today gas day ena balance dth ces storage still dth inject month may reach approved max monthly injection amount sitara showing dth ena gas coming storage month august,Financial & Accounting
<21095236.1075853836257.JavaMail.evans@thyme>,1484,241,Afternoon,spoke ces ces keep national fuel month june since june last month please call get chance discuss everything discuss equitrans gas ces want talk scott tomorrow john singer enron chris germany hou ect ect subject questa petroleum home yet may take penn fuel left message equitable see interested peoples eog equitrans penn fuel going cpa bary vanderhorst ees might interested wll contact equitable contact dominion see interested gas john chris germany ect john singer corp enron enron subject questa petroleum home explor behind penn fuel june left message charlie ces morning citygate production also trying get bid cng month june eog peoples gas keep posted john singer enron chris germany hou ect ect subject questa petroleum chris germany ect john singer corp enron enron subject questa petroleum current citygate production worksheet,Energy Trading
<286136.1075853836583.JavaMail.evans@thyme>,487,84,Afternoon,sale tractebel cgas price discrepancy deal took ces wholesale terms per confirm tractebel faxed term type efp differential point tco pool trans date sitara deals price sitara tco index elizabeth faxed confirm gladly give david please take look let elizabeth know price sitara thanks,Energy Trading
<13669185.1075840534238.JavaMail.evans@thyme>,1227,201,Night,pager number cell number port aranasas friday morning back houston cell phone turned trip home voicemail cell phone anything happen could leave voicemail home check every hour friday places eat north landry seafood house yuk tortuga mexican good guadalajara guadalajara good mexican food olive garden carrabba macaroni grill tgi friday chili misspellings done purpose coming back friday lots fish germany mary cor mgermany com chris germany enron com chris germany enron com subject friday forget cell phone number hope works still one pick luggage passenger pick cell phone call whether cell phone pay phone see friday mary germany manager accounts payable payroll accounting support fax email mgermany com,Financial & Accounting
<13612854.1075853691697.JavaMail.evans@thyme>,438,67,Morning,good thing good looking stud sylvia campos chris germany hou ect ect subject trco contract end date changed allowed make mistakes sylvia chris germany sylvia campos hou ect ect brenda fletcher hou ect ect subject trco contract changed end date transco deal mistake,Legal & Regulatory
<17124635.1075853691720.JavaMail.evans@thyme>,3861,307,Morning,anne filas afilas keyspanenergy com sjfuel mindspring com supply castlepower com bonafide fuel oil bonafide fuel oil worldnet att net energon energon aol com jbutkus jbutkus utilicorp com sjfuel sjfuel aol com angerman darren transcanada com baker sharon sharonbaker williams com baratz phil pbaratz totalnrg com barnett tracey tracey barnett perrygas com barth gerry gbbarth njng com bender cary aol com blackowell duane vapower com bosco chris csb ptrcom com botero claudia claudia botero usa conoco com breslin james james breslin pseg com brown darryl daryl brown williams com burgess james jburgess noblegas com cammarata ecammarata sempratrading com campo thomas tcampo njne com casas melanie mcasas hess com chin debbie dchin allenergy com clark tom tim clark pge com colburn andrea acolburn ees enron com crowley jackie jcrowley sempratrading com cruikshank ken cruikshankk conedsolutions com foard jean jfoard coral energy com foxen tim tim foxen nrgenergy com frey bryan bryan frey gen pge com frezza christine cfrezza nui com furtado cfurtado beaconenergy com garner paul pegarner duke energy com garofalow janet jgarofalow castlepower com gennarini rob rob gennarini conectiv com gizzilli mark markg cook inlet com gorden kim kmgorden duke energy com holub karen kholub pcenergy com horowitz saul saulh econnergy com irwin rob rirwin sempratrading com jacobini charles charles jacobini acnenergy com jacomini tommy tjacomini sempratrading com jendras chris jendrasc conedenergy com jessop michael vapower com johnson criss texaco com kain terry tkain worldnet att net karlovic mario karlovicm conedenergy com kozak anna gasmaster worldnet att net krauser ryan ryan krauser nrgenergy com levy robert metroenergy worldnet att net litner kristy kmli dynegy com lombardi charles clombardi advanix net mansfield marci marci mansfield pgees com mazzei marino bonafidefuel oil worldnet att net mccartney bill mccarwh texaco com morris laurence lsmorris metromediaenergy com mueller dave dmueller sempratrading com murray bruce bmurray pwrteam com muscarello tony tony muscarello cesource com naeser martha mnaeser naenergy com novsek bizik kim knovsek columbiaenergy com nunziato carl carl nunziato southernenergy com otterstedt mark maotters utilicorp com phillip terryl terryl filip usa conoco com profitt scott sdpr dynergy com quartier sandy quartiersm nmenergy com rangel sandy sandyrengel engageenergy com ross lynn lross allenergy com schiavi julia jschiavi hess com silbert david kochind com smith maureen maureen smith enron com sullivan skip crabtax aol com sweeney eileen aol com tennariello vincent vincent tennariello pseg com toczyl james jtozz aol com updale jennifer jlupdale metromediaenergy com verona linda lverona hess com wagner chad cjwa dynegy com wood tracy tracy wood pgees com subject june capacity offer attached capacity release offer made keyspan new york keyspan long island difficulty opening attached file questions regarding package capacity offered please hesitate call bids must faxed later est thursday may thanks anne offer doc,News & Media
<16915784.1075853692154.JavaMail.evans@thyme>,294,57,Morning,today gas day ena balance dth ces storage still dth inject month may reach approved max monthly injection amount sitara showing dth ena gas coming storage month august,Financial & Accounting
<16115194.1075853694096.JavaMail.evans@thyme>,2114,354,Morning,steve follow make sure retail volumes get booked per scott mail want booked remaining term scott neal colleen sullivan hou ect ect steve jackson hou ect ect subject ces retail index positions definatley think book volumes reasons plus month seem decent estimate colleen sullivan scott neal hou ect ect steve jackson hou ect ect subject ces retail index positions scott problem getting booked want still think book flexibility takes flash actual great certainly less book anything plus least book something easier tell take volumes supposed addition per discussion retail dick meeting unlikely sale ces retail business would occur september october mind means may til end year would pretty much get end deal term finally chris dick gone point time need volume info obviously recommendation book want steve jackson colleen sullivan hou ect ect subject ces retail index positions fyi talked chris dick issue ces index positions reflected books chris concerned firm volume book since flexibility takes also said strong feeling ces retail may away near future book dick agreed maybe book anything right chris said look issue early next week get,HR & Internal
<8345039.1075853694209.JavaMail.evans@thyme>,1134,152,Afternoon,retracting previous message obviously know talking srm chris germany hou ect ect scott mills hou ect ect thomas engel hou ect ect scott goodell corp enron enron judy townsend hou ect ect dan junek hou ect ect colleen sullivan hou ect ect brenda fletcher hou ect ect subject capacity question mdq negotiated rate fuel entered primary ticket chris germany scott mills hou ect ect thomas engel hou ect ect dave nommensen hou ect ect scott goodell corp enron enron judy townsend hou ect ect dan junek hou ect ect colleen sullivan hou ect ect brenda fletcher hou ect ect subject capacity question fuel waivers cng transport contracts entereing fuel waivers primary capacity deal sitara need enter secondary capacity deal ticket also discount one tennessee contracts gas flowing gulf east region cng market east region transport capacity deal ticket enter discount,Energy Trading
<3918382.1075853726711.JavaMail.evans@thyme>,1007,149,Afternoon,kdestep columbiaenergygroup com joann collins enron com joann collins enron com porter jeffrey columbiaenergygroup com dalphon charles cdalpho columbiaenergygroup com kinney doug dkinney columbiaenergygroup com subject allocation june deal coh joann distribution ces deal chris charlie last week original deal volume dth month doug could please ask chris keep whole contracted price extra dth joann pls call trouble reading please note volumes timet thanks kara market enron request area dth per month dth per day total,Energy Trading
<11147862.1075853758792.JavaMail.evans@thyme>,1445,219,Morning,robert would put deals morning sheet please thanks using cpr storage deal ticket chris germany molly johnson hou ect ect joan veselack corp enron enron joann collins corp enron enron robert allwein hou ect ect elizabeth hernandez hou ect ect jeff westover hou ect ect mark feldman hou ect ect alicia perkins hou ect ect scott goodell corp enron enron david oliver hou ect ect crystal hyde hou ect ect bcc chris germany hou ect subject ces storage molly set following tickets capture cgas storage transactions work deal comment ces exchange buy use storage injections less proxy volume ces exchange sell use storage injections greater proxy volume ces sell proxy storage injection ticket volume change daily proxy volume month may inject transport use fill storage supply deal overinject like transport matched deal balance transport matched deal underinject use deal supply deal may seem little confusing please call still questions thanks,Financial & Accounting
<27733632.1075853758814.JavaMail.evans@thyme>,1605,236,Morning,fyi chris germany robert allwein hou ect ect joan veselack corp enron enron joann collins corp enron enron subject ces storage robert would put deals morning sheet please thanks using cpr storage deal ticket chris germany molly johnson hou ect ect joan veselack corp enron enron joann collins corp enron enron robert allwein hou ect ect elizabeth hernandez hou ect ect jeff westover hou ect ect mark feldman hou ect ect alicia perkins hou ect ect scott goodell corp enron enron david oliver hou ect ect crystal hyde hou ect ect bcc chris germany hou ect subject ces storage molly set following tickets capture cgas storage transactions work deal comment ces exchange buy use storage injections less proxy volume ces exchange sell use storage injections greater proxy volume ces sell proxy storage injection ticket volume change daily proxy volume month may inject transport use fill storage supply deal overinject like transport matched deal balance transport matched deal underinject use deal supply deal may seem little confusing please call still questions thanks,Financial & Accounting
<576037.1075853760057.JavaMail.evans@thyme>,2276,366,Morning,attached file contains daily volume requirements following day listed three worksheets labelled follows total reqs contains volumes ces requesting enron delivery points dates indicated columns labelled nom enron schedulers want check sheet see much gas needed specific point agl volumes timely ignored notice ces schedulers note attached file archived energy ops enron daily xls save duplicate copy elsewhere network daily change shows change increase decrease daily volume needed enron designated citygate delivery point relative supply volumes arranged previously enron prior current date current gas day change intra day change calculated using previous day volume request current day current gas day change computed respect request note procedure assumes prior day supply change fact effectuated tomorrow gas day subsequent ones shown change computed latest dth nomination requirement less first month supply volume plus minus adjustments made since first month fom supply future days shown today change etc computed respect first month volumes days adjusted additional purchases sell backs since first month thru sheet useful determining prices daily changes gas volumes take turn back column labelled ena daily swing fom volume shows absolute magnitude daily swings allowed ena pre specified prices prices swing volumes exceeding magnitudes swings delivery points without pre specified pricing must negotiated comments contains comments selected items various days hans herzog fax daily volsam xls,Energy Trading
<9729723.1075853760199.JavaMail.evans@thyme>,1432,194,Morning,chris mike tco approved eom overinjection storage according gas control already approved may also becher gas control approved tomorrow overinjection total net thanks joann enron north america corp joann collins chris germany hou ect ect dick jenkins hou ect ect joan veselack corp enron enron robert allwein hou ect ect katherine kelly hou ect ect victor lamadrid hou ect ect subject stoi overinjection may humphreys tco gas control approved overinjection total net storage thanks joann chris germany ect alicia perkins hou ect ect dick jenkins hou ect ect david oliver hou ect ect crystal hyde hou ect ect joan veselack corp enron enron joann collins corp enron enron robert allwein hou ect ect scott goodell corp enron enron subject cgas storage made big changes cgas storage deals changes ticket day weekend injecting dth show volume coming june also made dth change volumes coming august still showing withdrawal ena balance august let know questions,Financial & Accounting
<24806357.1075853760603.JavaMail.evans@thyme>,673,100,Afternoon,scott goodell chris germany hou ect ect achin colcnr com subject east tennessee nora rate based transport tennessee index follows april may tgp index fuel commodity tgp demand gas cost etng chris germany ect scott goodell corp enron enron subject east tennessee nora rate achin colcnr com chris germany enron com subject east tennessee nora rate get chance get rate need invoices sent tomorrow last month rate,Energy Trading
<347040.1075845146919.JavaMail.evans@thyme>,487,86,Night,looky opened email stuff tucked away different directory going thru still need addressed darla saucier enron chris germany hou ect ect subject production new power hey chris amount look correct actually owe new power mentioned showing balance due could please verify asap thanks,Financial & Accounting
<6184988.1075845148325.JavaMail.evans@thyme>,499,82,Evening,demand charges showing still problem invoice transco scheduler informed taken volume unify item need actualized volume management know part works dara volume manangement darla saucier enron chris germany hou ect ect subject oglethorpe invoice april embedded stdolelink,HR & Internal
<20011325.1075845148735.JavaMail.evans@thyme>,634,87,Evening,victor matter pick goodell someone else depp bob bob depp williams com cgerman ect enron com cgerman ect enron com subject termination inactive gasquest user ids chris expired access four persons requested terminated additionally need update security administrator records replacing dan junek someone else perhaps rate need name business address phone fax number designated security administrator questions please advise thanks chris bob,News & Media
<24940887.1075840512177.JavaMail.evans@thyme>,389,72,Afternoon,analyst named denver platchy went aquila time brad denver still susan scott spoke yesterday denver told susan yesterday brad week thought brad lot money year germany chris susan west desk yesterday last day going paris take language classes wow,Energy Trading
<13384141.1075853800997.JavaMail.evans@thyme>,613,84,Morning,one free soda upon request providing pocket angie zeman enron chris germany hou ect ect gloria barkowsky hou ect ect wade price hou ect ect victor lamadrid hou ect ect katherine kelly hou ect ect mary theresa franklin hou ect ect scott hendrickson hou ect ect subject appalachian pools fyi thanks help terry franklin dominion transmission ces cem appalachian pools combined ena pools beginning june hopefully help alleviate confusion hassle everyone,Energy Trading
<19740683.1075853856200.JavaMail.evans@thyme>,3822,305,Morning,anne filas afilas keyspanenergy com sjfuel mindspring com supply castlepower com bonafide fuel oil bonafide fuel oil worldnet att net costese costese nmenergy com energon energon aol com jbutkus jbutkus utilicorp com nygas nygas webspan net scovino scovino ees enron com sjfuel sjfuel aol com angerman darren transcanada com baker sharon sharonbaker williams com baratz phil pbaratz totalnrg com barnett tracey tracey barnett perrygas com barth gerry gbbarth njng com bender cary aol com blackowell duane vapower com bosco chris csb ptrcom com botero claudia claudia botero usa conoco com breslin james james breslin pseg com brown darryl daryl brown williams com burgess james jburgess noblegas com campo thomas tcampo njne com casas melanie mcasas hess com chin debbie dchin allenergy com clark tom tim clark pge com colburn andrea acolburn ees enron com crowley jackie jcrowley sempratrading com cruikshank ken cruikshankk conedsolutions com crupi terry tjcrupi papl com filgaras susan ceine aol com foard jean jfoard coral energy com frey bryan bryan frey gen pge com frezza christine cfrezza nui com furtado cfurtado beaconenergy com garner paul pegarner duke energy com garofalow janet jgarofalow castlepower com gennarini rob rob gennarini conectiv com gilbert carolyn aol com gizzilli mark markg cook inlet com gorden kim kmgorden duke energy com holub karen kholub pcenergy com horowitz saul saulh econnergy com jacobini charles charles jacobini acnenergy com jacomini tommy tjacomini sempratrading com jessup mike vapower com johnson criss texaco com kain terry tkain worldnet att net karlovic mario karlovicm conedenergy com kozak anna gasmaster worldnet att net levy robert metroenergy worldnet att net litner kristy kmli dynegy com lombardi charles clombardi advanix net mansfield marci marci mansfield pgees com mazzei marino bonafidefuel oil worldnet att net mccartney bill mccarwh texaco com morris laurence lsmorris metromediaenergy com mueller dave dmueller sempratrading com murray bruce bmurray pwrteam com muscarello tony tony muscarello cesource com naeser martha mnaeser naenergy com novsek bizik kim knovsek columbiaenergy com nunziato carl carl nunziato southernenergy com otterstedt mark maotters utilicorp com phillip terryl terryl filip usa conoco com profitt scott sdpr dynergy com quartier sandy quartiersm nmenergy com rangel sandy sandyrengel engageenergy com ross lynn lross allenergy com schiavi julia jschiavi hess com silbert david kochind com smith maureen maureen smith enron com sweeney eileen aol com tennariello vincent vincent tennariello pseg com toczyl james jtozz aol com updale jennifer jlupdale metromediaenergy com verona linda lverona hess com wagner chad cjwa dynegy com wood tracy tracy wood pgees com subject capacity release offer attached capacity release offer made brooklyn union new york formerly brooklyn union brooklyn union long island formerly long island lighting difficulty opening attached file questions please call bids must faxed later est friday may thanks anne capacity release doc,News & Media
<13150869.1075853856290.JavaMail.evans@thyme>,2114,354,Morning,steve follow make sure retail volumes get booked per scott mail want booked remaining term scott neal colleen sullivan hou ect ect steve jackson hou ect ect subject ces retail index positions definatley think book volumes reasons plus month seem decent estimate colleen sullivan scott neal hou ect ect steve jackson hou ect ect subject ces retail index positions scott problem getting booked want still think book flexibility takes flash actual great certainly less book anything plus least book something easier tell take volumes supposed addition per discussion retail dick meeting unlikely sale ces retail business would occur september october mind means may til end year would pretty much get end deal term finally chris dick gone point time need volume info obviously recommendation book want steve jackson colleen sullivan hou ect ect subject ces retail index positions fyi talked chris dick issue ces index positions reflected books chris concerned firm volume book since flexibility takes also said strong feeling ces retail may away near future book dick agreed maybe book anything right chris said look issue early next week get,HR & Internal
<14673659.1075853856405.JavaMail.evans@thyme>,397,70,Afternoon,fuel waivers cng transport contracts entereing fuel waivers primary capacity deal sitara need enter secondary capacity deal ticket also discount one tennessee contracts gas flowing gulf east region cng market east region transport capacity deal ticket enter discount,Energy Trading
<13995387.1075854410653.JavaMail.evans@thyme>,1259,93,Afternoon,veronica espinoza enron enronxgate diane anderson enron enron derek bailey corp enron enron david baumbach hou ect ect jean bell hou ect ect patricia boulanger cal ect ect bob bowen hou ect ect julie brewer enron enron lesli campbell enron enronxgate celeste cisneros enron enronxgate sharon crawford cal ect ect richard deming enron enron russell diamond enron enronxgate cindy feldman cal ect ect darron giron hou ect ect jeffrey gossett hou ect ect guidroz walter walter guidroz enron com smtp enronxgate larry joe hunter hou ect ect kam keiser hou ect ect phillip love hou ect ect errol mclaughlin corp enron enron nidia mendoza enron enronxgate tom moran enron enronxgate bianca ornelas enron enron sarah pernul cal ect ect leslie reeves hou ect ect tanya rohauer enron enronxgate dianne seib cal ect ect linda sietzema cal ect ect kim theriot hou ect ect ellen wallumrod enron enron tiffany williams enron enron jason williams enron enronxgate darren vanek enron enronxgate rudwell johnson enron enronxgate aparna rajaram enron enronxgate brant reves enron enronxgate russell diamond enron enronxgate subject credit report,News & Media
<15630809.1075854411020.JavaMail.evans@thyme>,1035,79,Morning,veronica espinoza enron enronxgate diane anderson enron enron derek bailey corp enron enron david baumbach hou ect ect jean bell hou ect ect patricia boulanger cal ect ect bob bowen hou ect ect julie brewer enron enron lesli campbell enron enronxgate celeste cisneros enron enronxgate sharon crawford cal ect ect richard deming enron enron russell diamond enron enronxgate cindy feldman cal ect ect darron giron hou ect ect jeffrey gossett hou ect ect walter guidroz enron enronxgate larry joe hunter hou ect ect kam keiser hou ect ect phillip love hou ect ect errol mclaughlin corp enron enron nidia mendoza enron enronxgate tom moran enron enronxgate bianca ornelas enron enron leslie reeves hou ect ect tanya rohauer enron enronxgate dianne seib cal ect ect linda sietzema cal ect ect kim theriot hou ect ect ellen wallumrod enron enron melinda whalen cal ect ect tiffany williams enron enron subject credit report,News & Media
<14929123.1075854359027.JavaMail.evans@thyme>,1035,79,Morning,veronica espinoza enron enronxgate diane anderson enron enron derek bailey corp enron enron david baumbach hou ect ect jean bell hou ect ect patricia boulanger cal ect ect bob bowen hou ect ect julie brewer enron enron lesli campbell enron enronxgate celeste cisneros enron enronxgate sharon crawford cal ect ect richard deming enron enron russell diamond enron enronxgate cindy feldman cal ect ect darron giron hou ect ect jeffrey gossett hou ect ect walter guidroz enron enronxgate larry joe hunter hou ect ect kam keiser hou ect ect phillip love hou ect ect errol mclaughlin corp enron enron nidia mendoza enron enronxgate tom moran enron enronxgate bianca ornelas enron enron leslie reeves hou ect ect tanya rohauer enron enronxgate dianne seib cal ect ect linda sietzema cal ect ect kim theriot hou ect ect ellen wallumrod enron enron melinda whalen cal ect ect tiffany williams enron enron subject credit report,News & Media
<21121517.1075854390352.JavaMail.evans@thyme>,1033,79,Morning,veronica espinoza enron enronxgate diane anderson enron enron derek bailey corp enron enron david baumbach hou ect ect jean bell hou ect ect patricia boulanger cal ect ect bob bowen hou ect ect julie brewer enron enron lesli campbell enron enronxgate celeste cisneros enron enronxgate sharon crawford cal ect ect richard deming enron enron russell diamond enron enronxgate cindy feldman cal ect ect darron giron hou ect ect jeffrey gossett hou ect ect walter guidroz enron enronxgate larry joe hunter hou ect ect kam keiser hou ect ect phillip love hou ect ect errol mclaughlin corp enron enron nidia mendoza enron enronxgate tom moran enron enronxgate bianca ornelas enron enron sarah pernul cal ect ect leslie reeves hou ect ect tanya rohauer enron enronxgate dianne seib cal ect ect linda sietzema cal ect ect kim theriot hou ect ect ellen wallumrod enron enron tiffany williams enron enron subject credit report,News & Media
<24070210.1075854390402.JavaMail.evans@thyme>,1441,189,Morning,fyi mechelle atwood enron enronxgate robert hall enron enronxgate jeffrey gossett hou ect ect bryce baxter hou ect ect wes colwell enron enronxgate john boudreaux andersen com john boudreaux andersen com smtp enronxgate kate agnew andersen com kate agnew andersen com smtp enronxgate nicole mendez enron enronxgate subject gas trading audit notification gas trading audit scheduled begin may expected take approximately two three months complete audit executed arthur andersen led kate agnew schedule opening meeting week may discuss audit scope concerns suggestions may objective audit determine whether procedures controls exercised activities adequate operating effectively results audit discussed appropriate personnel audit audit closing meeting endeavor conduct audit manner minimize interruption normal business activities look forward working personnel please call questions mechelle atwood director enron assurance services enron wholesale services location mechelle atwood enron com,Financial & Accounting
<5233625.1075854390799.JavaMail.evans@thyme>,578,97,Afternoon,made good progress resolving ena variances october prior production periods past three months shared goal may accounting period resolve variances december production month prior realize entail large effort everyone part however provide ena current variance data eliminate possibility carrying variances prolonged period time exposure schedule questions please let know thank john,Financial & Accounting
<9435991.1075854390865.JavaMail.evans@thyme>,548,78,Morning,eric please follow joe arrived amounts annuities thanks larry joe hunter darron giron hou ect ect julie brewer enron enron jean bell hou ect ect subject tagg annuities darron audit purposes give brief description value annuities tagg add comments tagg cover send termination agreements necessary thanks joe hunter,Financial & Accounting
<17229647.1075854391783.JavaMail.evans@thyme>,578,97,Afternoon,made good progress resolving ena variances october prior production periods past three months shared goal may accounting period resolve variances december production month prior realize entail large effort everyone part however provide ena current variance data eliminate possibility carrying variances prolonged period time exposure schedule questions please let know thank john,Financial & Accounting
<16095420.1075854391854.JavaMail.evans@thyme>,1254,213,Afternoon,jeff discussed today following trv trader report viewer project status trv targeted implemented may scheduled trv development security setup completed ready presented traders hal meet phillip kam tomorrow provide trv system administrator rights review publish region reports meet darron david errol scheduled early next week provide trv system administrator rights review publish region reports conclusion review determine roll training remaining team members within region region leads provide training team members currently trv running development environment review period upon conclusion review period ask approval uat signoff order transition system production environment thank team members everyone help support initiative please let know questions shirley mcdowell trv project project manager,HR & Internal
<28078097.1075854393220.JavaMail.evans@thyme>,1035,79,Morning,veronica espinoza enron enronxgate diane anderson enron enron derek bailey corp enron enron david baumbach hou ect ect jean bell hou ect ect patricia boulanger cal ect ect bob bowen hou ect ect julie brewer enron enron lesli campbell enron enronxgate celeste cisneros enron enronxgate sharon crawford cal ect ect richard deming enron enron russell diamond enron enronxgate cindy feldman cal ect ect darron giron hou ect ect jeffrey gossett hou ect ect walter guidroz enron enronxgate larry joe hunter hou ect ect kam keiser hou ect ect phillip love hou ect ect errol mclaughlin corp enron enron nidia mendoza enron enronxgate tom moran enron enronxgate bianca ornelas enron enron leslie reeves hou ect ect tanya rohauer enron enronxgate dianne seib cal ect ect linda sietzema cal ect ect kim theriot hou ect ect ellen wallumrod enron enron melinda whalen cal ect ect tiffany williams enron enron subject credit report,News & Media
<3960493.1075849644553.JavaMail.evans@thyme>,478,84,Afternoon,john attached workbooks compare implied volatility market data ena curves june october december contracts sure current skew table attached workbooks took last months table rolled contracts month may became june etc made adjustments skew table happy come talk files want thanks ken,Energy Trading
<6709170.1075849644796.JavaMail.evans@thyme>,1036,161,Evening,today edition time information private use recipient may disclosed entity including affiliates without prior written consent enron north america prices indicative prices subject change depending upon changin market conditions liquidity transactions also subject negotiation mutually acceptable definitive agreements satisfactory credit arrangements approval respective management two companies term sheet intended create binding enforceab contract offer commitment enter transaction terms subject change agreement specific transacti reached ena acting fiduciary advisor shou evaluate understand terms conditions risks transaction making decisions respect theret,Legal & Regulatory
<5150993.1075849645058.JavaMail.evans@thyme>,792,147,Afternoon,always said would end working together stage actually logged mail system london currently working project enron metals trading still employed cap gemini ernst young though houston like hot usual guess enron keeps busy fair bit travelling around europe lately london actually feels like short distance nice place since everybody speaks english working enron challangening task going interesting project back home life goes got married last october really enjoy house sence pity away much got cheers anders,Energy Trading
<10293204.1075849647685.JavaMail.evans@thyme>,795,117,Afternoon,markets digest impact ecb surprising apparently credibility damaging interest rate cut european asset markets euro fed rub salt wounds week another aggressive ease policy although may last ease year recent market moves suggest fed done enough support hopes recovery ecb contrast last week price action still way leaving eur usd vulnerable new lows short term see attached file pdf carr futures wacker suite chicago usa tel fax soblander carrfut com http www carrfut com pdf,Financial & Accounting
<7873018.1075849663845.JavaMail.evans@thyme>,792,147,Afternoon,always said would end working together stage actually logged mail system london currently working project enron metals trading still employed cap gemini ernst young though houston like hot usual guess enron keeps busy fair bit travelling around europe lately london actually feels like short distance nice place since everybody speaks english working enron challangening task going interesting project back home life goes got married last october really enjoy house sence pity away much got cheers anders,Energy Trading
<20306893.1075849664084.JavaMail.evans@thyme>,411,58,Morning,several people asked read carr futures option candlestick charts attached research note discussing tracking trading option volatility see attached file tracking trading nat gas vols pdf carr futures wacker suite chicago usa tel fax soblander carrfut com http www carrfut com tracking trading nat gas vols pdf,Energy Trading
<11140116.1075849672462.JavaMail.evans@thyme>,1043,165,Afternoon,today edition enjoy leafs information private use recipient may disclosed entity including affiliates without prior written consent enron north america prices indicative prices subject change depending upon changin market conditions liquidity transactions also subject negotiation mutually acceptable definitive agreements satisfactory credit arrangements approval respective management two companies term sheet intended create binding enforceab contract offer commitment enter transaction terms subject change agreement specific transacti reached ena acting fiduciary advisor shou evaluate understand terms conditions risks transaction making decisions respect theret,Legal & Regulatory
<8505177.1075849673546.JavaMail.evans@thyme>,1213,192,Evening,today report tomorrow next report monday happy mother day mother information private use recipient may disclosed entity including affiliates without prior written consent enron north america prices indicative prices subject change depending upon changin market conditions liquidity transactions also subject negotiation mutually acceptable definitive agreements satisfactory credit arrangements approval respective management two companies term sheet intended create binding enforceab contract offer commitment enter transaction terms subject change agreement specific transacti reached ena acting fiduciary advisor shou evaluate understand terms conditions risks transaction making decisions respect thereto mark smith manager enron north america mark smith enron com,Legal & Regulatory
<8057208.1075849674058.JavaMail.evans@thyme>,1064,156,Afternoon,information contained herein based sources believe reliable represent accurate complete nothing contained herein considered offer sell solicitation offer buy financial instruments discussed herein opinions expressed herein solely author may differ material respects expressed published behalf carr futures officers directors employees affiliates carr futures charts recent version adobe acrobat print clearly adobe acrobat reader higher adobe acrobat reader may downloaded free www adobe com see attached file crudedeviation pdf see attached file paddiistocks price pdf carr futures wacker suite chicago usa tel fax soblander carrfut com http www carrfut com crudedeviation pdf paddiistocks price pdf,Energy Trading
<23128394.1075855587719.JavaMail.evans@thyme>,482,80,Morning,attached revised credit watch listing week personnel group included distribution please insure receive copy report add additional people distribution report sent error please contact veronica espinoza questions please contact jason williams russell diamond veronica espinoza,News & Media
<4660660.1075855590580.JavaMail.evans@thyme>,369,58,Morning,yahoo news edit breaking news alerts yahoo breaking news alert edit london prime minister tony blair calls national election june click image longer wish receive alert click unsubscribe questions send feedback copyright yahoo inc rights reserved yahoo privacy policy,HR & Internal
<16716463.1075855590694.JavaMail.evans@thyme>,382,63,Night,yahoo news edit breaking news alerts yahoo breaking news alert edit beijing china says allow downed navy spy plane fly home click image longer wish receive alert click unsubscribe questions send feedback copyright yahoo inc rights reserved yahoo privacy policy,HR & Internal
<16180080.1075855588272.JavaMail.evans@thyme>,898,132,Morning,daily riddle today riddle using numbers use number time make rows sum total digits direction always find answer today sponsor please take moment visit today sponsor website free trial try linkdoctor today ultimate link checker websites reports broken links search engine ranking popularity broken links search engines sure tell associates free trial href http www assist com www assist com answer today riddle currently subscribed riddles mike grigsby enron com unsubscribe send blank email leave riddles riddlesandmore net,News & Media
<11004424.1075855588793.JavaMail.evans@thyme>,655,117,Afternoon,two documents regarding hunting beach modernization project placed online http www energy gov sitingcases huntingtonbeach documents index html would like subscribe mailing list please http www energy gov html listservers html web development team california energy commission ninth street sacramento samantha mickelson california energy commission media public communications,News & Media
<9652353.1075855589036.JavaMail.evans@thyme>,371,57,Morning,yahoo news edit breaking news alerts yahoo breaking news alert edit jerusalem explosion wounds two near jaffa gate jerusalem police said image image longer wish receive alert click unsubscribe questions send feedback copyright yahoo inc rights reserved yahoo privacy policy,HR & Internal
<20094141.1075855589079.JavaMail.evans@thyme>,1790,241,Morning,daily riddle today riddle rich man son kidnapped ransom note told bring valuable diamond phone booth middle public park plainclothes police officers surrounded park intending follow criminal messenger rich man arrived phone booth followed instructions police powerless prevent diamond leaving park reaching crafty villain always find answer today sponsor please take moment visit today sponsor amazing weight loss lose unwanted inches pounds start better swimsuit summer ahead href http www aaaopportunity com trace asp name riddles www aaaopportunity com trace asp name riddles losing weight easy system get today href http www aaaopportunity com trace asp name riddles www aaaopportunity com trace asp name riddles answer today riddle true story taiwan rich man reached phone booth found carrier pigeon cage message attached telling man put diamond small bag around pigeon neck release bird man police powerless follow bird returned across city owner currently subscribed riddles mike grigsby enron com unsubscribe send blank email leave riddles riddlesandmore net,Financial & Accounting
<30434538.1075855589108.JavaMail.evans@thyme>,352,54,Morning,yahoo news edit breaking news alerts yahoo breaking news alert edit washington wholesale prices rise percent april image image longer wish receive alert click unsubscribe questions send feedback copyright yahoo inc rights reserved yahoo privacy policy,Energy Trading
<17818924.1075855589245.JavaMail.evans@thyme>,1168,171,Night,esource presents lexis nexis training advanced session cover advanced searching tips also cover using smart indexing narrow search results find customize desktop easier searching attend lexis nexis advanced clinic may public records lexis nexis premier provider public record information learn materials available including secretary state filings dba ucc filings bankruptcies property records due diligence companies especially smaller ones session want attend attend lexis nexis public records clinic may noon seats fill fast reserve seat please call stephanie taylor cost per person shows charged please bring lexis nexis login password one guest provided check esource training page http esource enron com training doc additional training sessions vendor presentations http esource enron com,HR & Internal
<29301712.1075855602052.JavaMail.evans@thyme>,996,119,Night,daily riddle today riddle forward heavy backward occurs every minute twice every moment yet never thousand years always find answer today sponsor please take moment visit today sponsor house gifts gifts every occasion plus free horoscopes cartoons newsletters recipes craft projects monthly drawings weekly trivia contests href http www jandmhg com www jandmhg com answer today riddle word ton letter currently subscribed riddles mike grigsby enron com unsubscribe send blank email leave riddles riddlesandmore net,News & Media
<4578740.1075855602143.JavaMail.evans@thyme>,1047,143,Night,dear mike mail automated notification availability current natural gas intelligence newsletter please use username mgrigsby password access http intelligencepress com subscribers index html forgotten password please visit http intelligencepress com password html send would like stop receiving mail notifications publications available please reply message remove mail subject line thank subscription remember gasmart power tampa florida may keep finger pulse networking colleagues discussing industry issues visit www gasmart com register information information intelligence press products services including maps glossaries visit web site http intelligencepress com call toll free rights reserved intelligence press inc,Energy Trading
<25144921.1075855603335.JavaMail.evans@thyme>,515,83,Night,organization announcement pleasure announce kenneth lovejoy joined enron corp asset operations reporting directly donnie willmann support central america caribbean ees ken year experience environmental health safety oil gas industry working enron since extensive international experience excited ken team please welcome ken new role henry van,Financial & Accounting
<2440235.1075855603399.JavaMail.evans@thyme>,702,80,Night,daily riddle today riddle correct say yolk egg white yolk egg white always find answer today sponsor please take moment visit today sponsor answer today riddle neither yolk egg yellow currently subscribed riddles mike grigsby enron com unsubscribe send blank email leave riddles riddlesandmore net,News & Media
<25311501.1075855603571.JavaMail.evans@thyme>,2819,378,Morning,image image image mike weather image image spotlight watch atmospheres tonight tune atmospheres tonight join air force hurricane hunter mission flying eye storm also come atmospheres explores island bermuda discover beautiful island distinctly british feel tune atmospheres one hour weekly program profiles people relationship weather information click weather forecast weather forecast houston local forecast detailed forecast today mix clouds sun high winds mph tonight partly cloudy low light winds tomorrow mix clouds sun high winds mph tomorrow night partly cloudy low light winds image image day forecast image image today image partly cloudy image thu image partly cloudy image fri image partly cloudy image sat image partly cloudy image sun image partly cloudy image mon image partly cloudy image tue image partly cloudy doppler radar maps current conditions regional audio forecast regional severe weather alerts image city weather please click cool stuff lose pounds july dietsmart com local links planner spring air intend spend time outdoors click one links plan day local links image image image ski find local ski resorts check snowfall forecast snow quality map image image image planner schoolday forecast aviation index home garden image image image image image registered screen name weather com mike weather com emails never sent unsolicited would like unsubscribe please click send email unsubscribe subject line weather lifeminders com image image image image image weather com interactive weather phone weather pda talk mike weather com update weather profile change registration information unsubscribe contact privacy policy image,News & Media
<8822888.1075855604629.JavaMail.evans@thyme>,2225,279,Afternoon,image image image mike weather image image weather forecast weather forecast houston local forecast detailed forecast today clouds sun high winds mph tonight partly cloudy low calm winds tomorrow mix clouds sun high winds mph tomorrow night partly cloudy low calm winds image image day forecast image image today image mostly cloudy image sat image partly cloudy image sun image partly cloudy image mon image partly cloudy image tue image partly cloudy image wed image partly cloudy image thu image partly cloudy doppler radar maps current conditions regional audio forecast regional severe weather alerts image city weather please click local links planner spring air intend spend time outdoors click one links plan day local links image image image ski find local ski resorts check snowfall forecast snow quality map image image image planner schoolday forecast aviation index home garden image image image image image registered screen name weather com mike weather com emails never sent unsolicited would like unsubscribe please click send email unsubscribe subject line weather lifeminders com image image image image image weather com interactive weather phone weather pda talk mike weather com update weather profile change registration information unsubscribe contact privacy policy image,News & Media
<1006076.1075855605291.JavaMail.evans@thyme>,1176,159,Evening,dear mike mail automated notification availability current natural gas intelligence newsletter please use username mgrigsby password access ngi daily gas price index ngi weekly gas price index natural gas intelligence weekly newsletter http intelligencepress com subscribers index html forgotten password please visit http intelligencepress com password html send would like stop receiving mail notifications publications available please reply message remove mail subject line thank subscription remember gasmart power tampa florida may keep finger pulse networking colleagues discussing industry issues visit www gasmart com register information information intelligence press products services including maps glossaries visit web site http intelligencepress com call toll free rights reserved intelligence press inc,Energy Trading
<20121042.1075855605384.JavaMail.evans@thyme>,898,132,Morning,daily riddle today riddle using numbers use number time make rows sum total digits direction always find answer today sponsor please take moment visit today sponsor website free trial try linkdoctor today ultimate link checker websites reports broken links search engine ranking popularity broken links search engines sure tell associates free trial href http www assist com www assist com answer today riddle currently subscribed riddles mike grigsby enron com unsubscribe send blank email leave riddles riddlesandmore net,News & Media
<5245462.1075855605501.JavaMail.evans@thyme>,397,59,Afternoon,yahoo news edit breaking news alerts yahoo breaking news alert edit bilbao spain basque nationalists win key regional election preliminary official results show click image longer wish receive alert click unsubscribe questions send feedback copyright yahoo inc rights reserved yahoo privacy policy,HR & Internal
<8975914.1075855606031.JavaMail.evans@thyme>,374,58,Morning,yahoo news edit breaking news alerts yahoo breaking news alert edit rome rome mayor concedes defeat silvio berlusconi italian election click image longer wish receive alert click unsubscribe questions send feedback copyright yahoo inc rights reserved yahoo privacy policy,HR & Internal
<32021528.1075855609069.JavaMail.evans@thyme>,515,83,Night,organization announcement pleasure announce kenneth lovejoy joined enron corp asset operations reporting directly donnie willmann support central america caribbean ees ken year experience environmental health safety oil gas industry working enron since extensive international experience excited ken team please welcome ken new role henry van,Financial & Accounting
<24967901.1075855610162.JavaMail.evans@thyme>,707,111,Afternoon,attached revised credit watch listing week please note upstream energy services llc upstream energy company placed trades also bethlehem steel corporation westlake petrochemical corporation new additions require credit approval personnel group included distribution please insure receive copy report add additional people distribution report sent error please contact veronica espinoza questions please contact jason williams russell diamond veronica espinoza,News & Media
<17500786.1075855606723.JavaMail.evans@thyme>,933,104,Night,daily riddle today riddle lighter feather yet strongest person earth cannot hold several minutes always find answer today sponsor please take moment visit today sponsor house gifts gifts every occasion plus free horoscopes cartoons newsletters recipes craft projects monthly drawings weekly trivia contests href http www jandmhg com www jandmhg com answer today riddle breath currently subscribed riddles mike grigsby enron com unsubscribe send blank email leave riddles riddlesandmore net,News & Media
<21795054.1075855606766.JavaMail.evans@thyme>,1153,191,Evening,ever wonder sports drink like gatorade work much exercise much want bulk muscles creatine safe weight gaining powders work diet pills join joel bloom enron espeak tuesday march answer questions many http ethink enron com bloom associate professor department health human performance university houston joel specializes biomechanics sports medicine aquatic therapy strong advocate bringing back physical activity public schools texas commission bicycle safety also published several books numerous articles sports performance exercise biomechanics injury prevention training programs bloom talk sports drinks water truths myths stretching truths myths myths abdominal exercises supplements risks benefits food label reading fact fiction breakfast breakfast join tuesday march espeak,HR & Internal
<19885047.1075855607020.JavaMail.evans@thyme>,770,115,Night,severe thunderstorm warning national weather service houston galveston cdt sat may national weather service issued severe thunderstorm warning northern harris county southeast texas cdt cdt doppler radar indicated severe thunderstorm miles northwest spring moving south mph locations path severe thunderstorm include hooks airport spring bush intercontinental airport humble aldine move interior room lowest floor home business stay away windows please report severe weather county sheriff local police department public safety relay report national weather service,News & Media
<21059120.1075855608127.JavaMail.evans@thyme>,951,181,Afternoon,daily riddle today riddle note riddle must done head using paper pen take add add another add add another add add another add total always find answer today sponsor please take moment visit today sponsor played games http www riddlesandmore com games lots fun everyone answer today riddle people answer course correct answer currently subscribed riddles mike grigsby enron com unsubscribe send blank email leave riddles riddlesandmore net,News & Media
<23252842.1075840689526.JavaMail.evans@thyme>,2297,363,Morning,mark lakers one thing say maybe words men boys kick ass peaking right time dodgers first place kings gone beyond everyone expectations life good southern california side ramon got admitted hospital weekend started problem low blood sugar escalated weak heart problem shallow breathing respirator plan wean morning cita stressed thank god one neighbors spending night getting update today tests performed ramon know alot cita fairly well took four hour heart exam last week revealed last heart attack caused arterial damage doctor said younger would perform angioplasty case spirits remarkably high still mentally sharp another matter got call last friday ford motor credit regarding account left number asked could call able reach number left apparently left reference application hope looking forward seeing june love dave information transmitted intended person entity addressed may contain confidential privileged material intended recipient message hereby notified use review retransmission dissemination distribution reproduction action taken reliance upon message prohibited received error please contact sender delete material computer views expressed message individual sender may necessarily reflect views company,News & Media
<11381800.1075845026572.JavaMail.evans@thyme>,517,90,Evening,thoughts far initial legal team jeff hodge jim keller carol clair aaron rothwarg spot check forms next week conform forms ena forms next two months develop form approval process dual approvals ees ena develop deal approval process deals certain size material variations form would require concurrent ews approval request list major contract concerns traders items cannot hedged,Legal & Regulatory
<3632895.1075845027240.JavaMail.evans@thyme>,3444,408,Evening,electricity risk management workshop portfolio valuation optimization conference june washington overview current environment volatile energy prices deregulation become increasingly important electricity industry lea manage price risk euci presents two part workshop conference formatted beginner expert price risk management first workshop designed beginner prior experience risk management introduces basic vocabulary concepts concise easily understandable format forms foundation advanced concepts applied conference view details events please visit electricity risk management workshop http www euci com conferences htm portfolio valuation optimization conference http www euci com conferences htm list upcoming events transmission grid expansion system reliability conferences conference focus regulation regulatory legislative update incentives transmission grid expansion system reliability may denver http www euci com conferences htm conference focus pricing pricing incentives transmission expansion system reliability may denver http www euci com conferences htm market based planning transmission capacity expansion may denver http www euci com conferences htm short courses engineering planning aging infrastructures june washington http www euci com conferences htm generation developers need know transmission june washington http www euci com conferences htm distributed generation conferences distributed generation basics evaluation selection august denver colorado http www euci com conferences htm distributed generation conference august denver colorado http www euci com conferences htm distributed generation power quality solutions august denver colorado http www euci com conferences htm distributed generation interconnection challenges august denver colorado http www euci com conferences htm click event titles see links program agenda registration information online registration right han column depending upon browser monitor may need maximize page see links published conference proceedings recently held ancillary services conference associated pre post conference workshops table contents seen clicking proceedings pag http www euci com proceedings htm kindly forward announcement colleagues might benefit attending conferences workshops courses best regards mrig electric utility consultants inc euci preserve drive greenwood village lmrig euci com send note wish receive announcements,Legal & Regulatory
<14107486.1075845028178.JavaMail.evans@thyme>,900,134,Afternoon,purposes selecting arbitrator arbitration please let know voice mail mail generally extent representation enron firms particularly dallas offices particularly individuals robert blumenthal carrington coleman sloman blumenthal dudley chambers jackson walker hugh hackney locke liddell sapp randall hand allegiance telecom inc alan harris andrews kurth robert jordan baker botts melinda jayson hall financial group elizabeth lang miers locke liddell sapp douglas lang gardere wynne sewell jeffrey osgood strasburger price need something general however outside counsel committed furnish information adversary tomorrow friday afternoon possible would appreciate information give thank,Legal & Regulatory
<24566665.1075845028479.JavaMail.evans@thyme>,520,78,Afternoon,dear lawyer developed service law firms able offer following send message law firm countries email payable western union check interested please contact andreas schoepf liwest best regards andreas schoepf kleinstrasse linz austria phone mobil unsubscribed list please send blank message mailto excite com subject remove,Legal & Regulatory
<32207075.1075845029105.JavaMail.evans@thyme>,1296,182,Morning,please find attached may issue banking capital markets update files pdf format read using adobe acrobat reader already got adobe acrobat reader software could download charge following web site http www adobe com prodindex acrobat readstep html bcm may pdf kind regards joanne stone information officer banking email confidential may also privileged intended recipient please notify immediately telephoning requesting technology services helpdesk copy use purpose disclose contents person allen overy one new change london tel fax general email helpdesk allenovery com www http www allenovery com allen overy solicitors partnership list names partners professional qualifications open inspection office partners either solicitors registered foreign lawyers bcm may pdf,Financial & Accounting
<24135840.1075845030345.JavaMail.evans@thyme>,1307,184,Evening,mark proposed mail microsoft outlook exchange users also forwarding copy mail richard bob thoughts andy reminder microsoft outlook exchange users enron following guidelines use retention electronic mail enron electronic mail files backed daily mail file backup tapes recycled every eighth day enron mail system therefore thought temporary storage media folders created assist managing storing electroni mail communications keep number stored electronic mail messages control purge old messages system regular basis recommended maximum retention periods electronic mail messages listed messages older maximum retention purged automatically message location retention inbox days message log sent mail folder days trash inbox one day folders mail messages placed folders destroyed one calendar year,News & Media
<30225422.1075859804690.JavaMail.evans@thyme>,420,63,Afternoon,following documents received today forwarded immediate attention coles energy services inc enron north america corporation notice lien received nrai certified mail enron north america corp please advise received within business day thank gay arnold enron litigation unit fax gay arnold enron com,Legal & Regulatory
<8191576.1075859837772.JavaMail.evans@thyme>,1347,186,Afternoon,find information whether program eligible cle credit state click http www celesq com index asp cat earn three hours cle credit ethics reading course ethical concerns corporate counsel robert anello esq catherine foti esq see link completing affirmation self study mail affirmation check receive cle certificate completion celesq within three weeks wish quicker turnaround certificate please call click view course http www celesq com index asp cat special platinum subscription offer house counsel eligible special discount pricing offer click details http www celesq com index asp cat information review complete course catalog please visit http www celesq com index asp cat convenience receive different cle course delivered right mail box monthly discounted price sincerely customer care celesq com email sent mark haedicke enron com received mail error please reply mail type remove subject line,Legal & Regulatory
<22721950.1075859838163.JavaMail.evans@thyme>,1842,263,Afternoon,newbridge partners conference call past months active arranging series conference calls various market strategists portfolio managers feel could provide insight recent events markets relevant investments tuesday may arranged exclusive opportunity attend conference call institutional portfolio manager james cowperthwait cowperthwait portfolio manager newbridge partners large cap growth portfolio discuss outlook overall markets also leave time end call answer questions following information need participate call date tuesday may time cst phone pass code moderator participants play back pass code pound sign play back recorded one week help ensure conference begins timely manner ask dial minutes prior conference sincerely hank emery financial advisor emery financial group ubs painewebber incorporated houston texas notice regarding entry orders instructions please transmit orders instructions regarding painewebber account mail orders instructions transmitted mail accepted painewebber painewebber responsible carrying orders instructions notice regarding privacy confidentiality painewebber reserves right monitor review content mail communications sent received employees,Energy Trading
<28523.1075845037255.JavaMail.evans@thyme>,1307,184,Evening,mark proposed mail microsoft outlook exchange users also forwarding copy mail richard bob thoughts andy reminder microsoft outlook exchange users enron following guidelines use retention electronic mail enron electronic mail files backed daily mail file backup tapes recycled every eighth day enron mail system therefore thought temporary storage media folders created assist managing storing electroni mail communications keep number stored electronic mail messages control purge old messages system regular basis recommended maximum retention periods electronic mail messages listed messages older maximum retention purged automatically message location retention inbox days message log sent mail folder days trash inbox one day folders mail messages placed folders destroyed one calendar year,News & Media
<4085550.1075859829710.JavaMail.evans@thyme>,899,139,Evening,following please find daily enrononline executive summary special announcement report accessed directly enrononline intranet site http eolinfo enron com order access report click link follow link entitled reports select secured reports tab dropdown menu appear list various secured reports available viewing choosing report interested security window appear requiring enter windows login password simply enter standard login report load automatically look forward feedback comments questions experience difficulties accessing reports intranet site please feel free contact either bryan deluca simone rose,HR & Internal
<13281006.1075845046589.JavaMail.evans@thyme>,976,126,Afternoon,pls handle mark enron north america corp susan fallon enron william bradford hou ect ect stanley farmer corp enron enron mark haedicke hou ect ect bjorn hagelmann hou ect ect jeffrey hodge hou ect ect mary joyce corp enron enron heather kendall hou ect ect ted murphy hou ect ect john sorrells corp enron enron liz taylor hou ect ect subject project merlin please assistant forward following information project merlin working group list attention title location assistant name assistant telephone office telephone number office facsimile number email address home telephone home facsimile pager number home address know information available via enron phone book want make sure latest information available thank assistance,HR & Internal
<22586378.1075845047740.JavaMail.evans@thyme>,1590,239,Morning,fyi call confirm dennis oakley chase dennis oakley chase com rebecca duran chase com neil wright chase com mark haedicke enron com subject enron meeting rebecca get conference room let know one thanks dennis neil wright embedded image moved file pcx global derivative operations fax number dennis oakley chase chase mark haedicke enron com subject enron meeting document link dennis oakley dennis would happy meet gentlemen enron put may diary please advise exact location thanks neil dennis oakley dennis oakley dennis oakley global credit capital management credit derivatives fax number neil wright chase chase mark haedicke enron com subject enron meeting neil mark haedicke isda board member works enron corporation mark going next wednesday two colleagues visiting banks discuss automating derivatives back office stp would available meet mark park mark order cut telephone tag time good available next wednesday visiting jpm dennis pcx,Financial & Accounting
<9593645.1075860427873.JavaMail.evans@thyme>,475,79,Night,enrononline passes one million transactions woohoo also issue enron com fabulously new improved enron likes bush new energy policy california update going french wholesale market learn caps ones wear course frank gehry enron common jeff leads dangerous time latest ebiz home enron com click publications click ebiz ebiz may,Energy Trading
<6294745.1075860436198.JavaMail.evans@thyme>,990,140,Night,esource presents global access training global access offers online connection complete company information filings via content includes disclosure worldscope datastream product designed allow users get complete company information financials filings databases news thousands international companies single source training agenda includes general introduction basic reference view query provides itemized list available source data basic business view query pulls source data various global access content displays presentation summary attend global access clinic may seats fill fast reserve seat please call stephanie taylor check esource training page http esource enron com training doc additional training sessions vendor presentations http esource enron com,HR & Internal
<15019654.1075862296009.JavaMail.evans@thyme>,510,83,Afternoon,include overall enron audit fee would suggest audit plan fee proposal similar major business unit guys sit briefly take look fold total reasonable rod hayslett enron enronxgate richard causey corp enron enron bob butts enron enronxgate james saunders enron enronxgate subject audit fees verdict one,Financial & Accounting
<7246460.1075862298342.JavaMail.evans@thyme>,701,128,Morning,six directors chandler cobb wiederholt geaccone keiser concklin one saunders agree directors little relationship accounting may similar sally people would argue directors groups look fairly important part equation strong feeling one way know ets use senior director title accounting ets reserved basically multifunctional roles jobs typically level responsibility charge field operations company think ets,Financial & Accounting
<8212797.1075856134808.JavaMail.evans@thyme>,1012,170,Morning,sadness regret announce cliff baxter resigni employee enron happy though cliff primary rea son resigning spend time family cliff unique talent creativity intelligence sense humor straightforward manner assets company throughout career missed cliff joined enron key member team built enro wholesale business becoming vice chairman enron cliff served variety positions enron wholesale businesses culminating appointment chairman chief executive officer enron north america asked cliff agreed continue consulting role company concluding negotiations number key asset dispositions please join thanking cliff service company wishing best,Financial & Accounting
<22854633.1075845158729.JavaMail.evans@thyme>,405,50,Evening,breaking news cnn com mcveigh gives lawyers permission ask delay execution complete coverage story visit http www cnn com unsubscribe subscribe cnn mail service visit http www cnn com email cable news network inc aol time warner company cnn interactive email,News & Media
<30035568.1075845158197.JavaMail.evans@thyme>,413,51,Afternoon,breaking news cnn com accused fbi spy robert hanssen pleads guilty espionage charges complete coverage story visit http www cnn com unsubscribe subscribe cnn mail service visit http www cnn com email cable news network inc aol time warner company cnn interactive email,News & Media
<6074842.1075845166724.JavaMail.evans@thyme>,1169,175,Night,hendrickson scott selected participate mid year performance management process feedback plays important role process participation critical success enron performance management goals complete request feedback access pep http pep enron com select complete feedback main menu may begin providing feedback immediately requested feedback forms completed friday may questions regarding pep responsibility process please contact pep help desk houston option email perfmgmt enron com london option email pep enquiries enron com thank participation important process following cumulative list employee feedback requests status open submitted declined employee request feedback name longer appear list note receive message time selected reviewer employee name ordway christopher thompson alvin,Energy Trading
<27822742.1075856139619.JavaMail.evans@thyme>,1435,203,Night,esource presents free global energy markets presentation june june global energy markets global energy markets information service gives access updated information analysis whenever need global energy markets provides many different news feeds data sources one service addition global energy markets provides useful online databases finding articles projects companies service available global region services include americas asia pacific europe cis middle east service includes four key modules first core module energy news news comes reuters dow jones bbc afp others one regional news service three modules useful databases finding news articles project information companies second module global energy projects database third module global energy news archive fourth energy companies directory http home enron com messaging globalenergymarkets pdf seats fill fast reserve seat please call stephanie taylor shows charged check esource training page http esource enron com training doc additional training sessions vendor presentations http esource enron com,HR & Internal
<12093948.1075856139885.JavaMail.evans@thyme>,475,79,Night,enrononline passes one million transactions woohoo also issue enron com fabulously new improved enron likes bush new energy policy california update going french wholesale market learn caps ones wear course frank gehry enron common jeff leads dangerous time latest ebiz home enron com click publications click ebiz ebiz may,Energy Trading
<21800763.1075845166038.JavaMail.evans@thyme>,706,133,Afternoon,good luck grass even get little yard covered yeah open going new people really pursuing yet depends long really feel need actually interested making new friends right decided need gay friends hang get meeting people stuff yeah mom dad got back weekend good time sounds like nothing shop going anderson fact bloodwork yesterday goes see doctor today anyway scoop side atlantic scott,HR & Internal
<6011728.1075855572311.JavaMail.evans@thyme>,2088,187,Afternoon,socorro hernandez suhernan llgm com judy hernandez enron com jessica vega jvega llgm com kathy marie moore kmoore llgm com maria soliz msoliz llgm com bandama ssa orange maryloulou yahoo com subject fwd received proxysvr llgm com llgm com mon may received proxysvr llgm com interscan mail viruswall received gateway llgm com root localhost gateway llgm com esmtp aguevara llgm com mon may edt received notesnet bgsu edu notesnet bgsu edu gateway llgm com esmtp aguevara llgm com mon may edt received notesnet bgsu edu lotus domino release esmtp mon may sender penriqu popp bgsu edu message date mon may eurestea com yahoo com oshannon aol com cherylc bgnet bgsu edu cpatter math bgsu edu aol com noeca esu draftitgm aol com hfstickney aol com monchewy aol com jbes bgnet bgsu edu jmarin bgnet bgsu edu aol com marylem bgnet bgsu edu aguevara llgm com mercerl bgnet bgsu edu bgnancy yahoo com pachottes aol com aol com masween bgnet bgsu edu pattony bgnet bgsu edu yolandarosales bankunited com gzapien aol com gloria pizana penriqu bgnet bgsu edu mimetrack itemize smtp server server bgsu release december serialize router server bgsu release december serialize complete mime version content type multipart mixed boundary work jpg part,News & Media
<5853395.1075855524877.JavaMail.evans@thyme>,2150,202,Evening,love want say love much bye judy socorro hernandez suhernan llgm com judy hernandez enron com jessica vega jvega llgm com kathy marie moore kmoore llgm com maria soliz msoliz llgm com bandama ssa orange maryloulou yahoo com subject fwd received proxysvr llgm com llgm com mon may received proxysvr llgm com interscan mail viruswall received gateway llgm com root localhost gateway llgm com esmtp aguevara llgm com mon may edt received notesnet bgsu edu notesnet bgsu edu gateway llgm com esmtp aguevara llgm com mon may edt received notesnet bgsu edu lotus domino release esmtp mon may sender penriqu popp bgsu edu message date mon may eurestea com yahoo com oshannon aol com cherylc bgnet bgsu edu cpatter math bgsu edu aol com noeca esu draftitgm aol com hfstickney aol com monchewy aol com jbes bgnet bgsu edu jmarin bgnet bgsu edu aol com marylem bgnet bgsu edu aguevara llgm com mercerl bgnet bgsu edu bgnancy yahoo com pachottes aol com aol com masween bgnet bgsu edu pattony bgnet bgsu edu yolandarosales bankunited com gzapien aol com gloria pizana penriqu bgnet bgsu edu mimetrack itemize smtp server server bgsu release december serialize router server bgsu release december serialize complete mime version content type multipart mixed boundary work jpg part,News & Media
<14506553.1075855582758.JavaMail.evans@thyme>,1025,171,Evening,critical migration information scheduled outlook migration date evening may need press save data button send pre migration information must connected network press button pop box appears prompting abort cancel trust signer please select trust signer information add personal address book journal calendar click button need manually added outlook migrated clicking button complete migration outlook migration completed evening migration date failure click button means get calendar contacts journal todo information imported outlook day migration could result week delay restore information encounter errors please contact resolution center,News & Media
<22154395.1075855583423.JavaMail.evans@thyme>,399,54,Afternoon,payment status changed following report status last changed kerry harrington expense report name houston birmingham report total amount due employee amount approved amount paid approval status pre approved payment status authorized review expense report click following link concur expense http xms enron com,News & Media
<22178203.1075852420382.JavaMail.evans@thyme>,3315,393,Afternoon,enron technology outlook migration team gunn gpgfin enron enron debbie yates gpgfin enron enron greg lewis gpgfin enron enron jacquelyn farriel gpgfin enron enron kay webb orp enron enron marsha titter gpgfin enron enron michael sullivan corp ron enron molly ashe enron enronxgate ron nightingale gpgfin enron enron sandra jones enron enronxgate doug miller corp enron enron joseph wagner enron enron john forney enron enron juan hernandez corp enron ron mauricio trejo enron enronxgate miguel garcia enron enron mike carson corp enron enron clint dean corp enron enron doug gilbert smith enron enron eric saibi corp enron enron joe errigo corp enron enron eter makkai enron enron russell ballato enron enron steve olinde enron enron amy ochoa corp enron enron robert stalford enron enron steve wang enron enron jennifer walker enron enron cheryl cole enron enron chuck goode ots enron enron cliff mcpherson gco enron enro dick heitman enron enron gary maestas ots enron enron joe jeffers enron enron john keller ots enron enron lupi trevino gco enron ron ping chen corp enron enron dean laurent hou ect gretchen lotz hou ect laura podurgiel hou ect rogers herndon hou ect rudy acevedo hou ect corry bentley hou ect kevin presto hou ect tamara jae black hou ect subject survey information email current notes user ensure experience successful migration notes outlook necessary gather individual user information prior date migration please take minutes completely fill followin survey double click document put edit mode finis simply click reply history button hit send rvey automatically sent outlook migration mailbox thank outlook migration team full name juan hernandez login extension office location houston type computer desktop pda yes type palm pilot permission access anyone email calendar anyone permission access email calendar responsible updating anyone else address book anyone else responsible updating address book access shared calendar distribution groups messaging maintains ass mailings yes please list please list notes databases applications currently use efforts plan exact date time migration also need know normal work hours office near future vacation leave etc,HR & Internal
<13856190.1075845169253.JavaMail.evans@thyme>,1454,206,Night,esource presents free global energy markets presentation june june global energy markets global energy markets information service gives access updated information analysis whenever need global energy markets provides many different news feeds data sources one service addition global energy markets provides useful online databases finding articles projects companies service available global region services include americas asia pacific europe cis middle east service includes four key modules first core module energy news news comes reuters dow jones bbc afp others one regional news service three modules useful databases finding news articles project information companies second module global energy projects database third module global energy news archive fourth energy companies directory http home enron com messaging globalenergymarkets pdf seats fill fast reserve seat please call stephanie taylor shows charged check esource training page http esource enron com training doc additional training sessions vendor presentations http esource enron com embedded picture metafile,HR & Internal
<5238397.1075845172615.JavaMail.evans@thyme>,303,59,Evening,currently unable use serve ogy doyle transco devised super scientific method pricing vng space ogy poke holes want use following formulas determine price ogy higher offer plus tco offer plus good luck,Energy Trading
<5990910.1075845171650.JavaMail.evans@thyme>,830,129,Night,raimund grube jack boatman fgt enron enron john hodge corp enron enron greg krause corp enron enron steven krimsky corp enron enron dave kellermeyer hou ect ect subject fgt letter florida jack thank letter added detail regarding phase fact capacity shortages florida begin around station addition would like delete last sentence last paragraph please take look changes revise comfortable questions please call meeting florida dep tomorrow would like present letter meeting therefore would like get copy letter letterhead later today best regards raimund grube,HR & Internal
<21734320.1075844937194.JavaMail.evans@thyme>,755,128,Night,dear board task force please disregard previous note subject meetings eei recently asked jim buccigross jim templeton could send larry brown letter indicating gisb organization intend impede progress eei cubr developing uniform business rules would support product new organization created attached draft letter carefully worded probably everything want try set conference call later week discuss letter status report sent previously white paper strawman commitment letter forwarded shortly best regards rae eei letter pdf,News & Media
<17080770.1075844937410.JavaMail.evans@thyme>,1453,236,Morning,walt aware board changes considered call stan ted see suggestions would like see draft today walt zimmerman michael burke houston eott eott stanley horton corp enron enron steve duffy houston eott eott subject annual election eott directors committees prior distribution materials may eott board directors meeting sole shareholder enron liquids holding corp needs reelect eott board directors accomplished written consent executed behalf enron liquids holding corp also may meeting eott directors elect members audit committee compensation committee next year aware changes eott board audit committee compensation committee past years ted gaylord polled outside directors ensure intended continue service eott board committees would like ask ted poll outside directors year intentions continued service also need start preparing agenda may meeting would like forward tomorrow draft agenda based last year annual meeting agenda please let know thoughts matters thanks,Financial & Accounting
<30969742.1075844937506.JavaMail.evans@thyme>,1899,294,Evening,dear industry participant industry meeting held federal energy regulatory commission april participants supported another round industry comments conclude may comments submitted electronically gisb office gisb aol com address organizing principles followed structure defined definition organization organizational structure including governance bodies voting including balanced voting mechanism definition industry segments comments posted gisb home page public access use also submitted gisb board directors along comments previously submitted posted regarding creation new standards organization appreciate effort industry participants considering whether national standards organization needed definition scope organizational structure organizing principles look forward receiving additional comments promptly posted web site public access use need information hesitate visit web site www gisb org call office transcripts meetings february april april available copeland ret reporting best regards rae mcquade distribution list would like removed please email request gisb office email address removed would like add participants company distribution list please also email request gisb office gisb follows privacy policy provide email address groups use request comments post meeting pdf,Legal & Regulatory
<28385590.1075844937604.JavaMail.evans@thyme>,1233,202,Afternoon,first pass suggested responses assuming file may kathryn corbally coordinate comments side lori coordinating comments steve could coordinate bob baird rex rogers need reach kathryn direct line thanks scott suggested comment eott filed may provide response asked continuing review implementation new marketing accounting systems expect analysis complete form finalized june specifically asked issues investigation implemented new marketing accounting system november stated first quarter earnings release specifically reviewing integration issues related implementation asked magnitude possible adjustments need complete investigation answer specific questions adjustments would appropriate required review labor intensive working diligently provide information soon possible,Financial & Accounting
<33265001.1075844937628.JavaMail.evans@thyme>,2204,340,Afternoon,confidential privileged attorney client communication attorney work product close loop bob baird rex rogers whether steps would need taken comment points would magnitude issue told analysts morning believe adjustment would material impact overall financial position essentially fourth quarter number next week receive follow call one analysts want able reiterate statement otherwise might suggest change position perception swd scott vonderheide enron lori maddox houston eott eott steve duffy houston eott eott kathryn corbally corp enron enron stanley horton corp enron enron paula rieker corp enron enron mark koenig corp enron enron subject draft response may first pass suggested responses assuming file may kathryn corbally coordinate comments side lori coordinating comments steve could coordinate bob baird rex rogers need reach kathryn direct line thanks scott suggested comment eott filed may provide response asked continuing review implementation new marketing accounting systems expect analysis complete form finalized june specifically asked issues investigation implemented new marketing accounting system november stated first quarter earnings release specifically reviewing integration issues related implementation asked magnitude possible adjustments need complete investigation answer specific questions adjustments would appropriate required review labor intensive working diligently provide information soon possible,Legal & Regulatory
<9236635.1075844938150.JavaMail.evans@thyme>,2730,427,Night,rod brief update stan staff meeting hope mind giving summary appropriate thanks jng mops disposition bill malmquist williams field services canceled meeting scheduled wednesday last week james harvey follow james see reasons given obviously another indication general lack enthusiasm mops owners dealing rofr issue williams business segment responsibility mops reports steve malcolm tulsa dealt new organization past begin making contact ladder stan knows top guys mind making contact might helpful meantime make progress get word stan applicable williams organization chart reference keith bailey steve malcolm president williams energy services includes gathering processing trading marketing malcolm organizationally equivalent cuba waddlington steve springer gathering processing allen armstrong dan mcvay director bill malmquist manager note malcolm springer armstrong located tulsa alaska canada pipeline trip calgary attended meeting calgary hosted purvin gertz many stakeholders alaskan canadian gas pipeline project attendance rather large industry group including nbp gpg commissioned purvin gertz develop detailed comparison cost schedule producer netback various pipeline solutions seems two pipeline alternatives seriously considered original angst route would run along existing taps oil line along alcan highway yukon territory proposed top route would run offshore alaska beaufort sea mckenzie river valley alberta alliances partner groups really formed yet seems also conducting evaluation waiting clearer definition declaring intentions course foothills pipeline convinced angst route one makes sense working hard illustrate benefits previously approved certificated route interestingly foothills sponsor study communicated interest project foothills amoco phillips even williams pipeline addition scheduled meeting friday discuss project exxon mobil,Energy Trading
<12469555.1075844964428.JavaMail.evans@thyme>,749,113,Morning,please refer memo billy lemons steve kean dated may regarding western hemisphere associate analyst prc program miguel padron stanley horton corp enron enron subject associate prc stan feedback see please let know thanks miguel stanley horton sent cindy stark miguel padron enron enron dawn doucet cal ect ect subject associate prc advise still working individual issues regarding lack representation specific areas associate prc committee keep posted outcome thanks stan horton chairman ceo enron transportation services company,HR & Internal
<15941141.1075844964477.JavaMail.evans@thyme>,505,79,Morning,approve gary smith enron enronxgate stanley horton corp enron enron subject paa project team stan attached four paas employees steve hotte organization worked gas project steve discussed three four typically approval requested paas greater please reply email approve request gary,Energy Trading
<26365667.1075844965380.JavaMail.evans@thyme>,440,75,Evening,peggy considering divestiture process think right time pge contract administer health welfare benefits noted memo dated addition likely potential buyer would want pge come health welfare benefits switching could entail pge employees three plans relatively short period time stan,Legal & Regulatory
<20466010.1075863632420.JavaMail.evans@thyme>,2777,439,Morning,eott bylaws currently require chairman board result amendments bylaws made duties chairman board quite limited bylaws provide chairman board shall preside meetings stockholders board directors chairman board shall act liaison officers corporation board directors steve duffy michael burke houston eott eott stanley horton corp enron enron walt zimmerman houston eott eott subject annual election eott directors committees ted gaylord advised longer wishes serve board chairman although intend remain board appear changes suggest four discuss board chairman situation soon possible call baird explore whether need board chairman per whether disclosure issues around ted stepping board chairman swd michael burke walt zimmerman houston eott eott stanley horton corp enron enron steve duffy houston eott eott subject annual election eott directors committees walt aware board changes considered call stan ted see suggestions would like see draft today walt zimmerman michael burke houston eott eott stanley horton corp enron enron steve duffy houston eott eott subject annual election eott directors committees prior distribution materials may eott board directors meeting sole shareholder enron liquids holding corp needs reelect eott board directors accomplished written consent executed behalf enron liquids holding corp also may meeting eott directors elect members audit committee compensation committee next year aware changes eott board audit committee compensation committee past years ted gaylord polled outside directors ensure intended continue service eott board committees would like ask ted poll outside directors year intentions continued service also need start preparing agenda may meeting would like forward tomorrow draft agenda based last year annual meeting agenda please let know thoughts matters thanks,Financial & Accounting
<78281.1075844984901.JavaMail.evans@thyme>,2352,399,Evening,information still think better mohring amohring juno com stanley horton enron com subject retirement may stan horton chairman chief exective officer dear horton thank letter congratulation recent retirement would like make suggestion retirement plan others page retirement letter sent time table items place transferred included months medical forms put leave went back office put information system two weeks left called see would receive card offices like see card tolled even system called back omaha worked get place went get system either come home call start system part funds transferred date cash balance plan savings plan esop transferred financial plan tell feel timeline would helpful received medical card put going also wanted take trip unsure funds transferred last week received letter transfer company shares enron stock called see fund know set account called enron retirement line know fund either many people answers phones answers enron employees well taken care working seem like retirement share know always working improve enron sincerely jean mohring get internet access juno juno offers free premium internet access less join juno today free software visit http www juno com get tagj,Financial & Accounting
<22032746.1075844985252.JavaMail.evans@thyme>,868,150,Evening,thanks john add sarita list yes get phil stan calendar operations alliances topic await call schedule cindy john shafer enron enronxgate stanley horton corp enron enron subject ets staff meeting schedule changes remainder may cindy please add new administrative assistant future lists sarita garza thanks much john asked sarita amelia get see favorable date would phil lowry could minutes stan operations alliances since half day staff meeting cancelled may anyway heads touch get date confirmed thank jhs,HR & Internal
<7410338.1075844985349.JavaMail.evans@thyme>,1832,283,Evening,please handle aol com gisb aol com aol com jcostan mcguirewoods com subject gisb ratification ballot dear gisb members please find attached ballot record vote ratification set recommended modifications gisb standards adopted executive committee march may record vote please fill page two communication either email gisb aol com fax office june voting record discussion new standards modifications existing standards interpretations deletions standards contained within minutes beginning november carrying meeting held may minutes found gisb home page www gisb org requests recommendations related subcommittee task force minutes transcripts meetings recommendations discussed ordered calling gisb office separate email sent containing summary recommendations recommendations recommendations also posted gisb web site please feel free call gisb office difficulty retrieving information best regards gisb office gisb organization follows privacy policy permit distribution contact information email addresses denoted blind correspondence upon receipt notice gisb office modify distribution longer carry address would like add participants organization distribution list please also email request gisb office pdf,HR & Internal
<26215775.1075844985573.JavaMail.evans@thyme>,830,120,Night,thanks ahead release make sure mark metss group seen financials releasing ubs chris lambert stanley horton corp enron enron adam umanoff ewc enron enron mike westbeld ewc enron enron tod lindholm enron enronxgate subject americas actuals horton please find attached first quarter actual results enron wind americas division adam mike tod traveling reviewed approved attached statements prepared release numbers ubs due diligence team pending approval statements released received authorization please contact concerns questions thank chris lambert director planning americas enron wind,News & Media
<17805971.1075844985856.JavaMail.evans@thyme>,1357,168,Night,thanks earlene coordinating earlene ackley eott stanley horton corp enron enron lawrence clayton houston eott eott molly sample houston eott eott michael moran enron enronxgate ann ballard enron enronxgate rod hayslett fgt enron enron james prentice enron enronxgate mitchell taylor enron enronxgate jessica uhl enron enronxgate lori maddox houston eott eott mary ellen coombe houston eott eott joe richards houston eott eott dana gibbs eott com cindy stark corp enron enron kathy campos gpgfin enron enron autumn cartier houston eott eott subject project timber conference call regarding project timber following information use enter phone business conference following dates times tuesday may tuesday june tuesday june tuesday june eott energy confirmation number host dana gibbs call title reference timber confirmation number dial password timber number participants host participants dial time get live operator ask pass word conference name timber important notes press anytime conference call operator assistance,News & Media
<8994627.1075844981165.JavaMail.evans@thyme>,1016,149,Morning,expense reports taken training expense management system xms cost june june expense management system xms tool used electronically submit expense report approval payment enron intranet user friendly accurate less labor intensive accounting staff system help report travel entertainment expenses learn create new expense reports enter cash expense receipts adding company card entries enter personal car mileage foreign currency translation reimbursement method designating approving manager designating administrative assistant submitting expense report reviewing expense report much please login enroll investinme website http www corptraining com index cfm company enron questions please call,Financial & Accounting
<12959008.1075844977679.JavaMail.evans@thyme>,1832,283,Evening,please handle aol com gisb aol com aol com jcostan mcguirewoods com subject gisb ratification ballot dear gisb members please find attached ballot record vote ratification set recommended modifications gisb standards adopted executive committee march may record vote please fill page two communication either email gisb aol com fax office june voting record discussion new standards modifications existing standards interpretations deletions standards contained within minutes beginning november carrying meeting held may minutes found gisb home page www gisb org requests recommendations related subcommittee task force minutes transcripts meetings recommendations discussed ordered calling gisb office separate email sent containing summary recommendations recommendations recommendations also posted gisb web site please feel free call gisb office difficulty retrieving information best regards gisb office gisb organization follows privacy policy permit distribution contact information email addresses denoted blind correspondence upon receipt notice gisb office modify distribution longer carry address would like add participants organization distribution list please also email request gisb office pdf,HR & Internal
<18687640.1075844950087.JavaMail.evans@thyme>,357,62,Morning,followed yesterday issue advised sign circulating paul organization due size payoff adjuster indicated process routine anticipates letter settlement agreement friday walt comes chance would let know immediately,Legal & Regulatory
<15025429.1075844950754.JavaMail.evans@thyme>,522,86,Afternoon,stan circulated attached meeting summary action steps principles group heard affirmative comment believe use attached forward plan ceo meeting right line earlier discussion questions comments please let know country would appreciated someone would advise gisb board actions soon occur thanks mike ubp ceotf maymeet summary doc,HR & Internal
<27902544.1075860850014.JavaMail.evans@thyme>,792,150,Evening,know maquina equate either arkansas loop plant new receipt point red cedar plata station yard according ron matter physics anyway red cedar using new receipt point alternate basis extent gas coming maquina able flow amount incremental new point sell primary firm maquina would back alternate gas new red cedar point opinion find party buy maquina ahead never made representation red cedar new point capacity associated line capacity answer question,Energy Trading
<7202787.1075842244592.JavaMail.evans@thyme>,370,69,Morning,art attached contract would govern transaction barry discussed san juan risks willing take however actual offer time delivered blanco pool ready transact update exact price time let know want thanks kim,Legal & Regulatory
<17637818.1075842247891.JavaMail.evans@thyme>,382,60,Evening,richard please fix confirm shows signature provided ena counterparty richard deming enron dan hyvl hou ect ect subject procter gamble company dan please find details phy gas deals gtc agreements please let know need details thanks richard,Energy Trading
<6923437.1075842216654.JavaMail.evans@thyme>,858,132,Evening,enron mid year performance management process begun process required select suggested reviewers provide performance related feedback may also requested provide feedback fellow employees need accessing performance management system pep http pep enron com questions directed pep help desk following numbers option europe option canada canada employees mail questions perfmgmt enron com log pep enter user password provided logged immediately prompted change secure password user password user password welcome,Energy Trading
<30804994.1075842212317.JavaMail.evans@thyme>,2322,362,Afternoon,information enron capital trade resources canada corp robert hemstock rob milnthorp cal ect ect geoff storey hou ect ect keith holst hou ect ect peter keohane cal ect ect morris richard clark hou ect ect juanita marchand hou ect ect jeffrey hodge hou ect ect subject export gas alberta ectr buying gas alberta aware alberta energy utilities board permitting reporting requirements gas produced exported alberta aeub quite flexible hold permit report exports either buyer seller hold permit reporting present time ectr hold aeub blanket export permit ect canada obviously ectr volumes cannot reported ect canada permit therefore ectr buying alberta gas needs one two things agree counterparty report exports aeub permit instruct get blanket permit name ectr juanita marchand houston reporting ectr permit please let know issue requires attention enron capital trade resources canada corp robert hemstock geoff storey hou ect ect keith holst hou ect ect juanita marchand hou ect ect subject import canadian gas recently contacted juanita marchand reporting canadian exports ectr neb export licences doe import authorizations houston guys need advise juanita points importing canadian gas ensure ectr total export import volumes correct call get info also juanita reporting volumes export import ectr neb short term blanket permit doe blanket authorization enter term deals longer two years advise consider whether deal supported neb doe permit thanks rob,Financial & Accounting
<28215938.1075842212340.JavaMail.evans@thyme>,980,96,Afternoon,enron capital trade resources corp dan hyvl jenny helton hou ect ect kaye ellis hou ect ect pat radford hou ect ect subject good one enron capital trade resources corp smith charles charles smith alcoa com todd billy billy todd alcoa com bettye langham texas net banks charlie charlie banks alcoa com dan smith smithdl tca net dan hyvl hou ect kaderka darvin darvin kaderka alcoa com muzny george george muzny alcoa com burkhardt glenn glenn burkhardt alcoa com jen jennifer hefti oag state manas mark mark manas alcoa com roy yahoo com biggs sandy isc alcoa sandy biggs alcoa com zboril terry terry zboril alcoa com vidrine wanda wanda vidrine alcoa com subject good one,Financial & Accounting
<23304224.1075847364841.JavaMail.evans@thyme>,1012,170,Morning,sadness regret announce cliff baxter resigni employee enron happy though cliff primary rea son resigning spend time family cliff unique talent creativity intelligence sense humor straightforward manner assets company throughout career missed cliff joined enron key member team built enro wholesale business becoming vice chairman enron cliff served variety positions enron wholesale businesses culminating appointment chairman chief executive officer enron north america asked cliff agreed continue consulting role company concluding negotiations number key asset dispositions please join thanking cliff service company wishing best,Financial & Accounting
<2480454.1075847365343.JavaMail.evans@thyme>,399,70,Morning,attached name changes made counterparty system last night may unable attach regular report email message size working remedy situation notify resolved short name changes coordinated erms tomorrow may please call questions concerns thanks cheryl,News & Media
<29103415.1075847365478.JavaMail.evans@thyme>,605,90,Morning,good morning effective monday may georgi landau taking position formerly held anthony campos campos relocating different position within group georgi contact information follows georgi landau new location georgie landau enron com entire global data management group moving floor also effective monday beginning monday please redirect documents originally sent anthony georgi address listed thank attention matter,HR & Internal
<18062815.1075847366388.JavaMail.evans@thyme>,707,111,Afternoon,attached revised credit watch listing week please note upstream energy services llc upstream energy company placed trades also bethlehem steel corporation westlake petrochemical corporation new additions require credit approval personnel group included distribution please insure receive copy report add additional people distribution report sent error please contact veronica espinoza questions please contact jason williams russell diamond veronica espinoza,News & Media
<6153535.1075847367529.JavaMail.evans@thyme>,838,123,Afternoon,agreement right rbc protects transaction specific kay young legal specialist enron north america corp phone fax kay young enron com tana jones kay young hou ect ect subject nda rbc conflicts david forster enron enronxgate tana jones hou ect ect subject nda rbc tana discussed would appreciate could send bilateral nda rbc later today discussing possibility royal bank posting products enrononline recipient simon carling email simon carling rbcds com fax royal bank canada box royal bank plaza south tower floor bay street toronto ontario canada thanks dave,Legal & Regulatory
<15947385.1075847367615.JavaMail.evans@thyme>,785,131,Afternoon,lost items cell phone pair glasses found conference contact sara davidson either items belongs presentation materials guest speaker presentations available enron law conference website end week website http lawconference corp enron com materials found conference schedule icons left hand side files either launched printed website documents sent via email enron legal edge availability due technical problems enron legal edge available till later week email sent users site running available sorry delay,Legal & Regulatory
<32573179.1075847367755.JavaMail.evans@thyme>,1221,186,Afternoon,master swap agreement place cms field services inc need send copy notice jeffrey hodge bridgette anderson corp enron enron tana jones hou ect ect subject notice telephone recording bridgette long copy notice appropriate files need see would suggest sending copy tana jones financial trading group event financial trading master thanks jeff bridgette anderson enron jeffrey hodge hou ect ect subject notice telephone recording jeff recieved notification cms field services inc indicating effective begin recording purchase sale derivative transactions natural gas companies sent copy fileroom forward copy also spoke one adminative assistants trading floor thought contact legal please advise regards bridgette anderson contracts phone fax bridgete anderson enron com,Legal & Regulatory
<29809336.1075847368976.JavaMail.evans@thyme>,414,58,Morning,lunch meeting tomorrow review matters previously discussed assess status work projects review confirmation signature authority processes discuss hedging basis risk discussed workbook cordially mary cook enron north america corp smith floor legal houston texas phone fax mary cook enron com,Legal & Regulatory
<5424476.1075847370236.JavaMail.evans@thyme>,632,72,Morning,may church gourmet cajun dinner message jhagood mfah org subject may church gourmet cajun dinner sent thu may delivered following recipient hagood john thu may message enron com tana jones enron com jhagood mfah org subject may church gourmet cajun dinner date thu may return receipt tana jones enron com mime version mailer internet mail service embedded report content type text plain charset iso,News & Media
<26757027.1075847371805.JavaMail.evans@thyme>,1196,178,Morning,gentlemen working non disclosure agreement bea systems inc software company basis nda disclosure bea eol software discussions concerning possible transaction involving either purchase long term license software possible transaction association ongoing project enw involving eol software original nda provided bea contained unilateral non solicitation provision bea responded bilateral provision sought reach beyond bea enw provided attached language bea review subsequently approved language basically attached standard non solicitation provision caveat statement non solicitation applicable bea enw affiliates subsidiaries parent companies convenience please let know attached acceptable bea non disclosure agreement questions please hesitate call mark senior counsel ews phone facsimile mail mark greenberg enron com,Legal & Regulatory
<12192253.1075847373019.JavaMail.evans@thyme>,2072,230,Morning,back full approval assistance tana jones ect marcus nettelton enron enron subject eol approvals rush approval list baby well actually louise hard work called leslie home elizabeth direction get sierra pacific holding company approved currently purchasing power sacks said gotten eei place leslie approved bid offer west power even tho credit going open purchases one approved lists patiently waiting return sniff sniff tom moran enron enronxgate karen lambert hou ect ect tana jones hou ect ect samuel schott hou ect ect mark taylor hou ect ect brant reves enron enronxgate debbie brackett enron enronxgate david hardy lon ect ect lesli campbell enron enronxgate cynthia clark enron enronxgate enron europe global counterparty lon ect ect stephanie sever enron enronxgate tom moran enron enronxgate claudia clark enron enronxgate william bradford enron enronxgate lisa lees enron enronxgate juana fayett corp enron enron jana morse corp enron enron trang hou ect ect paul maley lon ect ect sonya clarke lon ect ect tim davies lon ect ect karen day enron enronxgate tanya rohauer enron enronxgate kelly lombardi enron enron brian lindsay enron communications enron communications eol call center ect bill hare hou ect ect amy heffernan enron communications enron communications molly lafuze enron communications enron communications danny clark enron communications enron communications stephanie panus enron enron teresa mandola enron enronxgate bill kyle enron enronxgate amber ebow hou ect ect wendi lebrocq enron enronxgate subject eol approvals please see attached regards tom moran,Energy Trading
<22105556.1075847373340.JavaMail.evans@thyme>,422,73,Morning,tana always receives following error message updating profiles went see steps filters select update receives message records hits system updates records says quite slow complete update message appears let know need additional information thanks stephanie,News & Media
<3000170.1075847373771.JavaMail.evans@thyme>,966,156,Afternoon,tradenames divisions dbas etc create type records child records link type record legal entity trader wants trade scooby doo exposure roll legal entity record samuel tana jones samuel schott hou ect ect subject ripon community printers gcp set samuel schott tana jones hou ect ect subject ripon community printers hello tana answer question ripon community printers tradename lyke corporation best rgds samuel gcp team enron net works global data management tana jones samuel schott hou ect ect subject cpy counterparty known lyke corporation ripon community printers confused,Legal & Regulatory
<31851080.1075847375779.JavaMail.evans@thyme>,1731,306,Evening,please find attached final name change merger notification report january launch report double click attachment select enable macros read jan changes tab summarizes additions report since jan please note erms short names changed gcp erms friday central time inactivations made feb information please click month two sheets summary sheet jan changes detailed sheet jan click information summary sheet used view changes certain date aware changes say january enter cell summary sheet click sort button cell changes made report january listed automatically summary sheet may also sorted certain criteria use drop arrows alongside column headers make selection sheet contains information used seeing slightly reformatted key points case inactivation cause inactivation merger listed comments section previous format months reports sent cumulatively throughout year report sent twice month end month aim publish report livelink send summary sheet url detailed report month save lot space lotus notes hope streamline monitoring process happy receive comments may,News & Media
<8881927.1075847378315.JavaMail.evans@thyme>,894,122,Morning,good letter adriane schultea enron enronxgate com smtp enronxgate tana jones hou ect ect subject green mountain tim appreciate sending green mountain confidentiality agreement however standard agreement would prefer use please legal department review attached document let know sufficient yes get application process underway thank much time patience questions concerns regarding confidentiality agreement please contact tana jones however feel free contact also thanks adriane adriane schultea enron enronxgate tana jones hou ect ect subject green mountain thanks tana,Legal & Regulatory
<9773272.1075847378610.JavaMail.evans@thyme>,614,78,Afternoon,received executed master agreement type contract isda master agreement multicurrency cross border effective date may enron entity enron north america corp counterparty louisiana pacific corporation transactions covered approved products exception foreign exchange confirming entity enron north america corp governing law texas copies distributed cordially susan bailey enron north america corp smith street suite houston texas phone fax mail susan bailey enron com,Legal & Regulatory
<31055680.1075847381345.JavaMail.evans@thyme>,647,108,Morning,attached revised credit watch listing week please note paralan company sgl carbon llc added credit watch list also southstar energy services llc moved trades personnel group included distribution please insure receive copy report add additional people distribution report sent error please contact veronica espinoza questions please contact jason williams russell diamond veronica espinoza,News & Media
<21301301.1075847381399.JavaMail.evans@thyme>,637,81,Morning,kay see appears epmi confidentiality agreement green mountain possible could get copy conclude negotiations nda net works thanks mark senior counsel ews phone facsimile mail mark greenberg enron com gray john john gray greenmountain com mark greenberg enron com mark greenberg enron com subject confidentiality agreement confidentiality agreement place enron power marketing inc along several transaction documents,Legal & Regulatory
<23900138.1075847381815.JavaMail.evans@thyme>,700,71,Afternoon,nda ajilon llc message kkeefer ajilon com john allario enron com mark greenberg enron com subject nda ajilon llc sent mon may delivered following recipient keefer ken mon may msexch msexchangemta ajilon svr message enron com tana jones enron com kkeefer ajilon com john allario enron com mark greenberg enron com subject nda ajilon llc date mon may mime version mailer internet mail service embedded report content type text plain charset iso,News & Media
<18292400.1075847387928.JavaMail.evans@thyme>,1511,212,Afternoon,notice may nymex comex division members nymex comex division member firms nymex comex division clearing firms nymex comex division operation managers george henderson vice president michael campanelli vice president june atom processing schedule date business day event preliminary atom reports give uplistings last day adjustments final atom reports cms debited brokerage nymex gets confirmation available funds escrow account initiates transfer brokers funds deposited broker accounts brokers check morning balances see atom deposits reflected bank balances note broker enrollments july cycle must received membership department later june questions regarding nymex please contact juan serrano gerard taibi questions regarding comex please contact david sherman please click link indicate received email http email cfm useremail tana jones enron com refdo note click line nothing happens please copy text quotes open internet browser paste web site address press return,News & Media
<14295770.1075847388198.JavaMail.evans@thyme>,595,105,Afternoon,genia fitzgerald marie heard enron enron tana jones hou ect ect subject report awesome chance complete cure going take lymph nodes time surgeon said matter whether lymph nodes surgery outpatient june clark grade possible going take one stomach also make sure clean margins took another mole arm course think worry,News & Media
<3751068.1075847388366.JavaMail.evans@thyme>,727,96,Evening,steve good agreement sign end people bring meet enron get signed thanks mark senior counsel ews phone facsimile mail mark greenberg enron com steve howarth steve howarth bea com mark greenberg enron com kevin montagne enron com tana jones enron com mike thack mike thack bea com francis minor fminor bea com subject bea nda enron mark thanks message standing signature authority turn around nda quickly steve mark greenberg enron com wrote steve howarth vcf,Legal & Regulatory
<29712464.1075846947400.JavaMail.evans@thyme>,750,87,Afternoon,see attached file enron nat gas trades xls tana jones enron com anita herrera teg teg subject trades assigned appear attached list anita herrera aherrera statoile tana jones enron com nergy com subject trades assigned tana may sent spreadsheet include options physical trades attached complete list mistake tendency forget trades anita enron nat gas trades xls,Energy Trading
<7750079.1075846952284.JavaMail.evans@thyme>,483,57,Afternoon,pretend like realtor dan lyons danjoe aol com subject name ewiwin deouitch astin ronald rastin velaw com lawton roxine rlawton velaw com lyons dan enron dan lyons enron com sefton scott enron global finance scott sefton enron com schardin stuart enron sschard ect enron com subject name ewiwin deouitch great stress relief,Financial & Accounting
<26561796.1075846953884.JavaMail.evans@thyme>,457,81,Morning,attached approval form completed request want trade new counterparty new reference credit incorporated comments origination credit legal comments please let know asap plan introduce form middle next week note two forms one bankruptcy swaps one credit derivatives regards tomas,Legal & Regulatory
<27698226.1075846912261.JavaMail.evans@thyme>,415,78,Afternoon,checking mail confidentiality agreement came greg bruch gave call see timing said ite urgent could get attorney looking get final maybe next week counterparty form would disclosing party potential fiber source deal going pass agreement carol review leave copy,Legal & Regulatory
<31532658.1075846912508.JavaMail.evans@thyme>,367,56,Afternoon,received executed first amendment isda master agreement dated may amendment deletes prior confidentiality provision isda master agreement replaces current confidentiality language change allow either party provide copies agreement affiliates copies distributed,Legal & Regulatory
<23923256.1075847071575.JavaMail.evans@thyme>,618,105,Afternoon,attached credit worksheet amend isda engage energy canada enron canada engage energy canada new guarantor respect isda contract appropriate changes need made isda includes receipt executed guaranty new guarantor current guaranty provided engage engage canada prospective isda order keep things consistent one new guaranty received covering entities credit worksheet amend engage sent legal group april thank russell,Legal & Regulatory
<11878380.1075847072310.JavaMail.evans@thyme>,300,56,Evening,asked taffy schedule interview candidate monday sara spoke today think apprpritae come back met plesae let taffy know asap cannot attend hopefully make decision next week carol,HR & Internal
<5845624.1075847073568.JavaMail.evans@thyme>,1536,203,Afternoon,message beth warpmaeker preisinger andrea subject church gourmet dinner sent tue may reach following recipient beth warpmaeker tue may recipient name recognized mts original message mhcs msexch ims tmhcs tmh unknown recipient message notes ect enron com tana jones tana jones enron com beth warpmaeker parti tmh tmc edu preisinger andrea preisinger ruf rice edu subject church gourmet dinner date tue may return receipt tana jones tana jones enron com mime version mailer internet mail service embedded report content type multipart mixed boundary change plans dinner going held pastor beth list coming preparing directions pastor beth house attached laura steve getting recipe pastor beth pastor beth got coordinating matthias karen faxed recipes karl ulf july weller one need assign recipe hoping one gazpacho recipes since little complicated everyone else double recipes keep posted see attached file church gourmet doc church gourmet doc,News & Media
<27671517.1075847074923.JavaMail.evans@thyme>,369,58,Afternoon,received first amendment isda master agreement dated may amendment amends isda master agreement dated december ena resources inc amendment increases counterparty collateral threshold adds legal form change copies distributed,Legal & Regulatory
<4076931.1075847440894.JavaMail.evans@thyme>,1012,170,Morning,sadness regret announce cliff baxter resigni employee enron happy though cliff primary rea son resigning spend time family cliff unique talent creativity intelligence sense humor straightforward manner assets company throughout career missed cliff joined enron key member team built enro wholesale business becoming vice chairman enron cliff served variety positions enron wholesale businesses culminating appointment chairman chief executive officer enron north america asked cliff agreed continue consulting role company concluding negotiations number key asset dispositions please join thanking cliff service company wishing best,Financial & Accounting
<4877460.1075847441263.JavaMail.evans@thyme>,399,70,Morning,attached name changes made counterparty system last night may unable attach regular report email message size working remedy situation notify resolved short name changes coordinated erms tomorrow may please call questions concerns thanks cheryl,News & Media
<11643400.1075847442889.JavaMail.evans@thyme>,1368,119,Afternoon,gcp adjustments best rgds samuel gcp team enron net works global data management tom moran enron enronxgate karen lambert hou ect ect tana jones hou ect ect samuel schott hou ect ect mark taylor hou ect ect brant reves enron enronxgate debbie brackett enron enronxgate david hardy lon ect ect lesli campbell enron enronxgate cynthia clark enron enronxgate enron europe global counterparty lon ect ect stephanie sever enron enronxgate tom moran enron enronxgate claudia clark enron enronxgate william bradford enron enronxgate lisa lees enron enronxgate juana fayett corp enron enron jana morse corp enron enron trang hou ect ect paul maley lon ect ect sonya clarke lon ect ect tim davies lon ect ect karen day enron enronxgate tanya rohauer enron enronxgate kelly lombardi enron enron brian lindsay enron communications enron communications eol call center ect bill hare hou ect ect amy heffernan enron communications enron communications molly lafuze enron communications enron communications danny clark enron communications enron communications stephanie panus enron enron teresa mandola enron enronxgate bill kyle enron enronxgate amber ebow hou ect ect subject eol approvals please see attached regards tom moran,HR & Internal
<6427982.1075847443084.JavaMail.evans@thyme>,1039,145,Morning,nymex membership services may notice reinstatement membership privileges please advised effective close business may following member reinstated membership privileges david boim boim lessee member qualified trader guarantee provided spear leeds kellogg members member firms days date notice advise corporate secretary office claims accordance rule inquiries regarding addressed member services department please click link indicate received email http email cfm useremail jones enron com refdo note click line nothing happens please copy text quotes open internet browser paste web site address press return,News & Media
<8081412.1075847444134.JavaMail.evans@thyme>,825,80,Evening,may church gourmet cajun dinner message cttng pdq net alicia goodrow enron com henryg shellus com bcm tmc edu rayberyl mack worldnet att net subject may church gourmet cajun dinner sent wed may delivered following recipient hutson anne wed may message enron com tana jones enron com cttng pdq net alicia goodrow enron com henryg shellus com bcm tmc edu rayberyl mack worldnet att net subject may church gourmet cajun dinner date wed may return receipt tana jones enron com mime version mailer internet mail service embedded report content type text plain charset iso,News & Media
<11863451.1075847444255.JavaMail.evans@thyme>,632,72,Morning,may church gourmet cajun dinner message jhagood mfah org subject may church gourmet cajun dinner sent thu may delivered following recipient hagood john thu may message enron com tana jones enron com jhagood mfah org subject may church gourmet cajun dinner date thu may return receipt tana jones enron com mime version mailer internet mail service embedded report content type text plain charset iso,News & Media
<24344887.1075847446084.JavaMail.evans@thyme>,482,80,Morning,attached revised credit watch listing week personnel group included distribution please insure receive copy report add additional people distribution report sent error please contact veronica espinoza questions please contact jason williams russell diamond veronica espinoza,News & Media
<10061651.1075847446578.JavaMail.evans@thyme>,1119,163,Afternoon,tana executed agreement protecting cargill steel wire department cargill inc possible provision ena risk management services cargill rodney malcolm group december december imagine confidential information steel wire department problem agreement specific software related information kay young legal specialist enron north america corp phone fax kay young enron com tana jones kay young hou ect ect subject cargill nda conflicts jake staffel enron enronxgate tana jones hou ect ect mark greenberg enron enron subject cargill nda tana could please get nda going cargill information follows cargill inc mcginty west wausata needs two way regarding sharing information possible software sale questions please hesitate give call thank,Legal & Regulatory
<3345844.1075847447947.JavaMail.evans@thyme>,1731,306,Evening,please find attached final name change merger notification report january launch report double click attachment select enable macros read jan changes tab summarizes additions report since jan please note erms short names changed gcp erms friday central time inactivations made feb information please click month two sheets summary sheet jan changes detailed sheet jan click information summary sheet used view changes certain date aware changes say january enter cell summary sheet click sort button cell changes made report january listed automatically summary sheet may also sorted certain criteria use drop arrows alongside column headers make selection sheet contains information used seeing slightly reformatted key points case inactivation cause inactivation merger listed comments section previous format months reports sent cumulatively throughout year report sent twice month end month aim publish report livelink send summary sheet url detailed report month save lot space lotus notes hope streamline monitoring process happy receive comments may,News & Media
<23382522.1075847452711.JavaMail.evans@thyme>,704,98,Afternoon,kate faxed offices friday receive please let know thanks mark senior counsel ews phone facsimile mail mark greenberg enron com kate low klow loudcloud com mark greenberg enron com subject nda enron networks mark checking status revised nda going forward arbitration clause included year confidentiality period prepared sign fax nda back soon receive thanks kate mark greenberg enron com wrote kathy loudcloud com networks application msword,Legal & Regulatory
<1743382.1075847454391.JavaMail.evans@thyme>,348,56,Morning,please note arfan already made authorised signatories following enron entities enron power operations limited enron australia finance pty ltd enrononline llc amita removal signatory wait june heading london product control group regards lara,Financial & Accounting
<5366652.1075847457134.JavaMail.evans@thyme>,1511,212,Afternoon,notice may nymex comex division members nymex comex division member firms nymex comex division clearing firms nymex comex division operation managers george henderson vice president michael campanelli vice president june atom processing schedule date business day event preliminary atom reports give uplistings last day adjustments final atom reports cms debited brokerage nymex gets confirmation available funds escrow account initiates transfer brokers funds deposited broker accounts brokers check morning balances see atom deposits reflected bank balances note broker enrollments july cycle must received membership department later june questions regarding nymex please contact juan serrano gerard taibi questions regarding comex please contact david sherman please click link indicate received email http email cfm useremail tana jones enron com refdo note click line nothing happens please copy text quotes open internet browser paste web site address press return,News & Media
<3676464.1075847078703.JavaMail.evans@thyme>,409,64,Evening,paul radous enron sara shackleton hou ect ect subject credit top tens sara agreed yesterday meeting ask brad schnieder great lakes energy partners llc ask sacks tucson electric power cases credit analysts follow traders indicated taken priority list,Energy Trading
<30701517.1075847176274.JavaMail.evans@thyme>,392,64,Afternoon,request bob shults attaching proposed form confidentiality agreement included phone numbers case comments would like discuss look forward hearing bob shults carol clair assistant general counsel tana jones legal specialist fax,Legal & Regulatory
<20405480.1075847178963.JavaMail.evans@thyme>,551,95,Afternoon,spoke kate cole said enron networks sure correct spelling yet incorporated delaware corporation made copy articles incorporation llc agreement sending messenger pick well copy officers directors appears approved banking resolution went julia today signature need adopt resolutions brokerage approval agreements etc adoption trading policy,Legal & Regulatory
<7742708.1075847152834.JavaMail.evans@thyme>,310,55,Evening,process filing annual hedge exemptions nymex connection therewith need provide nymex updated copy alphabetical list enron corp subsidiary companies last list dated june thanks kate usual help,Financial & Accounting
<588211.1075847153240.JavaMail.evans@thyme>,867,150,Morning,pat waiver deal provision ect master swap agreement requires agreement contents kept confidential except certain people like auditors allow agreement provided affiliates duke wants copy terms master agreement place ect use duke energy international deal argentina duke energy cannot even provide duke energy international copy agreement unless gets ect permission give copy agreement trying resolve whether business reason would want give duke energy international right look agreement issue obviously business federico issue documentation legal issue,Legal & Regulatory
<14177997.1075847153418.JavaMail.evans@thyme>,843,116,Afternoon,enron capital trade resources corp samuel schott tana jones hou ect ect subject additional gcp contact samuel schott susan vrazel left building actually susan decided pursue avenues last day tuesday global counterparty gcp requests handled marilyn colbert jason moore samuel schott feel free contact gcp needs wonderful productive day samuel enron capital trade resources corp tana jones samuel schott hou ect ect subject additional gcp contact samuel schott name changes mergers future susan,Financial & Accounting
<17715536.1075847153529.JavaMail.evans@thyme>,1493,265,Morning,john good hear things paralegal friend first currently openings though tended hire paralegals lot experience paralegals group years experience also recently hired someone anticipate hiring awhile enron litigation work done enron corp big litigation group would obvious place start chuck cheek head lawyer group could forward resume note might get personal attention also keep watching watch online job bank advertise paralegal jobs time time enron companies another group might interested hiring paralegals might hire paralegals less experience global contracts group headed mary solmonson always looking people might good way friend get foot door ect also undergraduate degree business obviously might options groups far running goes trying get back shape surviving miles around park weekend plan double mileage sounds like fighting form want start training july houston fit houston marathon,Legal & Regulatory
<30980111.1075847562650.JavaMail.evans@thyme>,2968,268,Afternoon,marilyn documentation city shows city long beach inc end name never seen city inc end name corporate thing municipal thing samuel schott walter guidroz enron enronxgate enron karen lambert hou ect ect tana jones hou ect ect mark taylor hou ect ect brant reves enron enronxgate enron debbie brackett enron enronxgate enron david hardy lon ect ect lesli campbell enron enronxgate enron cynthia clark enron enronxgate enron enron europe global counterparty lon ect ect stephanie sever enron enronxgate enron tom moran enron enronxgate enron claudia clark enron enronxgate enron william bradford enron enronxgate enron lisa lees enron enronxgate enron juana fayett corp enron enron jana morse corp enron enron trang hou ect ect paul maley lon ect ect sonya clarke lon ect ect tim davies lon ect ect karen day enron enronxgate enron tanya rohauer enron enronxgate enron kelly lombardi enron enron brian lindsay enron communications enron communications enron eol call center bill hare hou ect ect amy heffernan enron communications enron communications enron molly lafuze enron communications enron communications enron danny clark enron communications enron communications enron stephanie panus enron enron teresa mandola enron enronxgate enron bill kyle enron enronxgate enron amber ebow hou ect ect subject eol approvals gcp response gcp adjustments highlighted blue best rgds samuel gcp team enron net works global data management walter guidroz enron enronxgate karen lambert hou ect ect tana jones hou ect ect samuel schott hou ect ect mark taylor hou ect ect brant reves enron enronxgate debbie brackett enron enronxgate david hardy lon ect ect lesli campbell enron enronxgate cynthia clark enron enronxgate enron europe global counterparty lon ect ect stephanie sever enron enronxgate tom moran enron enronxgate claudia clark enron enronxgate william bradford enron enronxgate lisa lees enron enronxgate juana fayett corp enron enron jana morse corp enron enron trang hou ect ect paul maley lon ect ect sonya clarke lon ect ect tim davies lon ect ect karen day enron enronxgate tanya rohauer enron enronxgate kelly lombardi enron enron brian lindsay enron communications enron communications eol call center ect bill hare hou ect ect amy heffernan enron communications enron communications molly lafuze enron communications enron communications danny clark enron communications enron communications stephanie panus enron enron teresa mandola enron enronxgate bill kyle enron enronxgate amber ebow hou ect ect subject eol approvals please see attached,HR & Internal
<29111760.1075847567602.JavaMail.evans@thyme>,755,139,Afternoon,per conversation appears two companies going merge october looking lotus notes think could pick two bigger dogs masters place think want either master survivor master chase old interest rate currency exchange agreement morgan master energy price swap agreement yuk yuk druthers say let start know far reaching maybe could make goal master replaced october think able contact chase morgan start dealing going add chase legal credit list tickler get thing rolling,Legal & Regulatory
<19620265.1075856499061.JavaMail.evans@thyme>,3565,485,Afternoon,zimin stinson gibner hou ect ect bob lee enron enron vince kaminski hou ect ect subject high frequency market data analysis stinson going update vince progress eol george project friday bob may get ideas following book take look see worth buy one http www riskpublications com books index html risk executive reports high frequency financial market data sources applications market microstructure owain gwilym professor charles sutcliffe school management university southampton high quality non technical resource increasingly invaluable topic users high frequency data sections cover many aspects high frequency data covering broad set information ranging data suppliers detailed research angles topics covered include managing hfd arbitrage opportunities intra day seasonalities regulation market efficiency market making format price report published august review table contents order order titles interest please click risk executive reports send page colleague high frequency financial market data contents introduction overview overview background motivation demand high frequency data uses high frequency data structure report sources types high frequency data types data data supplied exchanges panel paul macgregor liffe sourcing preparation liffe tick data specialist data providers real time data providers summary managing exploiting high frequency data panel illustrative high frequency data data storage filtering cleaning treatment time panel olsen filtering system constructing continuous series key considerations manipulating high frequency data modelling issues summary chapter arbitrage opportunities equity markets arbitrage empirical studies arbitrage opportunities arbitrage equity markets individual arbitrage trades intra day seasonalities intra day patterns returns intra day patterns volume intra day patterns volatility intra day patterns bid ask spread intra day patterns autocorrelation returns intra day patterns hedge ratios intra day patterns effects news announcements intra day patterns turn year effect high frequency data conclusions links markets leads lags prices different types market based asset stock market crash leads lags price volatility links geographically separated markets rival markets destabilisation markets relative volatility programme trading volatility price movements expiration conclusions regulations governing markets regulation dual capacity circuit breakers restrictions short selling taxes transactions tick size price clustering delayed publication trades conclusions market efficiency weak form efficiency semi strong form efficiency conclusions market makingrevision prices aspects financial markets determinants bid ask spread block trades conclusions conclusion future developments references,Financial & Accounting
<18393017.1075856499202.JavaMail.evans@thyme>,375,68,Morning,quick update status sandeep kohli working currently group available short notice help quantitative modeling required making decisions regarding dpc strategy case need help also rely support members group skills different areas vince kaminski,News & Media
<6818320.1075856499288.JavaMail.evans@thyme>,1709,255,Morning,ken thanks baby sitting vince kenneth parkhill enron christie patrick hou ect ect vince kaminski hou ect ect subject invitations presentation christie sleep ugh correct invitation people within enron students talked interviewing competitors invitation presentation think would invited dinner probably none even come presentation invitation elicit one request final report though maybe complete waste realize dinner turned box visit sounds great wish group could made dinner first game would made whole slumming experience better get royal treatment enron field great vince invited people rice dennis loughridge director energy consortium lounghrid rice edu carrie miller director mba program cmiller rice edu deborah barrett inst communications barrett rice edu wil uecker associate dean executive education uecker rice edu loughridge wrote back saying come know others students emails ritwik ronnie ghosh ghoshr rice edu ivy ghose ghosei rice edu luigi calabrese luigical rice edu pravas sud pravas rice edu syed farhan iqbal iqbal rice edu cwomack rice edu rice makes total rice guess let know would like anything else related monday look forward seeing ken,News & Media
<933855.1075856985136.JavaMail.evans@thyme>,1946,311,Afternoon,shirley crenshaw vince kaminski hou ect ect subject energy derivatives conference may toronto vince fyi amy aldous aaldous watarts uwaterloo shirley crenshaw enron com subject energy derivatives conference may toronto shirley thanks message surprising someone busy kaminski running bit behind organized number conferences always turns best speaker last one get presentation ready lucky speak conference happy help svga data projector lcd colour data projector screen available would like conference participants copies material presentation perhaps could take hotel hour business services area arrives ready pick copies registration begins mind waiting distribute copies first break take care copying everyone seated talk begins chooses copies ready first thing morning please request three hole punched copies charged university waterloo function right hand later bring diskette comes stuart meeting room third floor registration continental breakfast beginning please let know prefers thanks amy wrote amy aldous conference ordinator centre advanced studies finance university waterloo waterloo tel ext fax email aaldous uwaterloo,Financial & Accounting
<13141717.1075856985720.JavaMail.evans@thyme>,1352,208,Morning,steve journal risk technical serious publication risk magazine article published give exposure academic circles think significant accomplishment downside receive wide circulation risk among practitioners also see reason behind recommendation given navroz article fairly long risk steven leppard vince kaminski hou ect ect subject real options article vince thoughts proposal steve enron capital trade resources corp navroz patel npatel risk please respond navroz patel npatel risk steven leppard enron com subject real options steven consultation technical editor feel work would find suitable environment exposure journal risk email copy work editor chief philippe jorion outline happened pjorion uci edu sure keen give due consideration thank interest sorry delay coming decision best wishes navroz patel technical assistant risk magazine,Financial & Accounting
<2017758.1075856986004.JavaMail.evans@thyme>,3743,498,Morning,fyi vince kashiwamura shelby gsb stanford edu isero alicia gsb stanford edu kashiwamura shelby gsb stanford edu bcc vince kaminski hou ect subject executive program credit risk modeling subject announcement executive program credit risk modeling credit risk modeling financial institutions october stanford university business school risk management specialists stanford business school professors finance darrell duffie kenneth singleton repeating successful executive program credit risk pricing risk management financial institutions course created risk managers research staff traders responsibility credit risk credit related products including bond loan portfolios otc derivative portfolios credit derivatives program includes valuation models defaultable bonds otc derivatives credit derivatives empirical applications corporate sovereign markets empirical theoretical assessments models measuring credit risk correlation portfolios strengths limitations current practice credit risk measurement practical issues implementing credit modeling risk systems estimation default transition probabilities correlations among default risks publicly traded companies historical data application form credit risk modeling financial institutions stanford october form may completed returned email may printed sent fax stanford gsb executive education programs fax number may also apply see detailed information visiting web site www gsb stanford edu exed crm applications acknowledged upon receipt received acknowledgement within two weeks please contact please complete sections information kept strictly confidential name put beside one please male female citizenship job title company company main activity business mailing address business phone codes please business fax email address home address home phone nickname identification badge emergency contact name emergency contact phone title person report job responsibilities experience related course please provide brief job summary attach send biographical summary containing information relevant purpose qualifications course college university education please list degree college university dates degree granted please note classes discussions conducted english order reserve place course program fee due upon notification acceptance fee covers tuition single room meals course materials including proprietary manuscript credit risk pricing measurement refund policy available upon request please state source heard course name date would like hard copy brochure application form please contact make sure include mailing address shelby kashiwamura program manager executive education stanford graduate school business phone fax gsb stanford edu,Financial & Accounting
<9071538.1075856986073.JavaMail.evans@thyme>,3451,487,Morning,realplayer news news real net net vince kaminski hou ect ect subject free better quicker way use web unsubscribe email please read information end message dear realplayer user let say five minutes following check online calendar add something list send instant message check stocks catch today top news headlines five minutes crazy nope free personal desktop portal infospace life become much convenient fun personal desktop portal gives easy free immediate access things important instant messaging calendar address book speedy search tools lists parental control well personalized news headlines weather reports sports scores stock quotes lottery numbers best part tools fingertips single easy use toolbar desktop download infospace personal desktop portal today http proforma real com vkamins ect enron com nitty gritty free yes personal desktop portal free pay penny use even access free internet service provider easy easy get going use simply click web address download begins file downloading especially small making super quick download completed downloading installing personal desktop portal click create new user name log set preferences simple centralized everything need one place need many separate software applications several different web pages send instant message chat look stock quotes see scrolling updated information right desktop fingertips personalized want bunch extra information never need personal desktop portal allows specify want see download infospace personal desktop portal today http proforma real com vkamins ect enron com thanks time great spring team realnetworks seattle mail receiving email downloaded realplayer indicated preference receive product news updates special offers realnetworks remove name future email communications simply visit following url click remove button http real com mlr vkamins ect enron com realnetworks respects right privacy online mail address never shared third party without consent privacy statement reviewed truste available http www realnetworks com company privacy index html realnetworks real com realplayer trademarks registered trademarks realnetworks inc names third party companies products listed herein trademarks registered trademarks respective owners,News & Media
<29133903.1075856987065.JavaMail.evans@thyme>,1305,206,Morning,fyi vince cantekin dincerler cantekin mail utexas edu please respond cantekin mail utexas edu vkamins ect enron com bcc vince kaminski hou ect subject summer internship vince writing time inquire potential renewing internship enron summer date request later would wished reason originally planned back turkey summer get mandatory military duty done however realize put date left wondering believe project get involved summer useful case would happy postpone military duty spend summer research group discussed ronn supportive idea apologize bringing issue late look forward hearing best regards oooo oooo cantekin dincerler doctoral candidate university texas austin graduate school business department finance office fax home http uts utexas edu cantekin oooo oooo,Financial & Accounting
<790687.1075856499377.JavaMail.evans@thyme>,1637,138,Evening,jennifer burns enron enronxgate wes colwell enron enronxgate scott tholan enron enronxgate stephen douglas enron enronxgate alan aronowitz hou ect ect lisa yoho enron enron johnny palmer enron enronxgate neil davies enron enronxgate shanna funkhouser enron enronxgate sarah domonoske enron enronxgate shirley tijerina enron enronxgate sharon purswell enron enronxgate john cote enron enronxgate kristin walsh enron enronxgate james bouillion enron enronxgate per sekse ect ect sally beck enron enronxgate vince kaminski hou ect ect stinson gibner hou ect ect beth perlman enron enronxgate cindy skinner enron enronxgate scott vonderheide enron enronxgate patti thompson enron enronxgate cherylene westbrook enron enronxgate shirley crenshaw hou ect ect david oxley enron enronxgate julie clyatt enron enronxgate mark haedicke hou ect ect janette elbertson hou ect ect dave hill enron enronxgate amy gambill enron enronxgate khymberly booth enron enronxgate timothy detmering enron enronxgate susan fallon enron enronxgate rommel aganon enron enronxgate brendan fitzsimmons enron enronxgate kelly holman enron enronxgate robert johnston enron enronxgate kimberly landry enron enronxgate clayton seigle hou ect ect subject enron global markets employee meeting enron global markets employee meeting monday may business meeting cocktails appetizers hyatt regency hotel houston imperial ballroom want miss,HR & Internal
<4374056.1075856500196.JavaMail.evans@thyme>,548,96,Afternoon,molly kim watson would like bring jacob another interview later week vince vince kimberly watson enron enronxgate vince kaminski hou ect ect subject hello vince still interested bringing back gentleman back another interview would much like meet sean talked brought weeks ago thought would good idea meet compare thoughts thanks kim,HR & Internal
<30553671.1075856500218.JavaMail.evans@thyme>,1022,133,Afternoon,shirley crenshaw lance cunningham enron enron vasant shanbhogue hou ect ect alex huang corp enron enron sevil yaman corp enron enron vince kaminski hou ect ect martin lin hou ect ect lloyd hou ect ect subject power outlook fyi lin hongyan hongyan lin wefa com shirley crenshaw enron com mcnabb peter peter mcnabb wefa com subject power outlook power outlook pdf power outlook appendix pdf power outlook appendix pdf power outlook appendix pdf power outlook appendix pdf power outlook appendix pdf power outlook appendix pdf power outlook pdf power outlook appendix pdf power outlook appendix pdf power outlook appendix pdf power outlook appendix pdf power outlook appendix pdf power outlook appendix pdf,Energy Trading
<13724743.1075856182122.JavaMail.evans@thyme>,1347,210,Afternoon,gwyn try reduce number potential candidates shall get involved also contacted regarding promotion process started vince gwyn koepke enron vince kaminski hou ect ect subject country risk economist hiring thanks vince resume book sais like start contacting individually telephonically prior meeting maureen begin contact initial screening would like participate initial screening thanks gwyn vince kaminski ect gwyn koepke enron enron subject country risk economist hiring gwyn yes please ahead get resume book sais vince gwyn koepke enron vince kaminski hou ect ect subject country risk economist hiring vince maureen mentioned back group approval hire junior full economist asked contact johns hopkins sais get resumes possible candidates completed begin contacting potential candidates wanted confirm approval hire another person either junior associate economist level thank gwyn koepke,HR & Internal
<18692567.1075856182322.JavaMail.evans@thyme>,519,67,Afternoon,iris mack enron enronxgate nalink edu smtp enronxgate vince kaminski hou ect ect martin lin hou ect ect martin lin contractor enron communications enron communications chonawee supatgiat corp enron enron subject wholesale products book nalin hope document looking however told send disclaimer outdated currently revision especially references blockbuster deal soon iris,Energy Trading
<17250316.1075856180790.JavaMail.evans@thyme>,1794,250,Evening,dear delighted announce redesign website reactions leading insurance reinsurance risk transfer magazine reactions website sits technology security platform shared titles published euromoney institutional investor plc world leading financial publishing group find new site user friendly peoplemoves section keep date latest changes senior executives market adding free sections giving essential market intelligence soon make sure log today new reactions confidential new area site find four recent editions reactions magazine new edition reactions available website two weeks print edition mailed subscribers reactions magazine pay small upgrade fee activating access reactions confidential http www reactionsnet com mysubscriptionoptions username vkaminski password yield rest reactionsnet com website archive editions much freely accessible also username password allow access free areas http www euromoney com http www asiamoney com http www latinfinance com http www corporatefinancemag com http www petroleum economist com means need username password pair access freely accessible areas sites including http www reactionsnet com may review details hold http www reactionsnet com mydetails kind regards reactionsnet com team questions please call julie kybert customer helpline,Energy Trading
<27048943.1075856731574.JavaMail.evans@thyme>,2207,259,Evening,vince problem schedule dinner thanks help interviews beth vince kaminski beth miertschin hou ect ect vince kaminski hou ect ect shirley crenshaw hou ect ect subject super saturday interviews beth please let know friday night want know dress dinner busy would glad skip dinner enough people cover vince beth miertschin vince kaminski hou ect ect subject super saturday interviews beth miertschin kevin ruscitti hou ect ect tom adams hou ees ees harold bertram hou ect ect ted bland hou ect ect tom byargeon hou ect ect rogers herndon hou ect ect kevin mcgowan corp enron enron cindy skinner hou ect ect mark tawney hou ect ect greg woulfe hou ect ect matthew arnold hou ect ect keith holst hou ect ect elspeth inglis corp enron enron kim melodick hou ect ect sheila walton hou ect ect janet dietrich hou ect ect gary hickerson hou ect ect vince kaminski hou ect ect george mcclellan hou ect ect julia murray hou ect ect jere overdyke hou ect ect jeffrey shankman hou ect ect fran mayes hou ect ect dave hill corp enron enron brad mcsherry hou ect ect toni graham corp enron enron james ajello hou ect ect phillip allen hou ect ect edward baughman hou ect ect sally beck hou ect ect bob crane hou ect ect david oxley hou ect ect kevin presto hou ect ect daniel reck hou ect ect hunter shively hou ect ect cedric burgher corp enron enron ginger gamble hou ect ect shelly jones hou ect ect subject super saturday interviews thank volunteering interview super saturday june working interview schedule receiving interview packet later friday morning please let know soon possible conflicts able participate appreciate support associate analyst program beth miertschin,HR & Internal
<26693630.1075856733964.JavaMail.evans@thyme>,2453,374,Evening,tomczyk wharton upenn edu michael tomczyk vkamins enron com thomas piazze wharton upenn edu subject wharton event insead vincent truly pleasure getting know meeting yesterday look forward prospect exchanging views future variety topics pertaining emerging technologies per discussion enclosed three files include invitation agenda rsvp form june symposium high tech acquisitions insead individual attending questions please email phanish puranam wharton upenn edu call initiative expanded coming year believe enron involvement give company access early research progress unfolds course become involved partner emerging technologies program would opportunities help guide direction research one partnership benefits next upcoming events scheduled friday september next internet faculty update day industry partners also invited sponsor wharton major business initiative major issues addresses include new economics web internet anywhere friday october first mover advantage shakeouts survival strategies designed core group presented collaboration commerce forum indicated discussion participation emerging technologies management research program invitation behalf core faculty pleased extend invitation enron join program assist decision recommend representative attend symposium paris june test drive program send formal invitation free accept convenience agree enron participation program would value please call email comments questions best regards michael insead workshop invitation lett insead workshop doc rsvp form doc michael tomczyk managing director emerging technologies management research program wharton school philadelphia tel fax,HR & Internal
<22885304.1075856735727.JavaMail.evans@thyme>,1119,168,Afternoon,could talk monday pls obtain feedback team thanks assistance vince kaminski rosalinda resendez hou ect ect vince kaminski hou ect ect shirley crenshaw hou ect ect bryan seyfried lon ect ect subject credit com rosie making arrangements bring houston interview vince rosalinda resendez vince kaminski hou ect ect shirley crenshaw hou ect ect subject credit com vince asked forward resumes rosie louise bratby rosalinda resendez hou ect ect subject credit com rosalinda work melanie doyle london two candidates trying arrange bryan seyfried come see vince kaminski however finding difficult ordinate end would possible forward vince assistant sure correct person thanks help need details number regards louise,HR & Internal
<11122804.1075856735979.JavaMail.evans@thyme>,3441,470,Evening,subject announcement executive program credit risk modeling credit risk modeling financial institutions october stanford university business school risk management specialists stanford business school professors finance darrell duffie kenneth singleton repeating successful executive program credit risk pricing risk management financial institutions course created risk managers research staff traders responsibility credit risk credit related products including bond loan portfolios otc derivative portfolios credit derivatives program includes valuation models defaultable bonds otc derivatives credit derivatives empirical applications corporate sovereign markets empirical theoretical assessments models measuring credit risk correlation portfolios strengths limitations current practice credit risk measurement practical issues implementing credit modeling risk systems estimation default transition probabilities correlations among default risks publicly traded companies historical data application form credit risk modeling financial institutions stanford october form may completed returned email may printed sent fax stanford gsb executive education programs fax number may also apply see detailed information visiting web site www gsb stanford edu exed crm applications acknowledged upon receipt received acknowledgement within two weeks please contact please complete sections information kept strictly confidential name put beside one please male female citizenship job title company company main activity business mailing address business phone codes please business fax email address home address home phone nickname identification badge emergency contact name emergency contact phone title person report job responsibilities experience related course please provide brief job summary attach send biographical summary containing information relevant purpose qualifications course college university education please list degree college university dates degree granted please note classes discussions conducted english order reserve place course program fee due upon notification acceptance fee covers tuition single room meals course materials including proprietary manuscript credit risk pricing measurement refund policy available upon request please state source heard course name date would like hard copy brochure application form please contact make sure include mailing address shelby kashiwamura program manager executive education stanford graduate school business phone fax gsb stanford edu,Financial & Accounting
<15197690.1075856738618.JavaMail.evans@thyme>,1136,159,Night,vince thanks introducing speaker conference per conversation please find enclosed resume come office friday may please let know dress code casual formal thanks taking time talk regarding opportunities enron resumesanjeevkhanna doc sanjeev khanna eng director quantitative risk management energy trading louisina street houston email sanjeev khanna pge com tel pager cell energy trading company referenced herein uses name logo company pacific gas electric company california utility companies regulated california public utilities commission customers buy products companies order continue receive quality regulated services utility resumesanjeevkhanna doc,Energy Trading
<3820003.1075856740154.JavaMail.evans@thyme>,1898,295,Morning,ehud sorry shall miss thursday shall definitely attend presentation power shall ask guest accounton eol typically account allows outside user take look system think traders allow systematic access price data long period time third party vince ehud ronn eronn mail utexas edu vince kaminski enron com subject thur fri austin trip presentation risk management optimization model enron line vince greetings following time respect issues discussed san antonio leaving thur morn philadelphia shall back late fri etd understand less hour arrival thus shall regrettably miss current visit hoped also use opportunity present discuss enterprise wide risk management model said shall presenting abridged version model power first day realize busy power two days schedule permit welcome opportunity see model per suggestion san antonio would like take opportunity inquire whether might obtain enron line account obtain electricity prices quoted enron look forward seeing power best regards ehud ehud ronn department finance college graduate school business university texas austin austin voice fax internet eronn mail utexas edu,Financial & Accounting
<27933330.1075856740254.JavaMail.evans@thyme>,1749,270,Night,vince look homepage updating see energy markets www acmc edu gwd energyexchange html regards glen dixon part time phd student department mathematics university queensland hopefully attending australian risk conference speaker july sydney hope hear speak glen dixon project officer procurement profiling queensland purchasing department public works important electronic message attachments supplied good faith believed free year date related problems year compliance department public works forwards message attachments basis use risk department accepts responsibility damage loss arising negligence otherwise may occur use transmission message attachments recommends conduct independent tests determine year compliance use contents electronic message attachments intended addressee may contain privileged confidential information may used purposes supplied addressee notified transmission distribution downloading printing photocopying contents message attachments strictly prohibited privilege confidentiality attached message attachments waived lost destroyed reason mistaken delivery receive message error please notify sender return mail telephone thank,Legal & Regulatory
<16939762.1075856740876.JavaMail.evans@thyme>,407,63,Morning,thanks lot letter appreciate help thanks larrissa vince kaminski larrissa sharma hou ect ect vince kaminski hou ect ect subject letter larrissa please take look letter assistant vacation back tomorrow please check spelling first name inconsistent original letter lawyer vince,HR & Internal
<11833469.1075857032402.JavaMail.evans@thyme>,1723,279,Morning,greg commerce related proposal dale nesbitt vince dale nesbitt dale nesbitt altosmgmt com vkamins enron com subject marketpoint business plan summary vince thanks much interest marketpoint product thanks hour gave morning promised enclosing executive summary first chapter business plan take forward management prospective enron marketpoint investment collaboration want reiterate enron elect lead investor exclusive industry want enron wants lead ensure entire second round resources need would offer investment opportunity trading companies pipelines electrics third subsequent rounds participation marketpoint board member aware coinvested sap past might want coinvest presume would problem non competitors epri management consulting service provider partner partner would want guidance arena think would find partner suitable attractive done several interesting energy trading plays would provide good management skills believe hope move forward together looking forward positive response thanks best regards dale nesbitt might hear drew ries investments group spoke speaking many issues longexecsum doc,Energy Trading
<9525786.1075840780291.JavaMail.evans@thyme>,755,116,Evening,larry brief discussion lawyers strongly advising keep changes earlier incorporated assented matter company policy unfortunately much room maneuver would help direct conversation lawyers appreciate company perspective arrange phone call please advise thanks rakesh lawrencelrtnmt aol com rakesh bharati enron com subject mutually agreed upon changes okay rakesh thanks work non disclosure agreement integration mutually agreed upon modifications looks good rakesh thanks await next version larry,Legal & Regulatory
<2010492.1075856601039.JavaMail.evans@thyme>,1323,226,Morning,narottam fact received copy report something sent mail please resend could make appropriate comments please asap since waiting report give comments time regards sandeep narottam aul naul hesinet com please respond naul hesinet com sandeep kohli enron com subject dabhol report sandeep trust opportunity review draft dabhol report sent april assume circulation report relevant people within dabhol enron done end helpful comments collated send report amended incorporate comments final version sent records would much close assignment completion report please let know analysis sensitivities assist enron dabhol existing phase discussions mseb state government best regards narottam narottam aul henwood energy services inc greenhill road wayville australia tel fax mobile,News & Media
<9511116.1075840780539.JavaMail.evans@thyme>,1493,280,Afternoon,london seems left august sun cold serious looking people expensive etc addition may day riots post office bombing train strike etc mention excitement enron credit would nice know supposed reporting getting loads conflicting messages illustrated forwarded email vasant according slava strategy paper duffie report seems higher priority however vasant seems indicate forwarded email priority moment addition seems lots chaos enron credit houston office even london office brings mind russian proverb learned slava expressed views current state enron credit fish rots head finally would like know exactly want write duffie report want hear enron credit would like hear need develop private firm model exisiting infrastructure want hear really see hear read etc latter true may need write two reports learning look good would probably make enron credit personnel happy well think said enough look forward feedback thanks iris,HR & Internal
<14454004.1075858449598.JavaMail.evans@thyme>,1454,206,Night,esource presents free global energy markets presentation june june global energy markets global energy markets information service gives access updated information analysis whenever need global energy markets provides many different news feeds data sources one service addition global energy markets provides useful online databases finding articles projects companies service available global region services include americas asia pacific europe cis middle east service includes four key modules first core module energy news news comes reuters dow jones bbc afp others one regional news service three modules useful databases finding news articles project information companies second module global energy projects database third module global energy news archive fourth energy companies directory http home enron com messaging globalenergymarkets pdf seats fill fast reserve seat please call stephanie taylor shows charged check esource training page http esource enron com training doc additional training sessions vendor presentations http esource enron com embedded picture metafile,HR & Internal
<31918144.1075856430519.JavaMail.evans@thyme>,2114,320,Afternoon,joanna vidal jvidal riskwaters com cyrus andrew cmu edu geman helyette essec vkamins enron com kaminski aol com pnance teknecon com chris harris innogy com eronn mail utexas edu sama dynergy com subject london new york houston financial mathematics june july hello speakers name joanna vidal coordinator financial mathematics training course held following dates london june new york july houston july process preparing speaker packs include updated contact information sheet details receive pack shortly confirm addresses list ask please look make necessary corrections contact details information joanna vidal events coordinator risk waters group ext jvidal riskwaters com www riskwaters com thank look forward working duane seppi carnegie mellon university graduate school industrial administrations pittsburgh helyette geman universite paris dauphine finance department grand ecole corgy pontois paris france vincent kaminski enron credit smith street room houston peter nance teknecon inc capital texas highway suite austin chris harris innogy holdings place windmill hill business park whitehill way swindon wiltshire spyros maragos dynergy inc louisiana street suite houston ehud ronn university texas austin department finance mccombs school business austin,Financial & Accounting
<20208874.1075856431339.JavaMail.evans@thyme>,2689,229,Morning,shirley please put schedule vince jennifer fraser enron enronxgate cathy phillips hou ect ect mark frevert enron enronxgate mike mcconnell hou ect ect jeffrey shankman enron enronxgate doug arnell alan aronowitz hou ect ect pierre aury lon ect ect sally beck hou ect ect rick bergsieker stephen douglas enron enronxgate shanna funkhouser enron enronxgate eric gonzales lon ect ect gary hickerson hou ect ect vince kaminski hou ect ect larry lawyer enron enronxgate chris mahoney lon ect ect george mcclellan enron enronxgate thomas myers enron enronxgate john nowlan hou ect ect beth perlman enron enronxgate brent price enron enronxgate daniel reck enron enronxgate cindy skinner enron enronxgate stuart staley lon ect ect mark tawney enron enronxgate scott tholan enron enronxgate lisa yoho enron enron neil davies enron enronxgate per sekse ect ect stephen douglas enron enronxgate scott vonderheide corp enron enron jonathan whitehead enron enron michael patrick enron enronxgate chris gaskill enron enronxgate john arnold hou ect ect nicki daw enron enronxgate jennifer burns enron enronxgate demonica lipscomb enron enronxgate yvonne francois enron enronxgate angie collins enron enronxgate donna baker enron enronxgate helen marie taylor hou ect ect chantelle villanueva enron enronxgate betty coneway enron enronxgate patti thompson hou ect ect cherylene westbrook enron enronxgate candace parker lon ect ect sharon purswell enron enronxgate gloria solis enron enronxgate brenda johnston susan mccarthy lon ect ect paula forsyth enron enronxgate shirley crenshaw hou ect ect kathleen hardeman stuart cichosz enron enronxgate judy zoch enron enron sunita katyal cherry mont ect ect lydia reeves hou ect ect kristy armstrong enron enronxgate nita garcia enron enron christina brandli enron enronxgate yolanda martinez corp enron enron michele beffer enron enronxgate shimira jackson enron enronxgate subject pira global oil natural outlooks save dates pira coming may semi annual energy outlook greg shuttlesworth north american natural gas may new production outlook price direction demand fundamentals gary ross world oil outlook may oil demand supply outlook regional balances opec rhetoric jen fraser,Energy Trading
<25649167.1075856432411.JavaMail.evans@thyme>,2222,318,Morning,cheryl please include follow meeting thanks jeff enron energy services richard zdunkewicz james bouillion enron enronxgate paul clayton enron enronxgate vince kaminski hou ect ect james harris hou ees ees jeff forbis hou ees ees richard jones hou ees ees cheryl brashier hou ees ees subject risk profile liability mitigation product please find attached scope services document list projects implemented current ees customers scope services document designed show types projects operations maintenance facilities management services eeso typically offers customers based industry segment projects services offered similar across segments customers level deployment varies significantly segment segment certain segments grouped together eeso offering would feature similar assets services sic codes given segment represent types customers comprise segment list projects represents general categories specific projects tailored fit clients needs project list represents assets approved dsm desk queried pccs operations maintenance services applied energy related assets compiled term sheets iam generally activities limited industrial outsourcing deals including springs polaroid recently eli lilly facilities management usually outsourced via ipt adoption existing vendor contracts involve repair maintenance assets generally type activity focused retail real estate segment cheryl pls set meeting harris clayton bouillion jones kaminski discuss action plan develop liability mitigation product present original product concept meeting would like see meeting take place late next week thanks richard,Energy Trading
<11785848.1075856432481.JavaMail.evans@thyme>,2323,329,Morning,vincent kaminski managing director enron capital trade resources corp dear kaminski cera holding fourth annual tale three seas integrating world energy conference june istanbul like brief program express hope join premier senior level international gathering focusing region caspian black eastern mediterranean seas latest agenda updates found cera web site http cera com event istanbul site updated regularly keep abreast program developments pleased announce conference feature keynote addresses two major energy industry leaders sir john browne group chief executive vittorio mincato managing director chief executive officer eni senior level group speakers complete program review list confirmed speakers please visit http cera com event istanbul speakers opportunities variety event partnerships exist cera clients may enhance profile energy community across region offer range targeted options include choice enrollment levels branding benefits register tale three seas please complete return enrollment form found website http cera com event istanbul questions need additional information regarding conference please contact colleague steven mccarthy telephone mail smccarthy cera com hope able participate please feel free pass along message colleagues feel might interested sincerely joseph stanislaw president cambridge energy research associates cera tale three seas conference chairman relationship important wish receive future mail notifications please send reply message donotemail subject message mailto info cera com subject donotemail,Financial & Accounting
<20529972.1075856432622.JavaMail.evans@thyme>,578,87,Afternoon,vince enjoyed presentation siam workshop last friday much greater appreciation difficult problems solve possible would like get copy talk references review papers general area market modeling potentially control great weekend best regards dean kassmann dean kassmann aspen technology inc phn advanced control systems group fax eldridge parkway dean kassmann aspentech com houston http www aspentech com,Energy Trading
<27493684.1075856432714.JavaMail.evans@thyme>,1353,212,Morning,given growth ees become apparent time consolidate risk functions ees ews provide ees systems resources risk expertise wholesale energy groups necessary continue grow take advantage current market opportunities mind agreement management ees two new risk groups inside enron americas formed provide ees pricing structuring retail wholesale commodity risk management logistics back office services groups main function provide services ees asked rogers herndon currently vice president trading eastern power group manage function eastern interconnect includes gas power rogers continue report kevin presto asked black formerly vice president ees risk management sourcing manage function western manage group houston report tim belden groups work closely ees pursue shared goals ensuring close coordination wholesale gas power trading organizations changes effective immediately please congratulate rogers new roles john lavorato louise kitchen,Legal & Regulatory
<9813412.1075856433514.JavaMail.evans@thyme>,1023,171,Afternoon,critical migration information scheduled outlook migration date evening may need press save data button send pre migration information must connected network press button pop box appears prompting abort cancel trust signer please select trust signer information add personal address book journal calendar click button need manually added outlook migrated clicking button complete migration outlook migration completed evening migration date failure click button means get calendar contacts journal todo information imported outlook day migration could result week delay restore information encounter errors please contact resolution center,News & Media
<22138017.1075856824936.JavaMail.evans@thyme>,659,83,Morning,vince thanks appreciate quite understand appreciate ability use system permission applicable would delighted join alex helyette dinner tue info available please advise look forward seeing tue best ehud ehud ronn department finance college graduate school business university texas austin austin voice fax internet eronn mail utexas edu,Financial & Accounting
<6151138.1075856825083.JavaMail.evans@thyme>,1295,145,Afternoon,user requests acces research erg basis basisnw please indicate approve thanks ngriggs irm research erg basis basisnw security resource request system pending security processing resource request process request general information initials requestor kimberly brown hou ect phone requested kimberly brown hou ect request type update access company priority high location houston click see requested see resource request section click process request comments urgent request kbrn submitted name cost status implementation comments directory resource research erg basis basisnw started request processing path processed status comments security implementation security information req location network login unix login editing history last five shown edit past authors edit dates kimberly brown kimberly brown,News & Media
<23743706.1075856825304.JavaMail.evans@thyme>,442,77,Afternoon,vince thanks coming austin speak class sure appreciated hearing use real options enron think fine way finish semester along colleagues finance appreciate strong support enron provided college business administration appreciate relationship look forward seeing austin next year jim,Financial & Accounting
<15377117.1075856825743.JavaMail.evans@thyme>,1305,206,Morning,fyi vince cantekin dincerler cantekin mail utexas edu please respond cantekin mail utexas edu vkamins ect enron com bcc vince kaminski hou ect subject summer internship vince writing time inquire potential renewing internship enron summer date request later would wished reason originally planned back turkey summer get mandatory military duty done however realize put date left wondering believe project get involved summer useful case would happy postpone military duty spend summer research group discussed ronn supportive idea apologize bringing issue late look forward hearing best regards oooo oooo cantekin dincerler doctoral candidate university texas austin graduate school business department finance office fax home http uts utexas edu cantekin oooo oooo,Financial & Accounting
<4529771.1075856826517.JavaMail.evans@thyme>,1630,261,Morning,celeste forwarding letter prof duane seppi carnegie mellon university known duane many years know make recommendations without good reasons would recommend looking john gordon strong candidate think make terrific contribution enron vince andrew cmu edu vince kaminski hou ect ect subject recommendation john gordon dear vince writing bring attention gsia student john gordon currently considered enron associates program understanding mark courtney andrew miles enron championing john late addition program know enron routinely recruit gsia john would ideal candidate willing make exception terrific finance student strong transcript including options class since john engineering energy background asked early additional background reading finance energy john personable outgoing normally job market someone john caliber would already cleared told dual career issues play would appreciative would take look john copy resume attached email best regards duane duane seppi graduate school industrial administration carnegie mellon university pittsburgh tel fax email andrew cmu edu john gordon resume,Financial & Accounting
<22287289.1075856827513.JavaMail.evans@thyme>,3451,487,Morning,realplayer news news real net net vince kaminski hou ect ect subject free better quicker way use web unsubscribe email please read information end message dear realplayer user let say five minutes following check online calendar add something list send instant message check stocks catch today top news headlines five minutes crazy nope free personal desktop portal infospace life become much convenient fun personal desktop portal gives easy free immediate access things important instant messaging calendar address book speedy search tools lists parental control well personalized news headlines weather reports sports scores stock quotes lottery numbers best part tools fingertips single easy use toolbar desktop download infospace personal desktop portal today http proforma real com vkamins ect enron com nitty gritty free yes personal desktop portal free pay penny use even access free internet service provider easy easy get going use simply click web address download begins file downloading especially small making super quick download completed downloading installing personal desktop portal click create new user name log set preferences simple centralized everything need one place need many separate software applications several different web pages send instant message chat look stock quotes see scrolling updated information right desktop fingertips personalized want bunch extra information never need personal desktop portal allows specify want see download infospace personal desktop portal today http proforma real com vkamins ect enron com thanks time great spring team realnetworks seattle mail receiving email downloaded realplayer indicated preference receive product news updates special offers realnetworks remove name future email communications simply visit following url click remove button http real com mlr vkamins ect enron com realnetworks respects right privacy online mail address never shared third party without consent privacy statement reviewed truste available http www realnetworks com company privacy index html realnetworks real com realplayer trademarks registered trademarks realnetworks inc names third party companies products listed herein trademarks registered trademarks respective owners,News & Media
<27845614.1075856828559.JavaMail.evans@thyme>,2081,183,Evening,alexandra howells ahowells iirltd vkamins enron com subject energy europe dear kaminski hope well since last spoke shall give call later today wanted email update energy europe soon possible unfortunately workshops summit day june booked well expected month left conference cancel many apologies inconvenience might cause prof geman wanted tell soon possible cause least amount disruption travel arrangements etc main conference booking fine continue expected certainly hope still able attend albeit spectator role similarly emailed prof geman follow telephone call apologies inconvenience call later today discuss details kind regards alexandra icbi energycongress doc,News & Media
<4533256.1075856828919.JavaMail.evans@thyme>,2914,191,Morning,shirley crenshaw vince kaminski hou ect ect stinson gibner hou ect ect pinnamaneni krishnarao hou ect ect vasant shanbhogue hou ect ect mike roberts hou ect ect joseph hrgovcic hou ect ect grant masson hou ect ect tanya tamarchenko hou ect ect zimin hou ect ect vincent tang hou ect ect alexios kollaros hou ees ees martin lin hou ect ect maureen raymond hou ect ect osman sezgen hou ees ees paulo issler hou ect ect patricia tlapek hou ect ect farouk lalji hou ect ect amitava dhar corp enron enron alex huang corp enron enron ronnie chahal hou ees ees kevin kindall corp enron enron kevin moore hou ect ect clayton vernon corp enron enron william smith corp enron enron leandro ibasco corp enron enron yanna crystal corp enron enron jose marquez corp enron enron samer takriti corp enron enron chonawee supatgiat corp enron enron shalesh ganjoo hou ect ect tom halliburton corp enron enron elena chilkina corp enron enron cantekin dincerler hou ect ect brad aimone enron enron datren williams enron enron subject hey math geniuses solve problems offering million dollars solution problem website www claymath org get finders fee millennium prize problems home millennium prize problems versus hodge conjecture poincar conjecture riemann hypothesis yang mills existence mass gap navier stokes existence smoothness birch swinnerton dyer conjecture announced wednesday may collsge france statement directors scientific advisory board rules cmi millennium prize problems historical context press contact veronique lemaitre home index webmaster claymath org,News & Media
<10314668.1075856829519.JavaMail.evans@thyme>,1347,198,Afternoon,vince topics london folks interested good weekend zimin enron capital trade resources corp europe anjam ahmad natasha danilochkina lon ect ect haakon olafsson lon ect ect mark jones lon ect ect zimin hou ect ect stinson gibner hou ect ect subject new gas models preliminary schedule next week dear please could confirm availability meetings next week follows wednesday may overview gas products revalued wet gas swing deals teeside delivery liquids extraction options time hrs zimin anjam natasha wednesday may overview gas products revalued virtual storage enbank dry gas swing deals time hrs zimin anjam natasha wednesday may simulation gas forward curve time zimin anjam natasha haakon thursday june model modifications accomodate products time zimin natasha anjam friday june requirements trading model booking mtm exposures hedge ratios calculation time zimin mark jones natasha invitations follow thanks anjam,Financial & Accounting
<30799767.1075856829923.JavaMail.evans@thyme>,967,171,Afternoon,vince several items need know paul johnson said monday night would fine dinner spyros lucy deathridge risk called needed presentation boston conference evening order copies made told meetings busy know whether presentation ready copies made copy center overnight next week suggestions trying schedule meeting mike roberts called regarding online said schedule friday called mark palmer knew nothing meeting said would however unable reach dan diamond mike said might cell phone thanks shirley,HR & Internal
<21552028.1075857046970.JavaMail.evans@thyme>,720,111,Night,please note employees suggested following people complete feedback form behalf need access performance management system pep either approve decline suggested reviewers approved suggested reviewers notified begin completing feedback form list employees suggested reviewers listed date suggested may feedback due date jun employee name kollaros alexios date suggested may feedback due date jun employee name krishnarao pinnamaneni date suggested may feedback due date jun employee name shanbhogue vasant,HR & Internal
<23640788.1075858461715.JavaMail.evans@thyme>,2031,319,Afternoon,vince previous time sent appeared delivered system resending apologize get one emails looking forward presenting conference regards topic conference theme electric market forecasting conference market volatility risks regional markets several presenters explore underlying drivers respective markets effect market price value positions others exploring electric gas forward markets gas oil hedging strategies please consider one following topics western markets issues understanding western markets key principles strategies managing positions volatile energy markets intent presentations get heart emerging electric market issues increase awareness big issues principles give attendees insights however warren indicated please feel free select topic related conference theme listed topics presenters let know topic would like address willing discuss phone would helpful regards lee lee barney epis inc blankenship road suite west linn fax www epis com presenters market forum session conference electric gas forward markets brad leach senior director research new york mercantile exchange western canadian markets paul blaha manager power marketing atco eastern markets brian skinner director market analysis williams energy market trade ercot market beth garza director market intelligence fpl energy midwestern markets chester bolling director regulatory strategies dte energy gas oil hedging electric markets william foley director global commodities deutsche bank new york,Legal & Regulatory
<17779035.1075856612006.JavaMail.evans@thyme>,2222,318,Morning,cheryl please include follow meeting thanks jeff enron energy services richard zdunkewicz james bouillion enron enronxgate paul clayton enron enronxgate vince kaminski hou ect ect james harris hou ees ees jeff forbis hou ees ees richard jones hou ees ees cheryl brashier hou ees ees subject risk profile liability mitigation product please find attached scope services document list projects implemented current ees customers scope services document designed show types projects operations maintenance facilities management services eeso typically offers customers based industry segment projects services offered similar across segments customers level deployment varies significantly segment segment certain segments grouped together eeso offering would feature similar assets services sic codes given segment represent types customers comprise segment list projects represents general categories specific projects tailored fit clients needs project list represents assets approved dsm desk queried pccs operations maintenance services applied energy related assets compiled term sheets iam generally activities limited industrial outsourcing deals including springs polaroid recently eli lilly facilities management usually outsourced via ipt adoption existing vendor contracts involve repair maintenance assets generally type activity focused retail real estate segment cheryl pls set meeting harris clayton bouillion jones kaminski discuss action plan develop liability mitigation product present original product concept meeting would like see meeting take place late next week thanks richard,Energy Trading
<8764897.1075857060784.JavaMail.evans@thyme>,657,87,Morning,message sent pjm customer info mailing list pjm customer info majordomo pjm com two settlement xml csv conversion utilities available download pjm web site zip file containing required programs examples downloaded http www pjm com twoset html please reply message question pjm customer relations training please send mail custsvc pjm com unsubscribe list send mail majordomo majordomo pjm com containing following line body mail unsubscribe pjm customer info,HR & Internal
<19224408.1075856617440.JavaMail.evans@thyme>,375,64,Morning,vince thank much follow report sure richard enthusiastic opportunity speak team appreciate help please feel free contact shirley need assistance logistics thank look forward working recruiting season regards kristin,News & Media
<32386251.1075856629012.JavaMail.evans@thyme>,3401,465,Afternoon,stinson going update vince progress eol george project friday bob may get ideas following book take look see worth buy one http www riskpublications com books index html risk executive reports high frequency financial market data sources applications market microstructure owain gwilym professor charles sutcliffe school management university southampton high quality non technical resource increasingly invaluable topic users high frequency data sections cover many aspects high frequency data covering broad set information ranging data suppliers detailed research angles topics covered include managing hfd arbitrage opportunities intra day seasonalities regulation market efficiency market making format price report published august review table contents order order titles interest please click risk executive reports send page colleague high frequency financial market data contents introduction overview overview background motivation demand high frequency data uses high frequency data structure report sources types high frequency data types data data supplied exchanges panel paul macgregor liffe sourcing preparation liffe tick data specialist data providers real time data providers summary managing exploiting high frequency data panel illustrative high frequency data data storage filtering cleaning treatment time panel olsen filtering system constructing continuous series key considerations manipulating high frequency data modelling issues summary chapter arbitrage opportunities equity markets arbitrage empirical studies arbitrage opportunities arbitrage equity markets individual arbitrage trades intra day seasonalities intra day patterns returns intra day patterns volume intra day patterns volatility intra day patterns bid ask spread intra day patterns autocorrelation returns intra day patterns hedge ratios intra day patterns effects news announcements intra day patterns turn year effect high frequency data conclusions links markets leads lags prices different types market based asset stock market crash leads lags price volatility links geographically separated markets rival markets destabilisation markets relative volatility programme trading volatility price movements expiration conclusions regulations governing markets regulation dual capacity circuit breakers restrictions short selling taxes transactions tick size price clustering delayed publication trades conclusions market efficiency weak form efficiency semi strong form efficiency conclusions market makingrevision prices aspects financial markets determinants bid ask spread block trades conclusions conclusion future developments references,Financial & Accounting
<7047848.1075856629058.JavaMail.evans@thyme>,2086,363,Morning,layla points shall glad attend reception falling behind getting presentation ready sorry delay commit delivering required number copies day presentation day done two occasions power power copies produced company copy center cost associate tanya tamarchenko helping one aspect presentation would like deliver part speach fair give credit credit due include additional speaker vince layla leary loleary riskwaters com please respond loleary riskwaters com loleary riskwaters com subject eprm houston dear speaker pre congress cocktail reception sunday may juniper room would delighted attend pre congress cocktail reception extending invitation sponsors exhibitors eprm risk waters group staff hope provide perfect opportunity meet staff clients formal opening eprm usa rsvp would also like remind need missing presentations thursday may essential get delegates rely make notes get upset included packs still informed requirements please quickly possible also require short biography would like point taking presentations disk event using laptop presentation loaded onto laptop bring must bring laptop disc connecting cables questions please hesitate contact kind regards layla leary event ordinator risk waters group haymarket house haymarket london tel fax,Energy Trading
<11949190.1075858471645.JavaMail.evans@thyme>,2116,307,Night,fyi vince joanna vidal jvidal riskwaters com cyrus andrew cmu edu geman helyette essec vkamins enron com kaminski aol com pnance teknecon com chris harris innogy com eronn mail utexas edu sama dynergy com subject london new york houston financial mathematics june july hello speakers name joanna vidal coordinator financial mathematics training course held following dates london june new york july houston july process preparing speaker packs include updated contact information sheet details receive pack shortly confirm addresses list ask please look make necessary corrections contact details information joanna vidal events coordinator risk waters group ext jvidal riskwaters com www riskwaters com thank look forward working duane seppi carnegie mellon university graduate school industrial administrations pittsburgh helyette geman universite paris dauphine finance department grand ecole corgy pontois paris france vincent kaminski enron credit smith street room houston peter nance teknecon inc capital texas highway suite austin chris harris innogy holdings place windmill hill business park whitehill way swindon wiltshire spyros maragos dynergy inc louisiana street suite houston ehud ronn university texas austin department finance mccombs school business austin,Financial & Accounting
<28457076.1075858472078.JavaMail.evans@thyme>,2082,363,Evening,layla points shall glad attend reception falling behind getting presentation ready sorry delay commit delivering required number copies day presentation day done two occasions power power copies produced company copy center cost associate tanya tamarchenko helping one aspect presentation would like deliver part speach fair give credit credit due include additional speaker vince layla leary loleary riskwaters com please respond loleary riskwaters com loleary riskwaters com subject eprm houston dear speaker pre congress cocktail reception sunday may juniper room would delighted attend pre congress cocktail reception extending invitation sponsors exhibitors eprm risk waters group staff hope provide perfect opportunity meet staff clients formal opening eprm usa rsvp would also like remind need missing presentations thursday may essential get delegates rely make notes get upset included packs still informed requirements please quickly possible also require short biography would like point taking presentations disk event using laptop presentation loaded onto laptop bring must bring laptop disc connecting cables questions please hesitate contact kind regards layla leary event ordinator risk waters group haymarket house haymarket london tel fax,Energy Trading
<2966008.1075858472124.JavaMail.evans@thyme>,1215,187,Evening,shirley please make sure follow vince vince kaminski dorothy dalton enron communications enron communications enron vince kaminski hou ect ect vasant shanbhogue enron enronxgate subject message ken rice dorothy problem please mail tom number one members group phd computer science join call vince dorothy dalton enron communications vince kaminski hou ect ect subject message ken rice vince ken rice received call friend referral tom limperis professor university michigan limperis developed statistical database management system would like show enron ken would like return call behalf feels probably person understand able determine enron interest mind returning call please let know thanks dorothy dalton office chairman enron broadband services smith street houston direct fax embedded stdolelink,HR & Internal
<19610708.1075858472915.JavaMail.evans@thyme>,940,154,Evening,lance could open attachment concur vasant always face challenge summer interns want expose much information typically look self contained project limit intern access additional information vince vasant shanbhogue enron enronxgate lance cunningham enron enron vince kaminski hou ect ect subject potential candidate summer intern lance looks good would plan using concern using summer intern would would want learn enron operations power trading work somewhere else think use generic manner give specialized projects deal directly traders may possibility agree let check vince interview vasant,Energy Trading
<90090.1075856435687.JavaMail.evans@thyme>,3565,485,Afternoon,zimin stinson gibner hou ect ect bob lee enron enron vince kaminski hou ect ect subject high frequency market data analysis stinson going update vince progress eol george project friday bob may get ideas following book take look see worth buy one http www riskpublications com books index html risk executive reports high frequency financial market data sources applications market microstructure owain gwilym professor charles sutcliffe school management university southampton high quality non technical resource increasingly invaluable topic users high frequency data sections cover many aspects high frequency data covering broad set information ranging data suppliers detailed research angles topics covered include managing hfd arbitrage opportunities intra day seasonalities regulation market efficiency market making format price report published august review table contents order order titles interest please click risk executive reports send page colleague high frequency financial market data contents introduction overview overview background motivation demand high frequency data uses high frequency data structure report sources types high frequency data types data data supplied exchanges panel paul macgregor liffe sourcing preparation liffe tick data specialist data providers real time data providers summary managing exploiting high frequency data panel illustrative high frequency data data storage filtering cleaning treatment time panel olsen filtering system constructing continuous series key considerations manipulating high frequency data modelling issues summary chapter arbitrage opportunities equity markets arbitrage empirical studies arbitrage opportunities arbitrage equity markets individual arbitrage trades intra day seasonalities intra day patterns returns intra day patterns volume intra day patterns volatility intra day patterns bid ask spread intra day patterns autocorrelation returns intra day patterns hedge ratios intra day patterns effects news announcements intra day patterns turn year effect high frequency data conclusions links markets leads lags prices different types market based asset stock market crash leads lags price volatility links geographically separated markets rival markets destabilisation markets relative volatility programme trading volatility price movements expiration conclusions regulations governing markets regulation dual capacity circuit breakers restrictions short selling taxes transactions tick size price clustering delayed publication trades conclusions market efficiency weak form efficiency semi strong form efficiency conclusions market makingrevision prices aspects financial markets determinants bid ask spread block trades conclusions conclusion future developments references,Financial & Accounting
<32592306.1075856435817.JavaMail.evans@thyme>,375,68,Morning,quick update status sandeep kohli working currently group available short notice help quantitative modeling required making decisions regarding dpc strategy case need help also rely support members group skills different areas vince kaminski,News & Media
<20841446.1075856928045.JavaMail.evans@thyme>,3061,397,Evening,vkaminski aol com vkamins enron com subject fwd conference may energy derivatives toronto content transfer encoding quoted printable return path vince kaminski enron com received rly aol com rly mail aol com air aol com esmtp fri may received postmaster enron com enron com rly aol com esmtp fri may received mailman enron com mailman enron com postmaster enron com postmaster esmtp vkaminski aol com fri may cdt received ect enron com ect enron com mailman enron com corp esmtp vkaminski aol com fri may cdt received notes ect enron com corp enron com ect enron com smtp vkaminski aol com fri may cdt received notes ect enron com lotus smtp mta fri may lotus fromdomain ect vince kaminski vince kaminski enron com vkaminski aol com message notes ect enron com date fri may subject conference may energy derivatives toronto mime version content type text plain charset iso content disposition inline mailer unknown phelim boyle pboyle uwaterloo vince kaminski enron com amy aldous aaldous watarts uwaterloo pconcessi deloitte com ross raymond cmmrcl ops raymond ross ontariopowergeneration com subject conference may energy derivatives toronto vince thanks agreeing speak conference attracting considerable interest possible send copies slides may meet deadline preparing material related paper available covers material would instead naturally would prefer slides would like mention pre conference dinner sunday may speakers hope much present also hoping would available last session day panel member provisional title managing risk illiquid markets chair pat concessi deloitte touche panel last would like panel members speaker minutes take questions floor meantime questions please let amy know sincerely phelim boyle phelim boyle director centre advanced studies finance university waterloo waterloo ontario canada tel fax,Financial & Accounting
<1430962.1075856928348.JavaMail.evans@thyme>,2081,183,Evening,alexandra howells ahowells iirltd vkamins enron com subject energy europe dear kaminski hope well since last spoke shall give call later today wanted email update energy europe soon possible unfortunately workshops summit day june booked well expected month left conference cancel many apologies inconvenience might cause prof geman wanted tell soon possible cause least amount disruption travel arrangements etc main conference booking fine continue expected certainly hope still able attend albeit spectator role similarly emailed prof geman follow telephone call apologies inconvenience call later today discuss details kind regards alexandra icbi energycongress doc,News & Media
<26753816.1075856929148.JavaMail.evans@thyme>,3451,487,Morning,realplayer news news real net net vince kaminski hou ect ect subject free better quicker way use web unsubscribe email please read information end message dear realplayer user let say five minutes following check online calendar add something list send instant message check stocks catch today top news headlines five minutes crazy nope free personal desktop portal infospace life become much convenient fun personal desktop portal gives easy free immediate access things important instant messaging calendar address book speedy search tools lists parental control well personalized news headlines weather reports sports scores stock quotes lottery numbers best part tools fingertips single easy use toolbar desktop download infospace personal desktop portal today http proforma real com vkamins ect enron com nitty gritty free yes personal desktop portal free pay penny use even access free internet service provider easy easy get going use simply click web address download begins file downloading especially small making super quick download completed downloading installing personal desktop portal click create new user name log set preferences simple centralized everything need one place need many separate software applications several different web pages send instant message chat look stock quotes see scrolling updated information right desktop fingertips personalized want bunch extra information never need personal desktop portal allows specify want see download infospace personal desktop portal today http proforma real com vkamins ect enron com thanks time great spring team realnetworks seattle mail receiving email downloaded realplayer indicated preference receive product news updates special offers realnetworks remove name future email communications simply visit following url click remove button http real com mlr vkamins ect enron com realnetworks respects right privacy online mail address never shared third party without consent privacy statement reviewed truste available http www realnetworks com company privacy index html realnetworks real com realplayer trademarks registered trademarks realnetworks inc names third party companies products listed herein trademarks registered trademarks respective owners,News & Media
<17416227.1075856435103.JavaMail.evans@thyme>,3575,431,Afternoon,erisk email erisks com vkamins enron com subject erisk essentials erisk essentials new erisk com may week essentials brought erisk analytics first executive information system dedicated strategic capital management learn comprehensive new software solution delivers enterprise risk management analytics effectively link risk capital shareholder value http www erisk com pressroom releases asp weekly review http www erisk com news weekly asp week economic banking insurance news enterprise risk management perspective featuring exclusive coverage week rims conference atlanta analysis http www erisk com news asp matters stakeholders shareholders risk managers neglect overseas operations peril mobile banking way banks benefit basle resources http www erisk com news asp find erisk comprehensive coverage basle proposals bank capital adequacy one place www erisk com news asp find recent coverage including features event transcripts news stories interviews analysis along links resources regulatory summaries rating agency industry association responses basle special http www erisk com news asp continuing special coverage proposed new regulatory capital rules look basle approach operational risk rob jameson explores proposals set regulatory capital charge risk canvasses industry opinion might work practice viewpoint http www erisk com news asp special ashish dev keybank talks erisk bank discovered far internal testing impact new basle proposals early say sure many banks may find much reason improve risk management practices find dev perspective basle proposal iconference archive erisk product catalogue http www erisk com store asp erisk comprehensive product catalogue one stop shop giving full details systems services available risk managers algorithmics zai net list major software vendors data providers consultancy firms well details find risk management magazines research reports web glossaries training courses certification programmes erisk editorial team always looking opinions article ideas anything else think users would find interesting welcome comments suggestions erisk essentials published every friday erisk com subscribe please register website http www erisk com util register asp unsubscribe access account username email address received message http www erisk com util account asp reminded password reset http www erisk com util asp,Legal & Regulatory
<17285608.1075856435948.JavaMail.evans@thyme>,1726,195,Evening,jinbaek project related automated trading platforms commodities vince jinbaek kim jinbaek ieor berkeley edu vince kaminski enron com subject summer work kaminski thanks mail sorry available earlier talk advisor probably pretty negative however may able start depending tells meet tomorrow afternoon able let know whether start work earlier could tell briefly projects mind thanks jinbaek kim candidate dept industrial engineering operations research berkeley http www ieor berkeley edu jinbaek bears wed may vince kaminski enron com wrote,Energy Trading
<6148550.1075856929575.JavaMail.evans@thyme>,1630,261,Morning,celeste forwarding letter prof duane seppi carnegie mellon university known duane many years know make recommendations without good reasons would recommend looking john gordon strong candidate think make terrific contribution enron vince andrew cmu edu vince kaminski hou ect ect subject recommendation john gordon dear vince writing bring attention gsia student john gordon currently considered enron associates program understanding mark courtney andrew miles enron championing john late addition program know enron routinely recruit gsia john would ideal candidate willing make exception terrific finance student strong transcript including options class since john engineering energy background asked early additional background reading finance energy john personable outgoing normally job market someone john caliber would already cleared told dual career issues play would appreciative would take look john copy resume attached email best regards duane duane seppi graduate school industrial administration carnegie mellon university pittsburgh tel fax email andrew cmu edu john gordon resume,Financial & Accounting
<1698584.1075856930026.JavaMail.evans@thyme>,1431,214,Morning,shirley bringibg people houston interview vince bryan seyfried vince kaminski hou ect ect subject credit com vince thanks helping really need dedicated assistance zak probably pure research son phil would possibly desk let discuss met vince kaminski rosalinda resendez hou ect ect vince kaminski hou ect ect shirley crenshaw hou ect ect bryan seyfried lon ect ect subject credit com rosie making arrangements bring houston interview vince rosalinda resendez vince kaminski hou ect ect shirley crenshaw hou ect ect subject credit com vince asked forward resumes rosie louise bratby rosalinda resendez hou ect ect subject credit com rosalinda work melanie doyle london two candidates trying arrange bryan seyfried come see vince kaminski however finding difficult ordinate end would possible forward vince assistant sure correct person thanks help need details number regards louise,Energy Trading
<10311132.1075856436126.JavaMail.evans@thyme>,2118,335,Afternoon,zimin paulo issler hou ect ect bcc vince kaminski hou ect subject asian option pavel convention whoever finalizes model write documentation make sense write one changes anticipated working almost year never strikes need documentation created exotica xll also give excuse working exotica documentation zimin paulo issler zimin hou ect ect tai woo enron enronxgate enron pavel zadorozhny enron enronxgate subject asian option pavel surprised documentation ready make put together time created changes made required changes functionality paulo issler zimin tai woo enron enronxgate enron paulo issler hou ect ect pavel zadorozhny enron enronxgate subject asian option pavel tai woo codes crudeapo sig spot volatility meaning price volatility within delivery period consult pavel definition extra parameters would like see position monitor get running might additional suggestions paulo documentation crudeapo worked find exotica help file please supply tai thanks tai woo enron enronxgate paulo issler hou ect ect kara maloney enron enronxgate zimin hou ect ect subject asian option pavel morning zimin told pavel using special model evaluating asian option portfolio asked talk order access code see difference made model cannot find doc describing model please tell new input parameter sig thanks,Energy Trading
<19512235.1075857071832.JavaMail.evans@thyme>,3441,470,Evening,subject announcement executive program credit risk modeling credit risk modeling financial institutions october stanford university business school risk management specialists stanford business school professors finance darrell duffie kenneth singleton repeating successful executive program credit risk pricing risk management financial institutions course created risk managers research staff traders responsibility credit risk credit related products including bond loan portfolios otc derivative portfolios credit derivatives program includes valuation models defaultable bonds otc derivatives credit derivatives empirical applications corporate sovereign markets empirical theoretical assessments models measuring credit risk correlation portfolios strengths limitations current practice credit risk measurement practical issues implementing credit modeling risk systems estimation default transition probabilities correlations among default risks publicly traded companies historical data application form credit risk modeling financial institutions stanford october form may completed returned email may printed sent fax stanford gsb executive education programs fax number may also apply see detailed information visiting web site www gsb stanford edu exed crm applications acknowledged upon receipt received acknowledgement within two weeks please contact please complete sections information kept strictly confidential name put beside one please male female citizenship job title company company main activity business mailing address business phone codes please business fax email address home address home phone nickname identification badge emergency contact name emergency contact phone title person report job responsibilities experience related course please provide brief job summary attach send biographical summary containing information relevant purpose qualifications course college university education please list degree college university dates degree granted please note classes discussions conducted english order reserve place course program fee due upon notification acceptance fee covers tuition single room meals course materials including proprietary manuscript credit risk pricing measurement refund policy available upon request please state source heard course name date would like hard copy brochure application form please contact make sure include mailing address shelby kashiwamura program manager executive education stanford graduate school business phone fax gsb stanford edu,Financial & Accounting
<11207388.1075857078068.JavaMail.evans@thyme>,2034,277,Night,return path sheridan titman bus utexas edu received rly aol com rly mail aol com air mail aol com esmtp thu may received mail bus utexas edu mail bus utexas edu rly aol com esmtp thu may received mail bus utexas edu internet mail service thu may message mail bus utexas edu sheridan titman sheridan titman bus utexas edu vkaminski aol com vkaminski aol com subject broadband pricing credit spreads date thu may mime version mailer internet mail service content type text plain dear vince received contract faxed today think changes look needs approved university lawyers following letter sent traci regarding broadband conversation also sent enron email address bounced back regards sheridan dear traci thank information enron broadband services contacted bob may dean business school two associate deans charge program development george gau department chairman try set meeting next week discuss current distant learning initiatives potential collaborating enron please let know materials show meeting let know develops view enron one important strategic partners considering offering courses internet sure dean want discuss regards sheridan sheridan titman department finance college business administration university texas austin texas phone fax titman mail utexas edu,Legal & Regulatory
<15922097.1075847576814.JavaMail.evans@thyme>,1203,213,Afternoon,jim steffes asked develop talking points meeting holland june attached short list talking points cover high level issues southern point key questions would like answered also attached background paper key southern personnel deal rto including holland paper also discusses major positions southern taken aware meeting addition attached chronology trans development gives quick overview major steps taken place including starting collaborative group trans gridsouth requested meeting knew discussing meeting enron two key executives concerning trans development best guess coming see activities collaborative group working sure told southern wanted know questions information would like discuss please call,HR & Internal
<26711618.1075847577979.JavaMail.evans@thyme>,3497,447,Afternoon,saw mail response oxley david delainey ees sent kay chapman ees david delainey hou ees philippe bibi hou ect tim belden hou ect raymond bowen hou ect michael brown lon ect ect rick buy enron enronxgate wes colwell enron enronxgate david cox enron communications enron communications janet dietrich hou ees ees david duran hou ect ect jim fallon enron communications enron communications ben glisan hou ect ect joe gold lon ect ect mark haedicke hou ect ect james hughes louise kitchen hou ect ect michael kopper hou ect ect john lavorato corp enron dan leff hou ees ees jeffrey mcmahon enron enronxgate rob milnthorp cal ect ect matthew scrimshaw lon ect ect jeffrey shankman hou ect richard shapiro enron enron marty sunde hou ees ees kenneth lay corp enron enron cliff baxter hou ect james derrick corp enron ken rice enron communications enron communications steven kean enron enron greg whalley hou ect ect stanley horton corp enron enron jeff skilling corp enron enron richard causey corp enron enron kevin hannon enron communications enron communications andrew fastow hou ect mark frevert enron lou pai hou ees ees david oxley hou ect drew lynch lon ect ect robert jones enron enronxgate mary joyce enron enronxgate marla barnard enron communications enron communications kalen pieper hou ees ees gary smith ots enron enron cindy skinner hou ect andrea yowman corp enron enron cindy olson corp enron enron gina corteselli corp enron elspeth inglis corp enron subject peer group mapping may memo sent regarding peer group mapping mapping intended illustrate functional view point activity placed year end prc please refer attached original memo responded david oxley comments please respond may dave delainey following note last week please find attached consolidated peer group mapping business units mapping intended illustrate functional view point activity placed year end prc considering moving peer group structure however agreed last prc committee meeting stay current structure since data cleaned everyone felt generally comfortable activities placed exception agreed concentrate resolving rather undertaking organization wide remapping excercise consolidate peer groups functions activities within business units reflected acttached actions points excercise review agree attached mapping consider comment highlighted groups discussed previous prc meetings ask comments objections moving indicated attachment invite comments questions function consider questionable requiring explanation please return comments david oxley friday may discussion save lengthy discussions final prc meetings definitions peer groups also attached ease reference,HR & Internal
<5324279.1075847578778.JavaMail.evans@thyme>,1450,227,Afternoon,fyi jim asked drop note regard proposed lng project developed global markets provided technical support respect onshore storage tariff issues project consists converting oil tanker floating vaporization facility anchoring coast california constructing subsea pipeline bring gas onshore facility would daily unloading rate mmbtu taking approximately days fully unload cargo approximately mmbtu would directly market remainder injected utility storage facilities ultimate withdrawal prior arrival new shipment lng roughly days goal baseload market mmbtu project would start date early proposals considered bring lng california enron proposal unique considering onshore gas storage offshore lng storage retrofitting oil tanker takes approximately months constructing offshore lng storage facility would take years providing enron competitive advantage respect timing protect competitive advantage development stage project requested particular aspect kept confidential lisa yoho working directly kurt lindahl project manager,Energy Trading
<28807398.1075847580154.JavaMail.evans@thyme>,1411,240,Morning,know ken talked larry summers serving enron board directors larry told ken light selection head harvard wants hold going corporate boards understanding larry likely accept ken offer end year meantime let suggest candidate enron advisory committee lee sachs assistant secretary treasury financial markets bob rubin larry lee coordinated energy negotiations larry end clinton administration probably met lee meetings lee brilliant managing director bear sterns joining treasury team huge fan enron constantly telling extremely well positioned enron future done considerable research business model constantly talking buddies wall street lee undoubtedly significant player future democratic administration know would invaluable addition committee decided going next several extremely good offers table large investment firms hedge funds none would conflict type activity thought would plant suggestion knowing exactly things done,Financial & Accounting
<27918276.1075847580454.JavaMail.evans@thyme>,476,60,Morning,eserver enron com steven kean enron com steven kean enron com subject concur expense document may following expense report ready approval employee name michael terraso status last changed automated administrator expense report name may report total amount due employee approve expense report click following link concur expense http xms enron com,News & Media
<23727278.1075847582755.JavaMail.evans@thyme>,480,58,Afternoon,eserver enron com steven kean enron com steven kean enron com subject concur expense document following expense report ready approval employee name james steffes status last changed automated administrator expense report name report total amount due employee approve expense report click following link concur expense http xms enron com,News & Media
<26310133.1075847587043.JavaMail.evans@thyme>,2478,311,Afternoon,meeting file gwynn gorsuch neil davies enron enronxgate johnny palmer enron enronxgate charles taylor enron enronxgate meliza evanson hou ees ees cindy olson corp enron enron ted bland enron enronxgate steven kean enron enron billy lemmons enron enronxgate dennis vegas barbara paige enron enronxgate jordan mintz enron enronxgate kirk mcdaniel hou ees ees traci warner enron enronxgate maureen mcvicker enron enron laura schwartz enron enronxgate calvin eakins enron enronxgate joshua duncan enron enronxgate mireya olsen adriana cortes enron enronxgate christie patrick hou ect ect karen marshall hou ect ect andrea yowman corp enron enron kathy mcmahon enron enron subject revised meeting antoinette malveaux national black mba association may schedule follow earlier mail antoinette malveaux president ceo national black mba association nbmbaa enron tuesday may visit regarding strategic partnerships organizations enron long standing relationship nbmbaa primarily national conference career fair largest prestigious resource recruiting top minority mba talent country hires last year convention order discussion necessary scope convey enron respect nbmbaa organization antoinette malveaux meeting top managers human resources branding strategic marketing business development diversity bio well profile nbmbaa antoinette malveaux short bio doc mission statement bio doc reminder schedule antoinette visit please verify calendar complete discussions potential ways work together lemmons bland warner kean olson fusion evanson kerr booth phillips duncan lunch vegas marshall gorsuch schwartz eakins outside met davies palmer taylor paige floor mintz mcdaniel many thanks gwynn,HR & Internal
<9613487.1075847587164.JavaMail.evans@thyme>,455,75,Afternoon,concerned leaks press may ocurred washington office last months including leaks former employee could put someone touch rick linda robertson head office richard shapiro steven kean enron enron subject security also talk brindell possible inside leak anything else need relative security,News & Media
<4585794.1075847587236.JavaMail.evans@thyme>,1418,225,Afternoon,calendar rob fyi upcoming speech janel guerrero steven kean enron enron subject town hall los angeles steve update karen regarding letter ken event put desk karen denne jkradin marathon com com syamane marathon com com rlichtenstein marathon com com janel guerrero corp enron enron mark palmer corp enron enron richard shapiro enron enron james steffes enron enron subject town hall los angeles got ken lay tentatively scheduled speak town hall los angeles tuesday aug thrilled hear ken interest speaking group jim mcnulty parsons immediately recognized ken wants speak big energy picture given enron global perspective got pretty heavy energy calendar next months may phil angelides june john bryson july steve ledbetter july loretta lynch may want attend luncheons see four say asked warren olney could interview ken adrian medawar said call sandra would check laba see could meeting trip either town hall great job lining one thank see san fran,Energy Trading
<31816193.1075847587892.JavaMail.evans@thyme>,485,61,Morning,eserver enron com steven kean enron com steven kean enron com subject concur expense document april amex following expense report ready approval employee name mark palmer status last changed automated administrator expense report name april amex report total amount due employee approve expense report click following link concur expense http xms enron com,News & Media
<16503742.1075846155387.JavaMail.evans@thyme>,553,83,Afternoon,steve first cut comments great event would comments office much little needed used however like first two paragraphs los angeles friday gil catherine del paggio copies malcolm enron announcement malcolm gillis president rice university post office box houston texas main street houston texas internet mgillis rice edu telephone facsimile,HR & Internal
<360649.1075847724792.JavaMail.evans@thyme>,799,126,Morning,steve documents would useful preparation upcoming presentation madrid eurelectric trip including visit enron building houston rather fruitful attched report eurelectric delegates put together upon return states slides presentation made brussels commission members european parliament also attached memorandum european commission californian crisis bottomline message liberalisation process blamed happened rather set complex conditions also commission tried highlight similar situation highly unlikely reproduced european member states nailia,News & Media
<1807201.1075847725385.JavaMail.evans@thyme>,469,60,Afternoon,eserver enron com steven kean enron com steven kean enron com subject concur expense document following expense report ready approval employee name john brindle status last changed automated administrator expense report name report total amount due employee approve expense report click following link concur expense http xms enron com,News & Media
<8727056.1075847726031.JavaMail.evans@thyme>,404,53,Evening,dear steve kean per request please find attached following background documents related nacecs initiative environmental challenges opportunities evolving continental electricity market background report prepared first advisory board meeting proceedings first advisory board meeting sincerely yolanda clegg elecbkg doc doc,Energy Trading
<22382175.1075847728791.JavaMail.evans@thyme>,1175,138,Evening,joe working governor office list sellers list joseph fichera jfichera saberpartners com skean enron com subject fwd generator organization date mon may skean enron com joseph fichera jfichera saberpartners com subject generator organization good meeting sorry get sooner see please use two mail addresses jfichera saberpartners com joseph fichera gov gov sacramento phone numbers joe corporate contact information joseph fichera senior managing director ceo saber partners llc wall street floor new york tel fax web site http www saberpartners com corporate contact information joseph fichera senior managing director ceo saber partners llc wall street floor new york tel fax web site http www saberpartners com,HR & Internal
<26881858.1075847729902.JavaMail.evans@thyme>,653,110,Evening,eric attached letter invitation list meeting thursday mayor enron chairman ken lay fax invitations soon hear monday morning kevin sharer office whether amenable hosting meeting contact information selim zihlka could call email information make sure receives invitation please call questions thank assistance meeting regards karen denne vice president public relations enron corp work fax cell home,HR & Internal
<17929555.1075847732849.JavaMail.evans@thyme>,503,65,Morning,eserver enron com steven kean enron com steven kean enron com subject concur expense document miscellaneous may following expense report ready approval employee name mark palmer status last changed automated administrator expense report name miscellaneous may report total amount due employee approve expense report click following link concur expense http xms enron com,News & Media
<23755001.1075847733819.JavaMail.evans@thyme>,1933,277,Evening,sue janelle steve kean pitch florida psc looks like opened small crack ious door trying get enron slot agenda advise tomorrow marchris natalie futch natalief katzlaw com marchris robinson enron com subject fpsc workshop hedging portfolio management next monday marchris give information learn friday may fpsc issued notice workshop hedging portfolio management procurement fuel electric generation end use applications held next monday fpsc ind notice link http www psc state dockets documents html find agenda link open wordperfect viewer let know need cut paste mail http electro net com psc framer cfm link rtowkshp wpd purpose meeting presentations issue natalie natalie futch associate katz kutter haigler alderman bryant yon college avenue suite tallahassee phone facsimile www katzlaw com transmission intended delivered named addressee may contain information confidential proprietary attorney work product attorney client privileged information received anyone named addressee recipient immediately notify sender mail telephone obtain instructions disposal transmitted material event shall material read used copied reproduced stored retained anyone named addressee except express consent sender named addressee thank,Legal & Regulatory
<3790832.1075847733999.JavaMail.evans@thyme>,503,63,Morning,eserver enron com steven kean enron com steven kean enron com subject concur expense document april american express following expense report ready approval employee name cindy olson status last changed automated administrator expense report name april american express report total amount due employee approve expense report click following link concur expense http xms enron com,News & Media
<1112076.1075847735179.JavaMail.evans@thyme>,383,67,Evening,updated attached emergency call list month due large volume corrections received today next scheduled update first week june corrections additions please get end current month please make changes spread sheet forward additions etc mail thanks randy,News & Media
<8192577.1075851049987.JavaMail.evans@thyme>,1066,108,Evening,share hope seen already randall rich rrich bracepatt com llawner enron com rebecca cantrell enron com subject fwd answer thought enjoy received mcafee bracepatt com mail bracepatt com thu may received ngccorp com mcafee bracepatt com thu may proxy keymaster bracepatt com protected betsy carr dynegy com subject answer tbradley bracepatt com asettanni bracepatt com sender betsy carr dynegy com date wed may message ngccorp com mimetrack serialize router housrv dynegy release september mime version content type multipart mixed boundary content disposition inline finally see attached file windmilldavis gif windmilldavis gif,News & Media
<30589896.1075851050480.JavaMail.evans@thyme>,553,83,Afternoon,steve first cut comments great event would comments office much little needed used however like first two paragraphs los angeles friday gil catherine del paggio copies malcolm enron announcement malcolm gillis president rice university post office box houston texas main street houston texas internet mgillis rice edu telephone facsimile,HR & Internal
<28822159.1075851002879.JavaMail.evans@thyme>,2108,260,Afternoon,minor changes shown attached gotta get big guy title right lisa connolly ees steven kean enron enron maureen mcvicker enron enron subject fwd draft release please see attached press release skilling quote red top second page press conference scheduled monday may city need comment monday morning thanks lisa cell aol com lisa connolly enron com subject fwd draft release lisa draft release insert skilling quote appears top second page please insert quote return email addresses aol com james young cityofhouston net thanks call cell sure received talk soon jim young mayor office return path james young cityofhouston net received rly aol com rly mail aol com air mail aol com esmtp fri may received cityofhouston net rly aol com esmtp fri may received internet mail service fri may message young james myr james young cityofhouston net aol com aol com subject draft release date fri may mime version mailer internet mail service content type multipart mixed boundary send lisa connolly enron com insertion skilling quote cell number fire chief named doc jim young communications division office mayor lee brown city houston texas phone fax please update contact info james young cityofhouston net fire chief named doc,News & Media
<1907974.1075851004793.JavaMail.evans@thyme>,1283,200,Evening,stan felt would appropriate policy committee review attached changes analyst associate prc process prior execution summary following modifications developed heads aaprc committees horton kean sherriff program management lemmons cross calibration business unit level since best interaction information gathering occurs steps ensure consistency across business units outlined memo final prc meeting focus business unit ranking distributions names attributes top performers across company prc committees expanded improve quality representation reflect diversity workforce additions selected pool high performing vps directors ensure fairness vps directors provide representation aaprc committee attachment included clarify program tenure promotion criteria please let know questions would like discuss mid day wednesday may planning release information memo distribution list evening regards billy,HR & Internal
<14348659.1075851004839.JavaMail.evans@thyme>,1178,178,Evening,linda heard guys know enron capital trade resources corp sherri sera steven kean enron enron mark palmer corp enron enron subject help steve mark good friend mine works grimes stewart stevenson offered opportunity china assoc social economic development commitment since lay past recipient according attached letter wondering legit provide insight thanks help srs doyleene harris harris ssss com sherri sera enron com sherri sera enron com subject help sherri would appreciative help one president ceo mike grimes received letter copy attached please open china association social economic development letter mentions kenneth lay past recipient well called complete email love doyleene,Financial & Accounting
<21927304.1075851023827.JavaMail.evans@thyme>,520,78,Afternoon,mark wanted made aware document southern company giving press key principles moler document circulating hill response tabors piece secretary richardson reliability message upset midamerican compromise consensus transmission language preparing point point rebuttal piece forward upon completion key principles electric restructuring legislation doc molersenate tps doc,Energy Trading
<20968496.1075848007741.JavaMail.evans@thyme>,474,62,Morning,one minor edit karen denne kenneth lay corp enron enron jeff skilling corp enron enron cliff baxter enron enronxgate steven kean enron enron mark palmer corp enron enron subject baxter press release attached draft press release announcing cliff resignation scheduled issued tomorrow following distribution internal memo please let know comments changes thank karen,News & Media
<7400090.1075848008032.JavaMail.evans@thyme>,490,62,Evening,eserver enron com steven kean enron com steven kean enron com subject concur expense document general expenses following expense report ready approval employee name john hardy status last changed automated administrator expense report name general expenses report total amount due employee approve expense report click following link concur expense http xms enron com,News & Media
<7999704.1075848009091.JavaMail.evans@thyme>,1283,169,Morning,folks let know captures results conversation friday best jeff basics proposal something akin mou adequately addresses solvency issue ious state qfs without transmission component direct access customers transitioning core noncore market structure months accomplished without stranding cdwr contracts concessions ious mou modifications generators past due amounts investigations package finance deal bond issuance backed rate increases permit securitization message last best chance achieve comprehensive settlement developed comprehensive solution meeting everyone see thus far received positive feedback willingness work proposal intend work tirelelessly gain support total solution vital time running media strategy karen denne corporate leader strategy karen denne meetings legislators sacramento sandi mccubbin wptf iep arm sue mara large customers jeff dasovich,Financial & Accounting
<26813540.1075848013655.JavaMail.evans@thyme>,1858,310,Evening,thanks update john hardy rebecca mcdonald enron enronxgate ben glisan ect steven kean enron enron rob walls enron enronxgate subject usg overtures dabhol rebecca meeting yesterday opic trakya another problem projects dabhol raised representative white house transition team joined conversation asked terms prepared negotiate told minimum upon commitment indian authorities serious negotiations would include full compliance terms contracts progress reform mseb made clear see godbole committee basis discussion think usg wants record politically encouraging indian govt engage discussions parties consider meaningful hopes working things late even opic exim supporting move towards pnt administration may concerned without diplomatic overture part could concluded usg politically taken position project trakya example usg quite proactive pressing turkish govt payments issue even discussing payment concerns imf payments issues bots two four turkey sponsored taken account imf program moves forward anticipate usg shortly meeting indian ambassador charge delhiwill likely directed make rounds meet senior government officals project wanted aware also guidance provide would helpful thanks john,Legal & Regulatory
<20377204.1075848013706.JavaMail.evans@thyme>,750,130,Evening,several employees asked exercise policy stock options specifically want know exercise policy termination result prc process voluntary departure iii retirement resignation extent rules vary across plans aesop ltip deferred bonus etc main focus length time exercise concerned may odd incentives structure severed employees allowed time exercise employees leave voluntarily want full three years exercise options better becoming performance issue getting severed would simply left company,HR & Internal
<5851086.1075848014056.JavaMail.evans@thyme>,498,57,Night,good meeting sorry get sooner see please use two mail addresses jfichera saberpartners com joseph fichera gov gov sacramento phone numbers joe corporate contact information joseph fichera senior managing director ceo saber partners llc wall street floor new york tel fax web site http www saberpartners com,HR & Internal
<12262302.1075848018657.JavaMail.evans@thyme>,1667,176,Afternoon,national journal technology daily daily feature available nationaljournal com click http nationaljournal com pubs techdaily tech daily afternoon feature executive summary editor sharon mcloone pens concise digest week top high tech policy news click directly feature http nationaljournal com pubs techdaily features execsumm htm today nationaljournal com scene jeffords defection risk snap judgments http nationaljournal com members buzz scene htm spotlight gov candidate jim mcgreevey runs early http nationaljournal com members adspotlight htm got job fill capital career source help capital career source puts job listing front thousands top notch job seekers many regular readers nationaljournal com find right people right call details directly http www capitalcareersource com stop receiving mail alerts reply message include word unsubscribe without quotes body message national journal technology daily published daily national journal group inc information national journal group publications http www nationaljournal com,Financial & Accounting
<33045399.1075848018881.JavaMail.evans@thyme>,1739,198,Morning,national journal technology daily edition available http nationaljournal com pubs techdaily morning highlights privacy privacy legislation may stand better chance democratic controlled senate antitrust activists asked justice department stop launch airlines orbitz web site hill senate confirmed president bush ftc fcc chairmen new fcc members business president bush california gov gray davis meet tuesday discuss energy crisis also nationaljournal com daybook key events hill http nationaljournal com members calendar spotlight dems hit bush energy plan http nationaljournal com members adspotlight htm got job fill capital career source help capital career source puts job listing front thousands top notch job seekers many regular readers nationaljournal com find right people right call details directly http www capitalcareersource com stop receiving mail alerts reply message include word unsubscribe without quotes body message national journal technology daily published daily national journal group inc information national journal group publications http www nationaljournal com,Financial & Accounting
<16403517.1075848019296.JavaMail.evans@thyme>,1922,315,Morning,beth stier innocominc aol com maureen mcvicker enron com subject fwd answer question maureen tried send mail steve kean steve kean mails returned undeliverable please forward steve thanks beth stier message innocominc aol com tue may edt steve kean enron com subject answer question steve thanks meeting last week ideas saving money enron videos asked whether new pro sumer field production equipment download directly mail answer yes camera feature enable play back still pictures mail file storage however technology enable download moving video straight camera computer far know still need encode video computer applications know something interested keep eye technology let know developed talked mary ideas presented yet talked mark palmer planning send mail afternoon forgot mention one thing creative piggybacking money saving idea using contractor coordinate piggyback video shoots exactly microsoft interviewed steve ballmer january went microsoft facilities used microsoft crew invoiced whopping fewer minutes shooting time steve hope thoughts progress enron video needs consider part team would like help develop part solutions beth stier,HR & Internal
<27150897.1075848019722.JavaMail.evans@thyme>,339,64,Afternoon,steve please accept condolences loss father governor put family first time hearts thoughts son look forward meeting another time paul great job thank enron good strategy good people manage stephen reynolds,Financial & Accounting
<25868924.1075848019805.JavaMail.evans@thyme>,1533,252,Evening,greetings senator informed lay currently country message forwarded meantime attaching document ken lay distributed business leaders meetings silicon valley los angeles weeks ago document referenced dow jones wire story include company view core noncore market structure right answer california though document shared speaker hertzberg lay discussed core noncore proposal extensively trip sacramento several weeks ago recall visited sacramento met variety legislators sides aisle discuss solutions california electricity crisis unlike speaker core noncore proposal read today san francisco chronicle enron proposal shift edison past due amounts small consumers california businesses company believes customers responsible costs incurred behalf sacramento monday june would like discuss proposal would find useful schedule permits also available discuss proposal phone would like talk monday anything else questions hesitate contact best jeff dasovich,Energy Trading
<23010061.1075848062270.JavaMail.evans@thyme>,689,113,Evening,attached latest version note average price power assumed purchased dwr smoothed fixed price equivalent years beginning mwh mwh dwr forward price curves used used range mwh sensitivity page mid point henwood dwr curves enron curves significantly lower back end switch allocation past utility purchases one pro rata one non core shares prorata plus half core portion dwr past purchases handled pro rata scenarios regards michael xls,Energy Trading
<10861720.1075848062200.JavaMail.evans@thyme>,1593,252,Evening,hertzberg called briefly discussed scenarios asked build attached file supporting spreadsheets included folks would like let know please keep file confidential hertzberg wanted see happened rates large noncore customers small core customers share past utility debt shifted noncore customers analsis shows noncore rates approach loretta recent rate increases approximately core share utility past debt shifted businesess noncore fact edison rate scenario lynch rate modestly increasing cost shift level would start push rates significantly lynch rates note however recent submission puc dwr asserts revenue requirement substantially higher revenues support lynch rate increase suggesting lynch increase rates soon addition loretta rates also reflect past utility costs require yet additional increases expect another conversation speaker later evening tomorrow discuss scenarios detail would still like put ious past debts noncore exchange getting competitive market loretta report back spoken ideas suggestions etc regarding attached spreadsheet welcome appreciated best jeff,Financial & Accounting
<19311509.1075848182290.JavaMail.evans@thyme>,284,51,Morning,jim asked send attached filing submitted three northeast rto dockets pjm new york new england urging ferc consolidate three rtos one based pjm market design structure please let know questions thanks sarah,Legal & Regulatory
<6212666.1075848184831.JavaMail.evans@thyme>,658,102,Afternoon,attaching presentation may egm employee meeting due time constraints meeting covered four egm markets coal lng weather crude products let know questions lisa cathy phillips ect lisa yoho enron enron subject may meeting lisa presentation cathy lisa yoho enron cathy phillips hou ect ect subject may meeting cathy electronic copy presentations made may would mind forwarding thanks lisa,HR & Internal
<32969626.1075848186500.JavaMail.evans@thyme>,1175,138,Evening,joe working governor office list sellers list joseph fichera jfichera saberpartners com skean enron com subject fwd generator organization date mon may skean enron com joseph fichera jfichera saberpartners com subject generator organization good meeting sorry get sooner see please use two mail addresses jfichera saberpartners com joseph fichera gov gov sacramento phone numbers joe corporate contact information joseph fichera senior managing director ceo saber partners llc wall street floor new york tel fax web site http www saberpartners com corporate contact information joseph fichera senior managing director ceo saber partners llc wall street floor new york tel fax web site http www saberpartners com,HR & Internal
<6634756.1075848188136.JavaMail.evans@thyme>,1593,252,Evening,hertzberg called briefly discussed scenarios asked build attached file supporting spreadsheets included folks would like let know please keep file confidential hertzberg wanted see happened rates large noncore customers small core customers share past utility debt shifted noncore customers analsis shows noncore rates approach loretta recent rate increases approximately core share utility past debt shifted businesess noncore fact edison rate scenario lynch rate modestly increasing cost shift level would start push rates significantly lynch rates note however recent submission puc dwr asserts revenue requirement substantially higher revenues support lynch rate increase suggesting lynch increase rates soon addition loretta rates also reflect past utility costs require yet additional increases expect another conversation speaker later evening tomorrow discuss scenarios detail would still like put ious past debts noncore exchange getting competitive market loretta report back spoken ideas suggestions etc regarding attached spreadsheet welcome appreciated best jeff,Financial & Accounting
<9198746.1075848188392.JavaMail.evans@thyme>,2857,436,Evening,afternoon commission issued order requesting comments sdg dept water power petition proceedings short term capacity release price cap order requests comments whether reimpose maximum rate ceiling short term capacity release transactions california effects action california gas market order attachment attached bottom email print read footnotes original came wordperfect note footnote order explains current comprehensive commission approach gas market california reaching gray market may docket commission issued order proposing impose certain reporting requirements natural gas sellers transporters serving california market proposed reporting requirements intended provide commission necessary information determine action take within jurisdiction order today coupled may order continues focus issues related natural gas prices california actions may take address capacity release transactions bundled sales gray market note order discussion includes explanation ferc staff analysis capacity release data nov april shows percent volume capacity releases maximum tariff rate light information order requests comment whether price cap california would reimposed short term releases prior sept comments due days questions asked order would reimposition maximum rate ceiling short term capacity release transactions california significant effect price gas california border reimposition maximum rate ceiling short term capacity release transactions limited california extended pipelines delivering western systems coordinating council wscc region effect capacity release transactions wholesale electric prices would effect reimposing maximum rate ceiling short term capacity release transactions california given firm shippers ability make bundled sales california border reimposing maximum rate ceiling short term capacity release transactions california impact shippers ability obtain short term firm capacity excel attachment order details staff findings transportation release transactions max rate nov april,Legal & Regulatory
<3085155.1075848188438.JavaMail.evans@thyme>,701,104,Evening,steve extremely interested looking enron regulatory government affairs would appreciate chance talk time week remembered name first stint ebs latin america worked regulatory issues part origination function would interested hear thoughts career opportunities within group well anything personal standpoint time please let know palmer letzerich enron broadband ventures tel cell,Legal & Regulatory
<7052207.1075848189264.JavaMail.evans@thyme>,499,59,Afternoon,eserver enron com steven kean enron com steven kean enron com subject concur expense document following expense report ready approval employee name cindy olson status last changed automated administrator expense report name report total amount due employee approve expense report click following link concur expense http xms enron com,News & Media
<21167161.1075848190642.JavaMail.evans@thyme>,1144,174,Evening,chief judge hearing cpuc complaint case paso asks extension procedural schedule due complexity case expects hearing end june proposes days file briefs days reply briefs initial decision due days august originally commission ordered initial decision issued may later extended july also asks guidance whether commission intended compile complete record violations marketing affiliate rules make findings whether violation existed contributed alleged exercise market power paso natural gas company paso merchant energy maybe paso clear violating marketing affiliate rules randall rich rrich bracepatt com jsteffe enron com jthome enron com llawner enron com lyoho enron com rebecca cantrell enron com skean enron com subject judge wagner report word report doc,Energy Trading
<28422396.1075848083030.JavaMail.evans@thyme>,431,62,Afternoon,steve attached news release quite proud thought would find interesting please keep mind assist group enron executive education goals best regards fred haskett director client relations rice university executive education fax email fhaskett rice edu business web page www rice edu executive jones building release doc,News & Media
<32302090.1075848083418.JavaMail.evans@thyme>,862,129,Evening,attached naruc letter opposing midamerican transmission compromise addition mail forwarded southern company lobbying piece also oppose midamerican transmission compromise chairman murkowski told ken lay would support compromise language naruc supported language well answer lining sponsors amendment package senators bingaman fitzgerald agreeing lead sponsors plus others willing cosponsor including gorton nickles staff confusion locking exact amendment language immediate challenges expect mark conclude senate energy committee tomorrow thus giving time pass amendment package upon congress return memorial day break naruc letter doc,Energy Trading
<22419491.1075848245061.JavaMail.evans@thyme>,383,67,Evening,updated attached emergency call list month due large volume corrections received today next scheduled update first week june corrections additions please get end current month please make changes spread sheet forward additions etc mail thanks randy,News & Media
<29598526.1075848246412.JavaMail.evans@thyme>,469,60,Afternoon,eserver enron com steven kean enron com steven kean enron com subject concur expense document following expense report ready approval employee name john brindle status last changed automated administrator expense report name report total amount due employee approve expense report click following link concur expense http xms enron com,News & Media
<5479786.1075848246483.JavaMail.evans@thyme>,3497,447,Afternoon,saw mail response oxley david delainey ees sent kay chapman ees david delainey hou ees philippe bibi hou ect tim belden hou ect raymond bowen hou ect michael brown lon ect ect rick buy enron enronxgate wes colwell enron enronxgate david cox enron communications enron communications janet dietrich hou ees ees david duran hou ect ect jim fallon enron communications enron communications ben glisan hou ect ect joe gold lon ect ect mark haedicke hou ect ect james hughes louise kitchen hou ect ect michael kopper hou ect ect john lavorato corp enron dan leff hou ees ees jeffrey mcmahon enron enronxgate rob milnthorp cal ect ect matthew scrimshaw lon ect ect jeffrey shankman hou ect richard shapiro enron enron marty sunde hou ees ees kenneth lay corp enron enron cliff baxter hou ect james derrick corp enron ken rice enron communications enron communications steven kean enron enron greg whalley hou ect ect stanley horton corp enron enron jeff skilling corp enron enron richard causey corp enron enron kevin hannon enron communications enron communications andrew fastow hou ect mark frevert enron lou pai hou ees ees david oxley hou ect drew lynch lon ect ect robert jones enron enronxgate mary joyce enron enronxgate marla barnard enron communications enron communications kalen pieper hou ees ees gary smith ots enron enron cindy skinner hou ect andrea yowman corp enron enron cindy olson corp enron enron gina corteselli corp enron elspeth inglis corp enron subject peer group mapping may memo sent regarding peer group mapping mapping intended illustrate functional view point activity placed year end prc please refer attached original memo responded david oxley comments please respond may dave delainey following note last week please find attached consolidated peer group mapping business units mapping intended illustrate functional view point activity placed year end prc considering moving peer group structure however agreed last prc committee meeting stay current structure since data cleaned everyone felt generally comfortable activities placed exception agreed concentrate resolving rather undertaking organization wide remapping excercise consolidate peer groups functions activities within business units reflected acttached actions points excercise review agree attached mapping consider comment highlighted groups discussed previous prc meetings ask comments objections moving indicated attachment invite comments questions function consider questionable requiring explanation please return comments david oxley friday may discussion save lengthy discussions final prc meetings definitions peer groups also attached ease reference,HR & Internal
<21325973.1075848247208.JavaMail.evans@thyme>,830,128,Morning,feel free call cindy derecskey steven kean enron enron maureen mcvicker enron enron subject contact steve kean ron crane rcrane sto state public relations enron com subject contact steve kean dear sirs trying find address phone number contact steve kean exec enron corp possible speaker energy panel put together western state treasurer assn meeting july sun valley idaho could please provide address send letter invitation phone number contact thank consideration ron crane idaho state treasurer statehouse room jefferson boise,HR & Internal
<30362781.1075848247860.JavaMail.evans@thyme>,1858,310,Evening,thanks update john hardy rebecca mcdonald enron enronxgate ben glisan ect steven kean enron enron rob walls enron enronxgate subject usg overtures dabhol rebecca meeting yesterday opic trakya another problem projects dabhol raised representative white house transition team joined conversation asked terms prepared negotiate told minimum upon commitment indian authorities serious negotiations would include full compliance terms contracts progress reform mseb made clear see godbole committee basis discussion think usg wants record politically encouraging indian govt engage discussions parties consider meaningful hopes working things late even opic exim supporting move towards pnt administration may concerned without diplomatic overture part could concluded usg politically taken position project trakya example usg quite proactive pressing turkish govt payments issue even discussing payment concerns imf payments issues bots two four turkey sponsored taken account imf program moves forward anticipate usg shortly meeting indian ambassador charge delhiwill likely directed make rounds meet senior government officals project wanted aware also guidance provide would helpful thanks john,Legal & Regulatory
<29166599.1075848248534.JavaMail.evans@thyme>,503,63,Morning,eserver enron com steven kean enron com steven kean enron com subject concur expense document april american express following expense report ready approval employee name cindy olson status last changed automated administrator expense report name april american express report total amount due employee approve expense report click following link concur expense http xms enron com,News & Media
<10910127.1075848248953.JavaMail.evans@thyme>,1966,249,Afternoon,calendar fyi jeffrey keeler steven kean enron enron rob bradley corp enron enron richard shapiro enron enron linda robertson enron enron susan worthen marc phillips ots enron enron henry van gavin dillingham gus eghneim corp enron enron mark palmer corp enron enron ann schmidt corp enron enron kelly kimberly enron communications enron communications catherine mckalip thompson enron communications enron communications lauren iannarone ect ect subject emissions strategy meeting sent lisa jacobson environmental strategies please let know availability environmental strategies group convene emissions strategy meeting mid may discuss global emissions issues climate change multipollutant legislation explore potential business opportunities enron commercial groups primary objectives session provide latest information emissions regulation markets enron advocacy efforts worldwide receive feedback commercial interests input policy options may develop best business policy strategies enron short long term invite member group participate important strategic discussion target dates may houston likely time please respond immediately best available dates finalize arrangements please review attached invitation preliminary agenda questions suggestions advance meeting hesitate contact jeff keeler look forward participation lisa jacobson manager environmental strategies enron,HR & Internal
<29857170.1075848281233.JavaMail.evans@thyme>,1753,235,Evening,talking points delivered chairman wood tomorrow per discussion removed references enron recommendations thanks jean ryall thane twiggs richard shapiro enron enron steven kean enron enron janet dietrich hou ees ees linda robertson enron enron doug gilbert smith corp enron enron christopher ahn enron enronxgate jean ryall enron enron gloria ogenyi leslie lawner enron enron patrick keene enron enron ron mcnamara enron enron james steffes enron enron christi nicolay hou ect ect subject talking points chairman pat wood please find attached talking points puct chairman pat wood regarding starting date texas choice pilot program implementation ercot iso protocols advised talking points would violate existing parte prohibition may know motion reconsideration docket approve protocols puct talking points discuss protocols merits deal systems implement protocols texas choice pilot program marianne carroll convert talking points carroll gross letterhead delivered chairman wood tomorrow washington traveling austin tomorrow ercot board meeting however please free contact questions concerns thane thomas twiggs enron corp smith street houston texas voice mobile fax digital pager skytel com,HR & Internal
<30926093.1075855648807.JavaMail.evans@thyme>,1459,181,Morning,information contained herein based sources believe reliable represent accurate complete nothing contained herein considered offer sell solicitation offer buy financial instruments discussed herein opinions expressed herein solely author may differ material respects expressed published behalf carr futures officers directors employees affiliates carr futures charts available web clicking hot link contained email reason unable receive charts via web please contact via email email charts attachments crude http www carrfut com research pdf natural gas http www carrfut com research pdf distillate http www carrfut com research pdf unleaded http www carrfut com research pdf nat gas strip matrix http www carrfut com research pdf nat gas spread matrix http www carrfut com research pdf crude products spread matrix http www carrfut com research pdf carr futures wacker suite chicago usa tel fax soblander carrfut com http www carrfut com,Energy Trading
<3626592.1075855658120.JavaMail.evans@thyme>,1353,212,Morning,given growth ees become apparent time consolidate risk functions ees ews provide ees systems resources risk expertise wholesale energy groups necessary continue grow take advantage current market opportunities mind agreement management ees two new risk groups inside enron americas formed provide ees pricing structuring retail wholesale commodity risk management logistics back office services groups main function provide services ees asked rogers herndon currently vice president trading eastern power group manage function eastern interconnect includes gas power rogers continue report kevin presto asked black formerly vice president ees risk management sourcing manage function western manage group houston report tim belden groups work closely ees pursue shared goals ensuring close coordination wholesale gas power trading organizations changes effective immediately please congratulate rogers new roles john lavorato louise kitchen,Legal & Regulatory
<22381450.1075855658279.JavaMail.evans@thyme>,522,76,Morning,rac var meeting scheduled afternoon friday may meeting details follow date friday may time room subj rac var attendees scott neal sandra brawner chris germany scott hendrickson peter keavey brad mckay susan pereira vladi pimenov andrea ring judy townsend victoria versen frank hayden bharat khanna require additional information please contact frank hayden extension thank romero,HR & Internal
<23969876.1075855658571.JavaMail.evans@thyme>,1105,178,Evening,get ready help body shop celebrate anniversary kick national health fitness week beginning monday may ending friday may enron employees invited work body shop complimentary guest visit http hrweb enron com wellness print fill body shop anniversary guest form return body shop prior first workout week long celebration includes speech autograph session clyde drexler monday may noon spaces limited must rsvp body shop enron com friday may early morning workout houston rocket power girls thursday may starting followed breakfast autograph session body shop fuel station boot camp style class led german american foreign legion much much visit body shop website detailed calendar events additional information please mail body shop body shop enron com,Energy Trading
<13951494.1075855659264.JavaMail.evans@thyme>,1168,171,Night,esource presents lexis nexis training advanced session cover advanced searching tips also cover using smart indexing narrow search results find customize desktop easier searching attend lexis nexis advanced clinic may public records lexis nexis premier provider public record information learn materials available including secretary state filings dba ucc filings bankruptcies property records due diligence companies especially smaller ones session want attend attend lexis nexis public records clinic may noon seats fill fast reserve seat please call stephanie taylor cost per person shows charged please bring lexis nexis login password one guest provided check esource training page http esource enron com training doc additional training sessions vendor presentations http esource enron com,HR & Internal
<541244.1075845175658.JavaMail.evans@thyme>,1459,181,Evening,information contained herein based sources believe reliable represent accurate complete nothing contained herein considered offer sell solicitation offer buy financial instruments discussed herein opinions expressed herein solely author may differ material respects expressed published behalf carr futures officers directors employees affiliates carr futures charts available web clicking hot link contained email reason unable receive charts via web please contact via email email charts attachments crude http www carrfut com research pdf natural gas http www carrfut com research pdf distillate http www carrfut com research pdf unleaded http www carrfut com research pdf nat gas strip matrix http www carrfut com research pdf nat gas spread matrix http www carrfut com research pdf crude products spread matrix http www carrfut com research pdf carr futures wacker suite chicago usa tel fax soblander carrfut com http www carrfut com,Energy Trading
<20762246.1075845185160.JavaMail.evans@thyme>,924,150,Morning,applied finance may june cost objective program teach deal rather give better understanding basic financial principals contribute structure deal also provide insight enron deals order make contribution work goes putting one together leave program understanding basic financial accounting issues relevant enron transactions basic understanding enron structures deals deal space financial principals discussed relate enron deals ability take financial principals apply enron deal please login enroll investinme website http www corptraining com index cfm company enron questions please call,Financial & Accounting
<6589938.1075845174918.JavaMail.evans@thyme>,1179,171,Evening,information contained herein based sources believe reliable represent accurate complete nothing contained herein considered offer sell solicitation offer buy financial instruments discussed herein opinions expressed herein solely author may differ material respects expressed published behalf carr futures officers directors employees affiliates carr futures charts available web clicking hot link contained email reason unable receive charts via web please contact via email email charts attachments nat gas summer strip http www carrfut com research pdf nat gas winter strip http www carrfut com research pdf nat gas calendar strip http www carrfut com research pdf carr futures wacker suite chicago usa tel fax soblander carrfut com http www carrfut com,Energy Trading
<8767732.1075855661670.JavaMail.evans@thyme>,1711,219,Morning,dear priority investor american century believe helping shareholders achieve dreams tools develop solid long term investment plan meets individual goals great way start recently bob puff president american century investment management sent copy taming bear market brochure hope found brochure helpful evaluating refining investment plan would like additional information learn asset allocation dollar cost averaging diversification may visit online http www americancentury com info tools pleasure american century priority investor please feel free contact https www americancentury com contact sincerely mark killen senior vice president american century investment services inc information provide american century kept confidential read privacy security american century privacy principles http www americancentury com sitehelp topic jsp topic valued investor received message error prefer receive email announcements new services please https www americancentury com accounts unsubscribe jsp unsubscribe difficulty links copy paste address directly browser address field american century investment services inc american century services corporation delivered ime http www tumbleweed com,Financial & Accounting
<5486083.1075855662107.JavaMail.evans@thyme>,1153,191,Evening,ever wonder sports drink like gatorade work much exercise much want bulk muscles creatine safe weight gaining powders work diet pills join joel bloom enron espeak tuesday march answer questions many http ethink enron com bloom associate professor department health human performance university houston joel specializes biomechanics sports medicine aquatic therapy strong advocate bringing back physical activity public schools texas commission bicycle safety also published several books numerous articles sports performance exercise biomechanics injury prevention training programs bloom talk sports drinks water truths myths stretching truths myths myths abdominal exercises supplements risks benefits food label reading fact fiction breakfast breakfast join tuesday march espeak,HR & Internal
<15821627.1075855663815.JavaMail.evans@thyme>,1597,187,Morning,information contained herein based sources believe reliable represent accurate complete nothing contained herein considered offer sell solicitation offer buy financial instruments discussed herein opinions expressed herein solely author may differ material respects expressed published behalf carr futures officers directors employees affiliates carr futures charts available web clicking hot link contained email reason unable receive charts via web please contact via email email charts attachments crude http www carrfut com research pdf natural gas http www carrfut com research pdf distillate http www carrfut com research pdf unleaded http www carrfut com research pdf july crude http www carrfut com research pdf brent continuation http www carrfut com research pdf nat gas strip matrix http www carrfut com research pdf nat gas spread matrix http www carrfut com research pdf crude products spread matrix http www carrfut com research pdf carr futures wacker suite chicago usa tel fax soblander carrfut com http www carrfut com,Energy Trading
<14734965.1075840813435.JavaMail.evans@thyme>,466,77,Night,leadership subcommittee would like discuss meritocracy enron monday meeting prior meeting would please spend minutes thinking believe strengths positives system well weaknesses negatives plan review collective thoughts meeting attempt develop additional thoughts around qualities look leadership enron thank time,HR & Internal
<27198639.1075840875177.JavaMail.evans@thyme>,689,106,Night,executive committee weekly meeting date monday june time cdt location floor boardroom video connections established remote locations upon request conf call lines reserved please contact sherri sera suzanne danz weekly dial number passcode please indicate whether plan attend meeting medium yes attend person video conference conference call attend please return mail response friday june thank suzanne,HR & Internal
<18693644.1075840875688.JavaMail.evans@thyme>,1841,240,Night,charge back time experienceenron part overall corporate budget expensed across enron operating units year let know need additional information thank carrie louise kitchen ect carrie robert enron enron subject experienceenron report ews please provide cost enron americas visits thank louise carrie robert enron mark frevert enron enronxgate greg whalley hou ect ect john lavorato enron enronxgate louise kitchen hou ect ect john sherriff lon ect ect michael brown lon ect ect philippe bibi enron enronxgate greg piper enron enronxgate mike mcconnell hou ect ect jeffrey shankman enron enronxgate jeffrey mcmahon enron enronxgate raymond bowen enron enronxgate dennis vegas steven kean enron enron subject experienceenron report ews attached summary report first quarter ews tactical revenue driven strategic educational visits enron supported experienceenron experienceenron goal support ews deal development teams creating powerful enron experiences result greater favorability familiarity enron differentiating competition role reduce time labor costs associated planning execution customer visits coordinate subject matter experts sme tell enron story eol trading etc customize agendas aligned enron customer objectives shorten sales cycles support team reaching goals please call questions changes thank carrie manager enron corp marketing services embedded stdolelink,Financial & Accounting
<13830224.1075840901023.JavaMail.evans@thyme>,2680,437,Night,republican plan source reports following regarding republican plan proposal encourage direct access consumers problem however direct access deals would dedicated rate component many might undermine cash flow credit worthiness bonds republicans suggest generators take haircut think doable republicans strongly oppose purchasing transmission assets restore invetor owned utility model generation would establish dedicated rate component construction native generation utilities would grant ratepayers equity interest plants resolve qfs financial issues assemblyman cox commented afterward republcans trying work bilateral basis democrats issues feel frozen moreover senses democrats moving back toward option purchase socal transmission assets republicans oppose democratic plan source reports following regarding democratic plan democrats formulating plan incorporates governor mou nation plan ideas plan reportedly yet introduced legislature yet still finalized democrats certain work specifically option purchase socal transmission assets reportedly still debated democrats reportedly believe may unnecessary details plan reportedly follows set aside bilion undercollect separate account funded dedicated rate component generators either get check instantly bonds claim try get claim adjudicated dispute plan could used template going bankruptcy judge strike deal sources indicate democrats developing post petition plan cast socal files bankruptcy including following state would buy utilities bankruptcy would sell pieces utilities various private sector buyers lifetime stipulation run democrats reportedly believe state could little billion assumed utilities debt got cram bankrutpcy judge quell protests plan would likely erupt democrats reportedly believe judge montali would support idea,Financial & Accounting
<31756906.1075840901152.JavaMail.evans@thyme>,1623,265,Night,please treat confidential source meeting today california state treasurer phil angelides main points conversation anglelides certain socal bankrupt corroborating line past four months anglelides stated confidence socal would bankrupt surprised already noted reason yet stupid ring fence parent two biggest equity holders screaming added davis socal mou dead plan speculative best also thought socal naive thought would get better deal legislature bankruptcy court bond issuance enough angelides conceded bond issue would enough buy power summer true costs would probably reason issue angelides felt market could handle current game plan bonds assumes average peak price power mwh angelides said explains difference estimates higher estimates state comptroller kathleen connell office new generator construction anglelides explicit california public power authority authorized legislature last week build plants stop california capacity cushion expected demand angelides expects state short power summer,Legal & Regulatory
<16164526.1075840904859.JavaMail.evans@thyme>,388,61,Night,oscar wyatt tom bachtell agreed recommendation hold anything pending results mcn mcnic arbitration scheduled july august also unaware convertible preferred non voting effectively ruled anything june shareholder meeting along lines considering since record date passed,HR & Internal
<20481615.1075845532312.JavaMail.evans@thyme>,695,116,Evening,attached preliminary correlation work joe hrgovcic understanding dependence pjm consumption demand basket temperatures see spread sheet joe able get correlation questions analytical work joe phone number mine joe spoken vince idea weather desk interested pushing idea forward support joseph hrgovcic mark tawney hou ect ect subject pjm analytics mark spreadsheet discussed need blanks filled let know joe,Energy Trading
<3644408.1075857670659.JavaMail.evans@thyme>,2624,427,Evening,john current functional reporting structure billing settlement ees poses near term long term tactical risks feel jeopardizes ability meet goals objectives currently deal capture risk analysis reporting report sally beck however settlements billing report evan hughes ees reconciliation process wes colwell wade stubblefield held hostage piece breaks structure ena able control progress performance deal capture risk reporting making progress fronts completely loop current state affairs billing side work also loop assuring proper approach solutions implemented according anthony dayao approximately different billing systems feed csc outsource billing csc apparently billing group spent several months attempting scope process future requirements done conjunction union finosa think approximately spent date effort union finosa anthony accurate union fin recently provided group proposal anthony negotiated days review respond apparently billing wanted forward one week comments bottom line appear proper approach ensuring solving comprehensive billing settlement issues well near term necessities proposed solution billing settlements report sally beck dotted lines ena ees ees maintain customer interface call centers logo invoice convene immediate meeting evan hughes anthony dayao summarize current state including union fenosa retain accenture kpmg fully scope current reality business needs implement action plan address long term solution short term necessity resolve afraid decisions made without full consideration ena view business needs ena cannot accountable ever provide monthly reconciliations flash actuals recognize unless reconcile books really legitimate business john could convene meeting necessary address issues next week would like leave knowing path getting resolved thanks rogers,HR & Internal
<21253253.1075857670749.JavaMail.evans@thyme>,833,144,Night,john thought location ees gas desk current head count fyi assigned jim homco group address commercial operational issues space ena gas desk discussions lately many areas potential integration efficiencies could achieved retail fixed price rep sit lagrosta desk achieve timely accurate prices non swap products could fit group functional benefit also sally beck group provide confirms contract risk services ena gas desk ena power sally involved retail guys really behind respect big factor ongoing losses commercial imperfections rogers,Legal & Regulatory
<28490934.1075857671932.JavaMail.evans@thyme>,2336,331,Afternoon,fyi different note given legislative approval frozen tariff application sdg determining best course action follow shortly regards delainey james steffes enron david delainey hou ees ees janet dietrich hou ees ees dan leff hou ees ees marty sunde hou ees ees harry kingerski enron enron richard shapiro enron enron subject final commission decision kwh rate design cpuc voted decision today kwh surcharge late today reviewing final analysis early tomorrow jim jbennett jbennett gmssr com harry kingerski mail harry kingerski enron com jeff dasovich mail jdasovic enron com jim steffes mail enron com lelie lawner mail leslie lawner enron com scott stoness mail sstoness enron com sue mara mail smara enron com sue mara business fax imceafax sue gmssr com tamara johnson mail enron com subject final commission decision rate design continuation meeting held afternoon commission voted alternate proposed decision sce rate design vote bilas duque voting absent close reading opportunity yet difficult discern changes made alternate put red lined form version voted today contains lot verbiage supporting previously made resolutions issues real substantive changes made appear lowers cap agricultural customers rate increases agricultural tou customers agricultural non tou customers places average rate increase cap industrial customers average rate increase cap cents kwh sce cents kwh decision contain alot explanation industrial cap assuming average rate increase refers average across tou periods review decision closely providing complete summary tomorrow mean time questions please call jeanne bennett,HR & Internal
<19699982.1075857674662.JavaMail.evans@thyme>,833,134,Night,received interview schedule resumes tomorrow interviews taking place allen center floor broken four teams per schedule please note candidate stationed office rotate office office adjacent please ensure arrive promptly first interview keep min time limt per interview team assigned coordinator assist event red team interviewing candidates karen buckley green team interviewing candidates todd peikert purple team interviewing candidates courtnie parker blue team interviewing candidates adrianne engler look forward seeing tomorrow rgds karen,HR & Internal
<30156411.1075857677001.JavaMail.evans@thyme>,641,119,Afternoon,due respect reason make comments make couple hours happy sit explain lease accounting rules particular matter attempting deal balance sheet issue realize commercial issues always work accounting case would hope would simply communicate fact could jointly decide whether finance deal balance sheet given size opportunity way involved joe deffner brian kerrigan ena treasury wes,Financial & Accounting
<26356949.1075857668214.JavaMail.evans@thyme>,445,72,Morning,coming full circle plausible future power generation speaker amy oberg manager competitive intelligence future foresight enron energy services wednesday may make reservation call select option lunch provided welcome bring please inform ahead time need special accommodations participate meeting call,Energy Trading
<22244606.1075857723853.JavaMail.evans@thyme>,568,101,Evening,emmisions trading kevin presto greg wolfe george mcclellan following conditions volumes fall fact increase wolfe retain million million var six months east power emmisions positions janel guerrero middle marketer follow book coal east power coal get together hopefully agree transfer pricing mechanism existing positions greg keeping give call issues,Energy Trading
<14630669.1075857681360.JavaMail.evans@thyme>,466,84,Evening,scott overheard talking city studies earlier two files attached work progress although completed little rough thought may useful current form working sabina rank take complete projects daily fundamentals duties please let know questions thanks sean problems links opening file also put copy,News & Media
<21690720.1075845550298.JavaMail.evans@thyme>,837,141,Afternoon,memo documents timing set aside reserves colorado springs utility deal also documents history money flowing matt motley simply fyi action needed net effect million reserve set csu respect trader performance came kevin mcgowan managed book entire ytd earnings moved coal came motley thought would useful record quasi official manner give motley comfort get dinged old shitty deal happened arrived tim enron capital trade resources corp matt motley tim belden hou ect ect subject,Financial & Accounting
<6501950.1075845552990.JavaMail.evans@thyme>,1315,203,Evening,john confirmation meeting scheduled june please let know something different thanks kim hillis john peyton ect scott neal hou ect ect kimberly brown hou ect ect brian redmond hou ect ect john lavorato corp enron enron julie gomez hou ect ect keith macivor corp enron enron subject friday meeting dayrates reminder everyone meeting john lavorato office friday june regarding dayrates john enclosed presentation keith macivor gave noble drilling ceo jim day pride international ceo paul bragg cfo earl mcniel coo james allen morning sets leaders extremely interested pursuing dayrate transactions sets said believed product would positive impact drilling business jim day assigned leading financial innovators mark may steve manz paul bragg earl mcniel wanting sign isda asap begin discussions asap giving presentation ceo diamond offshore jim tisch thursday new york deal specific presentation cfo chiles offshore day,HR & Internal
<12706060.1075840298634.JavaMail.evans@thyme>,960,132,Evening,tonda ken lay still member rosalee tonda bunge yahoo com please respond yahoo com tbunge texasgbc org subject governor business council file update dear members order keep files current would like mail fax following information may send yahoo com tbunge texasgbc fax number formal name preferred name title company address phone fax mail assistant name phone number mail soon members responded send new roster thank help tonda bunge executive assistant governor business council inc congress avenue suite austin texas phone fax yahoo yahoo auctions buy things want great prices http auctions yahoo com,News & Media
<30580452.1075840203232.JavaMail.evans@thyme>,961,149,Morning,smadja may person ask trying get information lay world economic forum advisory council meeting geneva late august someone please send lay schedule plan accordingly thank rosalee fleming claude smadja managing director contact weforum org klay enron com subject world economic forum briefing china business summit attention kenneth lay chairman chief executive officer enron corporation dear lay unable participate china business summit year would like remind find information interest including china briefing http www weforum org chinabriefing website reminder also login password login password kind regards claude smadja managing director world economic forum,HR & Internal
<15510444.1075840290812.JavaMail.evans@thyme>,670,114,Morning,gabriella pretty name apologize responding conference details bit confusing seem many lay scheduled participate ministerial working dinner evening may give brief report forum session earlier afternoon held kleber international conference centre therefore mrs lay able attend thank rosalee gabriella goekjian oecd org klay enron com subject dinner occasion oecd forum sorry forgotten put subject,News & Media
<25839138.1075840291627.JavaMail.evans@thyme>,2559,435,Afternoon,ken houston bid olympic games entering final phase domestic bid process summer united states olympic committee usoc conduct initial site visits evaluations eight bid cities goal cut number cities three four cut occur december year usoc conducting houston site visit july site visit critical ultimate success bringing olympic games houston four day period usoc site evaluation team houston two days devoted venue tours presentations eight presentation topics predetermined usoc one international strategy simply stated show think houston win international level port commissioner board member houston part team presents section usoc site evaluation team arguably identifiable international corporate leader houston chairman economic summit republican national convention left positive surplus important olympics excellent position discuss houston international status george demontrond susan bandy houston exec director would much appreciate minutes time update houston bid efforts discuss potential participation upcoming site visit first choice like opportunity show important houston expect number bid cities reduced four finalists december result meetings call rosalee schedule time visit offices best look forward catching soon attaching bio details last years activity involved emanated support board regents economic summit host committee rnc convention later ghp thank everything done sarah hopefully reciprocated good job time best vidal vidal martinez winstead sechrest minick travis bank one center houston texas mail vidal martinez net direct tel fax cellular mobile pda mail vidal goamerica net,News & Media
<9726154.1075840291678.JavaMail.evans@thyme>,320,58,Afternoon,suggestion lucie larry tom moving june board meeting new york city june sending information later hotel meeting location dinner plans hope new york location convenient everyone linda,HR & Internal
<26411884.1075845191126.JavaMail.evans@thyme>,642,98,Night,kenneth lay pep system open friday june may complete decline reviews records indicate one requests feedback yet submitted please complete decline requests soon possible logging pep http pep enron com selecting complete feedback main menu questions please contact pep help desk houston option email perfmgmt enron com london option email pep enquiries enron com thank participation important process,Energy Trading
<9379995.1075845191531.JavaMail.evans@thyme>,705,97,Afternoon,robert looney president texas oil gas associat kenneth lay subject wrapup legislative session session texas legislature adjourned sine die monday may wrapup report summary legislation prepared reflecting work association done industry behalf session send may review efforts access reports please click http www txoga org wrapup htm questions please call association headquarters removed mailing list click http www votervoice net groups txoga default asp screen unsubscribe aid advocid,Energy Trading
<27922219.1075845191684.JavaMail.evans@thyme>,816,124,Evening,ken interested board position mid market publicly traded company years solid business experience strengths finance technology human resources served numerous non profit boards excellent track record work position would also provide flexibility spend time washington support bush administration attached resume please review provide feedback look forward hearing country june limas jefferson chairman ceo jefferson epeople gemini suite houston texas office ext fax email ljefferson jefferson usa com website www jefferson usa com limas jefferson resume color doc,Financial & Accounting
<22687902.1075845189582.JavaMail.evans@thyme>,810,143,Evening,ken wanted thank inviting houston importantly support enron providing technology joint tfa smartforce project believe going help make real difference also wanted follow brief conversation discussed getting people together people enron believe indicated head would good start see whether ways smartforce help enron achieve business objectives around learning training would appreciate would someone email contact information whomever would appropriate approach take care rest end thanks regards greg,HR & Internal
<12699588.1075840278764.JavaMail.evans@thyme>,1260,217,Afternoon,dear ken know first meeting tuesday may pete peterson chairman blackstone group kindly agreed host conference room address blackstone group park avenue floor know plans changed since first set meeting people away others cancelled trips could please reconfirm whether able attend sometime next week sending agenda background paper focuses issues propose discuss greatly appreciate help members panel given tim koller know tim koller mckinsey partner kindly prepared draft outline originally sent around also preparing paper receive shortly attaching final list panel members please look significant additions kenneth lay enron rob glaser realnetworks len baker sutter hill ventures dennis powell cisco look forward rsvp hopefully seeing may best regards jeff sec panel members doc sec panel members doc,Legal & Regulatory
<30686709.1075840281837.JavaMail.evans@thyme>,1523,144,Morning,sharon unfortunately ken lay town thanks rosalee sharon kimmel skimmel iexalt net william piernot piernotb letu edu walter saunders agc com mosley mosleycpa msa com robert dietz bdietz bflassociates com ripley woodard rew whplaw com rand wall heritage net christopher wyatt rcwyatt worldnet att net peter forbes pforbes houston com paul widener bluesky ghg net marcus watts mwatts lockeliddell com leo linbeck linbeck com lee pardue lpardue att net joel tietjens joel tjens com joe richardson jrichardson harperpearson com jim wise hotmail com james hargrove jwhargrove pdq net james shirley jrshirly flash net wise swbell net wise jpwise ielectric com evans attwell eattwell velaw com frank vandiver fvandive sterlingchemicals com doug bech dybech raintreesorts com dennis mcguire mcguired tpi sourcing com david cullum msn com stephen goddard stephen goddard arthurandersen com charles hall chall fulbright com bruce harper bharper harperpearson com bill wright hypercon com barry flynn bgflan swbell net ken lay kenneth lay enron com subject jack tompkins notice next meeting sharon christian business group june doc,HR & Internal
<7271703.1075858123225.JavaMail.evans@thyme>,2074,288,Morning,guys coordinate make sure someone listens conference call week tara fundamental group recording calls happened every day phillip james steffes enron phillip allen hou ect ect subject western wholesale activities gas power conf call privileged confidential communication attorney client communication attorney work product privileges asserted please forward anyone team wants updates western wholesale matters also give opportunity raise state matters want discuss jim ray alvarez steve walton hou ect ect susan mara enron enron alan comnes pdx ect ect leslie lawner enron enron rebecca cantrell hou ect ect donna fulton corp enron enron jeff dasovich enron enron christi nicolay hou ect ect james steffes enron enron jalexander gibbs bruns com phillip allen hou ect ect linda noske hou ect ect subject western wholesale activities gas power conf call privileged confidential communication attorney client communication attorney work product privileges asserted date every thursday time pacific central eastern time number host code jim participant code everyone else attached table going ferc issues proceedings updated use tomorrow conference call available team members drive please feel free revise add update table appropriate proposed agenda tomorrow power discussion ferc market monitoring mitigation order review upcoming filings gas response subpoenas socal edison upcoming items misc unable participate call tomorrow attending senate energy resource committee hearing elements ferc market monitoring mitigation order,Legal & Regulatory
<9347088.1075845207548.JavaMail.evans@thyme>,382,56,Night,derek notice sent friday notice would allow cycle gas flow matthew lenhart hou ect ect subject notice shippers system wadle rick rick wadle mirant com daniel lisk enron com daniel lisk enron com subject notice shippers system,Energy Trading
<10840760.1075845212700.JavaMail.evans@thyme>,2437,350,Evening,valued member wallstreetcity community asked notified new investment tools features money saving opportunities wallstreetcity strategic partners think interested exciting offer earningswhispers com unsubscribe see link end email dear wallstreetcity member earnings move stock prices offering free lifetime membership earningswhispers com whisper report newsletter barron says favorite source earnings information whisper report includes details analysts expectations widely held stocks explanations behind expected earnings surprises subscribe please http www earningswhispers com subscribe asp advert analysts investment professionals investors already subscribe whisper report added free bonus may subscribe earningswhispers com daily summary earnings warnings outlining quarterly earnings guidance provided day earningswhispers com leader providing earnings information accurate source earnings estimates according bloomberg news study money magazine ranked earningswhispers com top web site stock analysis wall street journal stated earningswhispers com major source true whisper numbers gathered securities analysts subscribe today free http www earningswhispers com subscribe asp advert get top earnings information available internet image offer sent courtesy wallstreetcity com removed mail distribution list simply click link hit send mail launched copy paste email address new outgoing email message hit send email launched note removing email address list longer receive free wallstreetcity stock search industry analysis week ahead free wallstreetcity com update unsubscribe tried unsubscribing past believe received message error please send email yourfeedback wallstreetcity com voice concerns removed list,News & Media
<10428059.1075845212985.JavaMail.evans@thyme>,2369,226,Night,andrew lewis portfolio stockselector com wednesday may view portfolio online please http www stockselector com portfolio asp portnumber free broker research report coke coca cola analysts prudential securities give coca cola strong buy rating comparing current industry slump similar situation say soft drink company positioned take advantage improved environment please http www multexinvestor com achome asp download free broker research report previous today dollar percent name close close change change ames department http www stockselector com quote asp symbol ames synagro tech http www stockselector com quote asp symbol sygr freerealtime http www stockselector com quote asp symbol frti mphase tech inc http www stockselector com quote asp symbol xdsl starnet comm http www stockselector com quote asp symbol snmm total entertain http www stockselector com quote asp symbol ttln synagro tech http www stockselector com quote asp symbol sygr fccn found http www stockselector com quote asp symbol fccn best buy inc http www stockselector com quote asp symbol bby ameritrade hold http www stockselector com quote asp symbol amtd gic global inte http www stockselector com quote asp symbol ggnc portfolio total dow jones indusrial average nasdaq composite russell wilshire index unsubscribe modify options please http www stockselector com modifyportfolio asp symbol copyright stockselector com,News & Media
<29232157.1075845216103.JavaMail.evans@thyme>,2352,226,Night,andrew lewis portfolio stockselector com thursday may view portfolio online please http www stockselector com portfolio asp portnumber free broker research report coke coca cola analysts prudential securities give coca cola strong buy rating comparing current industry slump similar situation say soft drink company positioned take advantage improved environment please http www multexinvestor com achome asp download free broker research report previous today dollar percent name close close change change ames department http www stockselector com quote asp symbol ames synagro tech http www stockselector com quote asp symbol sygr freerealtime http www stockselector com quote asp symbol frti mphase tech inc http www stockselector com quote asp symbol xdsl starnet comm http www stockselector com quote asp symbol snmm total entertain http www stockselector com quote asp symbol ttln synagro tech http www stockselector com quote asp symbol sygr fccn found http www stockselector com quote asp symbol fccn best buy inc http www stockselector com quote asp symbol bby ameritrade hold http www stockselector com quote asp symbol amtd gic global inte http www stockselector com quote asp symbol ggnc portfolio total dow jones indusrial average nasdaq composite russell wilshire index unsubscribe modify options please http www stockselector com modifyportfolio asp symbol copyright stockselector com,News & Media
<26985917.1075841020095.JavaMail.evans@thyme>,516,81,Afternoon,another new addition portland west desk beginning today mohamed elafandi joined real time trading group prior enron worked charlotte north carolina associate corporate finance first union securities capital markets graduated united states naval academy annapolis maryland bachelor degree marine engineering received mba fuqua school business duke university please welcome portland office,Financial & Accounting
<6963241.1075854999111.JavaMail.evans@thyme>,775,111,Night,recently julie armstrong senior administrative assistant danny mccarty honored arthritis foundation star salute excellence award award given annually person suffers arthritis demonstrates excellence towards community foundation individual battles arthritis julie involved arthritis foundation four years time worked various committees arthritis foundation star salute secretaries addition arthritis foundation julie volunteers time support non profit organizations including sunshine kids houston aeros charities event benefiting stehlin foundation congratulations julie,Financial & Accounting
<28630772.1075855010382.JavaMail.evans@thyme>,1131,179,Afternoon,riopuerco val pecos firm transaction provides firm pipeline transportation capacity primary receipt point pnm rio puerco primary delivery point valero pecos posted rate stated usd mmbtu website daily one part rate inclusive applicable reservation commodity surcharge rates total charge month equal posted rate multiplied maximum daily volume times number days term transaction daily rate include fuel apply billed separately riopuerco val pecos int transaction provides interruptible pipeline transportation capacity primary receipt point pnm rio puerco primary delivery point valero pecos posted rate stated usd mmbtu website daily one part rate inclusive commodity rates surcharges total charge month equal posted rate multiplied quantity gas scheduled month daily rate include fuel apply billed separately,Energy Trading
<7528207.1075858227426.JavaMail.evans@thyme>,671,106,Morning,thank request notified via email request processed check progress request one following srrs application click requests made listing recent requests appear sorted resource name click request link link information regarding request summary request requested phillip love hou ect request date request type update access request link requested resources erms firmtrad questions please contact information risk management,HR & Internal
<9853228.1075858274169.JavaMail.evans@thyme>,1254,213,Afternoon,jeff discussed today following trv trader report viewer project status trv targeted implemented may scheduled trv development security setup completed ready presented traders hal meet phillip kam tomorrow provide trv system administrator rights review publish region reports meet darron david errol scheduled early next week provide trv system administrator rights review publish region reports conclusion review determine roll training remaining team members within region region leads provide training team members currently trv running development environment review period upon conclusion review period ask approval uat signoff order transition system production environment thank team members everyone help support initiative please let know questions shirley mcdowell trv project project manager,HR & Internal
<6578079.1075858274300.JavaMail.evans@thyme>,531,85,Afternoon,please provide interview feedback yes maybe following candidate briefly state include person still good fit enron search opportunities maybe give time frame final answer external candidates receive decline letter internal phone call joy werner interviewed thursday may meghan watkins interviewed wednesday may thanks jamie wachel enron staffing,HR & Internal
<21058683.1075858228902.JavaMail.evans@thyme>,597,57,Afternoon,jim little troy klussmann hou ect ect cynthia hakemack hou ect ect diane cook hou ect ect mark friedman hou ect ect mechelle stevens hou ect ect cathy torre hou ect ect phillip love hou ect ect melba bowen hou ect ect mary theresa franklin hou ect ect wade price hou ect ect david oliver hou ect ect carrie hollomon hou ect ect janie gallegos hou ect ect gregory mausser hou ect ect bryan hull hou ect ect dawn kenne hou ect ect elizabeth hernandez hou ect ect cathy sprowls hou ect ect subject april physical liquidations,Energy Trading
<28681079.1075858242421.JavaMail.evans@thyme>,396,75,Morning,attached spreadsheets requested first tab sheet one discussed earlier second tab sheet assumes tom gets sharpe gets asset deals third tab revised summary sheet months split route choose please feel free give call questions thanks,Financial & Accounting
<11083113.1075845231742.JavaMail.evans@thyme>,2019,249,Evening,good morning please provide estimate week aga storage survey week stats aga last year avg lifetime high time high lifetime low gas stge avg avg please estimates noon cst tomorrow thanks embedded image moved file pcx embedded image moved file pcx message toutes les pieces jointes apres message sont etablis intention exclusive ses destinataires sont confidentiels vous recevez message par erreur merci detruire avertir immediatement expediteur toute utilisation message non conforme destination toute diffusion toute publication totale partielle est interdite sauf autorisation expresse internet permettant pas assurer integrite message bnp paribas ses filiales decline toute responsabilite titre message dans hypothese aurait ete modifie message attachments message intended solely addressees confidential receive message error please delete immediately notify sender use accord purpose dissemination disclosure either whole partial prohibited except formal approval internet guarantee integrity message bnp paribas subsidiaries shall therefore liable message modified pcx pcx,Energy Trading
<5890980.1075858186116.JavaMail.evans@thyme>,1153,191,Evening,ever wonder sports drink like gatorade work much exercise much want bulk muscles creatine safe weight gaining powders work diet pills join joel bloom enron espeak tuesday march answer questions many http ethink enron com bloom associate professor department health human performance university houston joel specializes biomechanics sports medicine aquatic therapy strong advocate bringing back physical activity public schools texas commission bicycle safety also published several books numerous articles sports performance exercise biomechanics injury prevention training programs bloom talk sports drinks water truths myths stretching truths myths myths abdominal exercises supplements risks benefits food label reading fact fiction breakfast breakfast join tuesday march espeak,HR & Internal
<3153812.1075858186583.JavaMail.evans@thyme>,1894,308,Afternoon,john correct compute historical volatility need use days annualize volatility historical data existed trading days common practice enron computing time maturity calendar days maturity date valuation date therefore days year implied volatility eimpvol function uses days one year want convert apply following formula historical vol sqrt implied vol sqrt let know helps zimin john griffith enron zimin hou ect ect paulo issler hou ect ect stinson gibner hou ect ect john arnold hou ect ect mike maggi corp enron enron subject historical volatility zimin question historical volatility way calculating historical volatility take standard deviation log returns price settles take number daily volatility multiply square root number trading days come annualized volatility number trading days using however know correct trying calculate historical volatility would comparable implied volatility calculating books implied volatilities iterated using euro function get straddle quote iterate volatility would used come price also look eimvol function know use trading day convention pricing options mean come comparable historical volatility number need use convert daily historical volatility annualized volatility thanks help john griffith,Energy Trading
<12690944.1075846034161.JavaMail.evans@thyme>,1770,312,Morning,unless first option expires original premium expensed add original payment renewal premium determine percentage beat percentage game land balance sheet put entire project ask splain land going balance sheet would think would better however one thing know asked environmental restrictions financing vehicle know land clean vehicle ask required clean may back anyway kay feel like alice wonderland yet greg krause enron enronxgate kay mann corp enron enron kathleen carnahan enron enronxgate subject aew backup yes want renew option september next year need persuade lower option premium thought land fill closure cost approximately million could create new option agreement states strike price million original strike price plus cost land fill closure cost could pay option premium million closing reduce purchase price costs yet incurred closing land fill since certosa holdings start closure assured exercise option even net cost would drop back original strike price could get past accountants memorandum option recorded,Legal & Regulatory
<26125601.1075846036237.JavaMail.evans@thyme>,605,93,Morning,taking asset management new level pain commericial vision form joint venture nrg manage portfolio generation assets meeting janelle discuss want kay william keeney enron enronxgate tom may corp enron enron david marks enron enronxgate janelle scheuer enron enronxgate kay mann corp enron enron subject nrg bullet points attached rough outline information might want incorporate loi nrg discuss meeting thanks bill,Financial & Accounting
<10673944.1075846036462.JavaMail.evans@thyme>,310,59,Evening,need exact name entity buying gas yazoo city ycpc info required clarksdale although urgently email addresses need review contract ready tomorrow thanks kay,Legal & Regulatory
<18782902.1075846038433.JavaMail.evans@thyme>,388,59,Afternoon,give seat sit commercial team helps ckm roseann engeldorf enron enronxgate kay mann corp enron enron dina snow corp enron enron subject asset financing structured finance presentation room one maybe next week rapidly running room even schwartzenburg folks rose,Financial & Accounting
<17812842.1075846039141.JavaMail.evans@thyme>,1578,264,Evening,john humbly beg forgiveness calling owe check directory see recall part special scratch back scratch deal although details escape seems like minor defects could repaired stored stuff let put stuff storage based rep things would get fixed kay john rigby kay mann corp enron enron ben jacoby hou ect ect randy pais corp enron enron cheryl costa matthew tezyk subject pack storage letter copy please ben kay project eletrobolt esa send stacks electrobolt back braden modifications necessary eletrobolt couple changes need prepare amendment cover changes well capture costs related eletrobolt units matt told ben signed letter prepared kay addressing agreement related storage units different pack base contract matt says letter would helpful could copy letter understand changes upset prior deal amendment prepared addition eletrobolt team review would like bounce ben kay ensure harm aspects pack purchase thanks,Legal & Regulatory
<19107343.1075846039831.JavaMail.evans@thyme>,492,73,Morning,shoemaker kent geae kent shoemaker com kay mann enron com kay mann enron com johnson lee aep lee johnson com subject delta salmon kay told paul hastings would release guaranty opinion closing wednesday okay problem fax guaranty opinion signed letter saying release funding,News & Media
<8010352.1075846039947.JavaMail.evans@thyme>,1155,187,Morning,depends time get signatures get things signed quickly delivered plenty time send docs would prefer work way chris calger offices today terrific break jus find plus thought would sign escrow disbursement letter instead jake since kay campbell carolyn ccampbell kslaw com kay mann enron com kay mann enron com subject delta documents kay agree original deliverables however turbine contract officer llc named secretary certificate duran calger thomas sign safe may also want llc named secretary certificate duran sign llc membership certificates sending originals forward freshfields paul hastings carolyn campbell king spalding phone fax ccampbell kslaw com mailto ccampbell kslaw com,Legal & Regulatory
<17720566.1075846040192.JavaMail.evans@thyme>,1972,321,Morning,list original deliverables turbine contract officer llc amended llc officer ena membership certificates signed llc jake things must signed jake written consent llc original deliverable list ready first thing wednesday sorry recall telling original membership certificates new york wednesday however able handle pre closing drill asked definitive signed closing list mid day friday thanks kay campbell carolyn ccampbell kslaw com kay mann enron com kay mann enron com subject delta documents addresses delivery kay big deal get documents federal express tuesday night delivery wednesday indicated chance jake late miss fed deadline need make alternative arrangements signature otherwise paul hastings forced renegotiate legal opinion freshfields owe courtesy letting know first thing tuesday morning indicated early thursday last week objection getting least original membership certificate overnight delivery prior closing hold escrow closing order satisfy opinion issues associated perfection lien membership interest please let know thanks soon get back office check salmon resolutions electing officers confirm chris calger title salmon let know carolyn campbell king spalding phone fax ccampbell kslaw com mailto ccampbell kslaw com,Legal & Regulatory
<28643574.1075845708908.JavaMail.evans@thyme>,870,131,Afternoon,done parker isabel isabel parker freshfields com kay mann enron com kay mann enron com gregorylang paulhastings com ccampbell kslaw com subject legal opinion mail confidential may well also legally privileged received error notice status please notify immediately reply mail delete message system please copy use purposes disclose contents person could breach confidence thank operation please contact helpdesk ext email ithelp freshfields com need assistance indifferent long whoever signs authorized incumbency certificate covering thanks isabel,Legal & Regulatory
<5665410.1075845712068.JavaMail.evans@thyme>,388,59,Afternoon,give seat sit commercial team helps ckm roseann engeldorf enron enronxgate kay mann corp enron enron dina snow corp enron enron subject asset financing structured finance presentation room one maybe next week rapidly running room even schwartzenburg folks rose,Financial & Accounting
<7922587.1075845715977.JavaMail.evans@thyme>,797,113,Afternoon,carolyn approach makes perfect sense think lee wants turbine contract sooner still received finance stuff yet asked today kay campbell carolyn ccampbell kslaw com kay mann enron com kay mann enron com subject turbine contract kay lee johnson address information send turbine contract holding package waiting signature pages freshfields documents provided directly freshfields going include documents package well carolyn campbell king spalding phone fax ccampbell kslaw com mailto ccampbell kslaw com,Legal & Regulatory
<28749907.1075845717639.JavaMail.evans@thyme>,804,147,Afternoon,would posiotion get together tomorrow morning houston time review issues list talk get end process immediately need start drafting longview turbine contract like see close enough get started scott today extension agreement principle expires need extend tee steve swift meeting tomorrow lieu regularly scheduled call let know call later week talk next wednesday would like get whatever need order get longview turbine contract going talked john schwartzenburg available tomorrow morning,Legal & Regulatory
<1024075.1075845717906.JavaMail.evans@thyme>,353,64,Evening,took crack tightening next assignment language exists overrides inclusion form peter could take first cut override letter may internal meeting central available phone necessary suz please put attachment notebook thanks kay,HR & Internal
<13129338.1075845717966.JavaMail.evans@thyme>,445,79,Evening,copy agreement made ugly redaction surgery put terms want think carefully italics totally removed provisions particularly deal specific obligation offer sell project decided abandon know damn weird hung strange things let know answer questions,Legal & Regulatory
<29528658.1075845718624.JavaMail.evans@thyme>,630,98,Morning,date friday may place time cst problems questions please feel free call thank lorie leigh enron north america corp ben jacoby sent ben jacoby herman manis enron enronxgate kay mann corp enron enron chris booth enron enron lorie leigh hou ect ect subject friday meeting blue dog herman kay chris meet friday lorie please get conference room advise everyone room number thanks ben,HR & Internal
<21280353.1075845721691.JavaMail.evans@thyme>,709,106,Night,sounds good tom kay mann reagan rorschach enron enronxgate tom may corp enron enron subject energy management services look presented dave duran execute monday unless suggest otherwise kay pedigo doug dpedigo intergen com kay mann enron com kay mann enron com subject energy management services thanks changed party parent two entities question put project particulars introductory paragraph otherwise changes fine ahead agreement executed fax send,Legal & Regulatory
<27328496.1075845722475.JavaMail.evans@thyme>,851,133,Evening,look provide comments tomorrow forwarded ann elizabeth carlos know ena attorney project kay may want touch base thanks ben jacoby sent ben jacoby kay mann corp enron enron christi nicolay hou ect ect greg krause corp enron enron subject midway project generic interconnect agreement kay christi need get law firm reviewing agreement soon possible christi worked several past projects thought could help please let know proceed thanks ben greg krause enron christi nicolay hou ect ect ben jacoby hou ect ect subject midway project generic interconnect agreement please see attached review comments,Legal & Regulatory
<31443858.1075845724813.JavaMail.evans@thyme>,830,150,Evening,yes want renew option september next year need persuade lower option premium thought land fill closure cost approximately million could create new option agreement states strike price million original strike price plus cost land fill closure cost could pay option premium million closing reduce purchase price costs yet incurred closing land fill since certosa holdings start closure assured exercise option even net cost would drop back original strike price could get past accountants memorandum option recorded,Legal & Regulatory
<401727.1075845726332.JavaMail.evans@thyme>,757,117,Afternoon,sent note check may get mean kay mann enron suzanne adams hou ect ect subject matching gift word suzanne adams ect kay mann corp enron enron subject matching gift ever hear matter kay mann enron community relations enron com bcc suzanne adams hou ect subject matching gift hello gave matagorda county fair livestock association filled form match please advise paid sending bill plus finance charge thank kay mann,Financial & Accounting
<7744253.1075845727177.JavaMail.evans@thyme>,490,83,Morning,understand last sentence reagan rorschach enron enronxgate kay mann corp enron enron subject open items mdea value table beginning balance month cancel middle month pay balance beginning month prorated minimum monthly fee prorate ends end getting total balance shown beginning month,Financial & Accounting
<2490173.1075845729433.JavaMail.evans@thyme>,1860,317,Morning,could email list issues encountered thus far ben really wants check proud kay ben jacoby enron enronxgate fred mitro enron enronxgate kay mann corp enron enron subject midway project generic interconnect agreement fred kay spoke duran morning would like meet together discuss midway project whether able utilize turbopark phase previously told timing considerations may certain agreements difficult make turbopark compliant attached interconnect agreement fpl phase may practical purposes project think would good discussion friday information already spoken teco proposed mou maybe even tolling agreement schedules friday also would like schedule call tomorrow teco mou fred please coordinate kay schedule something becky alex would prefer afternoon guys would like min call meet seperately also fred please advise status tolling agreement kay attached fpl standard form interconnect agreement thinking carlos would good choice review currently working accounting finance ameren interconnect already familiar likely issues please let know think important give duran summary likely accounting finance issues related agreement friday hope good weekends regards ben,Legal & Regulatory
<32726044.1075845731363.JavaMail.evans@thyme>,525,90,Evening,kay attached changes pompano agreement reviewed last version dated approved internally copy also attached made changes back draft felt appropriate section add back termination section commercial perspective think better leaving effect free option site developers agreement required obtain building permits please let know think regards ben,Legal & Regulatory
<19427194.1075845731412.JavaMail.evans@thyme>,1127,164,Night,section requires letter credit carlos sole senior counsel enron north america corp smith street houston texas phone fax ann elizabeth white ect carlos sole kay mann corp enron enron subject midway project generic interconnect agreement leaving vacation tomorrow weeks way get leave would please handle interim please talk kay could handle greg absence may need outside counsel thanks christi nicolay ann elizabeth white hou ect ect carlos sole enron enron subject midway project generic interconnect agreement review one needs also thanks greg krause enron christi nicolay hou ect ect ben jacoby hou ect ect subject midway project generic interconnect agreement please see attached review comments,Legal & Regulatory
<513326.1075845733524.JavaMail.evans@thyme>,710,133,Afternoon,attached comments midway loi fyi duran spoke mike carlson teco regarding pierce dave really wants push get something done project would similarly styled midway teco discussions ena sells dev asset takes back year toll mike carlson said would get lawyer generate loi pierce think need get comments back midway expedite kay luck engaging king spaulding deals let talk comments earliest convenience fred need term sheet toll toll price refreshed desk soon possible thanks ben,Financial & Accounting
<4155696.1075845733846.JavaMail.evans@thyme>,2479,418,Evening,give world jump crazy conclusion suzanne adams ect kay mann corp enron enron subject cingular bill know excited new assistant thought going get dance mean gave bad review kay mann enron suzanne adams hou ect ect subject cingular bill know work fridays takes away one day opportunity approve plus assistant maybe things improve excited new assistant suzanne adams ect kay mann corp enron enron subject cingular bill see real fast approving things either submitted expense report carol gotten carol yet days ago haedicke fast either think like automation really makes much quicker going queen invoices expense reports many like systems adaptable give review kay mann enron suzanne adams hou ect ect subject cingular bill yes officially elizabeth group need ask flat screen monitor suzanne adams ect kay mann corp enron enron subject cingular bill sending officially changed elizabeth cost center jeff time site want make sure send correct person kay mann enron suzanne adams hou ect ect subject cingular bill yes thanks suzanne adams ect kay mann enron com subject cingular bill kay called cingular see bill last payment made end march credit card expired march set currently credit card charged going ahead expense charge need pay want set credit card send cingular letter stating wishes also changed address building phone,News & Media
<22459316.1075845746900.JavaMail.evans@thyme>,1021,145,Morning,fyi maher andrea andrea maher citi com chris booth enron com chris booth enron com subject citibank documents upcoming escrow chris discussed attaching schedule fees services escrow agent please forward copy escrow agreement underlying document purchase letter earliest convenience may begin review also attaching list money market investment options review northwestern well appropriate tax forms incumbency certificate establishing new account please hesitate call questions kind regards andrea enron doc immf doc form pdf doc andrea maher citibank agency trust services wall street floor zone new york new york tel fax andrea maher citi com enron doc immf doc form pdf doc,Legal & Regulatory
<31425106.1075845845201.JavaMail.evans@thyme>,279,51,Morning,kay told paul hastings would release guaranty opinion closing wednesday okay problem fax guaranty opinion signed letter saying release funding,News & Media
<30756819.1075845846651.JavaMail.evans@thyme>,853,158,Afternoon,ben kay project eletrobolt esa send stacks electrobolt back braden modifications necessary eletrobolt couple changes need prepare amendment cover changes well capture costs related eletrobolt units matt told ben signed letter prepared kay addressing agreement related storage units different pack base contract matt says letter would helpful could copy letter understand changes upset prior deal amendment prepared addition eletrobolt team review would like bounce ben kay ensure harm aspects pack purchase thanks,Legal & Regulatory
<20669850.1075845847378.JavaMail.evans@thyme>,1061,158,Afternoon,greg krause enron ann elizabeth white hou ect ect subject enron dunn lease ann elizabeth attached turn draft balog dunn security corp contract greg enron north america corp greg krause ann elizabeth white hou ect ect subject enron dunn lease roger balog ect shoffman hklaw com greg krause corp enron enron subject enron dunn lease stuart attached revised draft lease agreement clean copy red line comparison draft sent would glad explain reasons behind changes included changes insurance section taken input insurance department answer question andrew balog greenberg relative hungarian run across many name especially outside northeast midwest roger,Legal & Regulatory
<24376813.1075845848369.JavaMail.evans@thyme>,785,131,Afternoon,lost items cell phone pair glasses found conference contact sara davidson either items belongs presentation materials guest speaker presentations available enron law conference website end week website http lawconference corp enron com materials found conference schedule icons left hand side files either launched printed website documents sent via email enron legal edge availability due technical problems enron legal edge available till later week email sent users site running available sorry delay,Legal & Regulatory
<15258810.1075845849374.JavaMail.evans@thyme>,878,136,Morning,attached following executed documents amendment pda amendment spa aaron roffwarg bracewell patterson llp south tower pennzoil place louisiana houston texas fax confidentiality statement information intended use individual entity addressed may contain information privileged confidential exempt disclosure applicable law intended recipient hereby notified dissemination information strictly prohibited received information error please notify immediately telephone fax confirm destroyed information copies thank amend spa pda pdf,Legal & Regulatory
<31269708.1075845850081.JavaMail.evans@thyme>,358,65,Morning,attached mail lee circulated february regarding exhibit city austin agreement makes changes values draft values kay faxed yesterday eric please let know values insert agreement also please provide addresses contacts sections,Legal & Regulatory
<408614.1075845850825.JavaMail.evans@thyme>,487,93,Morning,week travel black wife going away week home duty first time ever done years probably need let say something following week ben kay mann enron ben jacoby hou ect ect subject thought ben acccounting finance presentation noon may astros game kay,Financial & Accounting
<19953541.1075845851352.JavaMail.evans@thyme>,684,96,Morning,kay would great jeff kay mann enron jeffrey hodge hou ect ect subject city yazoo clarksdale master gas agreements jeff want stacy take look kay debra perlingiere ect kay mann corp enron enron subject city yazoo clarksdale master gas agreements attached drafts master firm purchase sale agreement gas upon completion guaranty incorporate section debra perlingiere enron north america corp legal department smith street houston texas dperlin enron com phone fax,Legal & Regulatory
<25361887.1075845851779.JavaMail.evans@thyme>,1341,194,Afternoon,still pretty nasty language huh mother day mulching party great day kay mann mark metts enron enronxgate timothy detmering hou ect john llodra corp enron enron david duran enron enronxgate lance schuler legal hou ect ect bcc kathleen carnahan enron subject confidentiality agreement gentlemen ews legal working john llodra east power origination concerning confidentiality agreement ameresco proposed transaction described follows potential power plant site development asset management services related island end generation project nominal combined cycle power generation facility proposed located everett massachusetts current draft contains language time signing agreement october neither party shall pursue proposed transaction without participation party unless party consents writing notifies party intend pursue proposed transaction accordance policy issue submitted review john contacted extension thank kay entire,Legal & Regulatory
<2382916.1075845853556.JavaMail.evans@thyme>,1543,252,Afternoon,john reviewed insurance article would mind recommending minor changes respect wishes however find couple places definitely needed speaking marine experts wortham found hull wording deficient another project believe clause changed following recommended wording welcome change limit million think wording appropriate agreements going forward hull machinery protection indemnity insurance seller shall ensur owned non owned watercraft kind used performan work hull machinery protection indemnity insurance shall provided vessels amounts follows hull machinery full current market value watercraft protection indemnity including excess collision liability unless otherwis provided hull coverage occurrence full current market value vessel whichever greater insurance may provided vessel operator seller selle deems appropriate aircraft clause needs couple changes clause insert aircraft non owned thi line insurance may provided aircraft operator seller seller deems appropriate please let know questions paul,Energy Trading
<17448375.1075845853668.JavaMail.evans@thyme>,310,59,Evening,need exact name entity buying gas yazoo city ycpc info required clarksdale although urgently email addresses need review contract ready tomorrow thanks kay,Legal & Regulatory
<28766334.1075845857420.JavaMail.evans@thyme>,1008,145,Evening,discuss carlos ckm ann elizabeth white ect carlos sole kay mann corp enron enron subject midway project generic interconnect agreement leaving vacation tomorrow weeks way get leave would please handle interim please talk kay could handle greg absence may need outside counsel thanks christi nicolay ann elizabeth white hou ect ect carlos sole enron enron subject midway project generic interconnect agreement review one needs also thanks greg krause enron christi nicolay hou ect ect ben jacoby hou ect ect subject midway project generic interconnect agreement please see attached review comments,Legal & Regulatory
<4716172.1075845857705.JavaMail.evans@thyme>,349,54,Morning,ben please sure include team attorney communications anything sent public relations government affairs also needs copied legal thanks ann elizabeth eric thode enron enronxgate ann elizabeth white hou ect ect subject comments fact sheet,Legal & Regulatory
<4913640.1075845857874.JavaMail.evans@thyme>,426,66,Afternoon,ever hear matter kay mann enron community relations enron com bcc suzanne adams hou ect subject matching gift hello gave matagorda county fair livestock association filled form match please advise paid sending bill plus finance charge thank kay mann,Financial & Accounting
<1160513.1075845857921.JavaMail.evans@thyme>,757,117,Afternoon,sent note check may get mean kay mann enron suzanne adams hou ect ect subject matching gift word suzanne adams ect kay mann corp enron enron subject matching gift ever hear matter kay mann enron community relations enron com bcc suzanne adams hou ect subject matching gift hello gave matagorda county fair livestock association filled form match please advise paid sending bill plus finance charge thank kay mann,Financial & Accounting
<6090459.1075845859101.JavaMail.evans@thyme>,666,105,Afternoon,one thing sdec project according option agreement executed last october agreed reimburse certosa holdings actual third party costs incurred support necessary applications submittals seeking local approval several weeks ago recieved invoice shutts bowen attorney certosa holdings requesting reimbursement pursuant contract forwarded invoice ann elizabeth necessarily pay review considering whole soft cost hard cost discussion recieved another call morning shutts bowen asking invoice,Legal & Regulatory
<6940633.1075845861226.JavaMail.evans@thyme>,1154,192,Morning,took quick stab john redraft section think talk subsections particular john rigby kay mann corp enron enron sheila tweed hou ect ect scott dieball bill williams pdx ect ect pthompson akllp com subject rigby proposal take section attached redline present take section rev world hunger made changes based done arcos arcos full testing program within commisssioning period since power island purchaser aux loads think new subparagraph works left see anyone else tweak make work trying get hook acceleration costs incur still beat time completion arcos since time theory contractors probably merits internal discussion sharing,Energy Trading
<19546128.1075855236563.JavaMail.evans@thyme>,658,105,Night,one thing sdec project according option agreement executed last october agreed reimburse certosa holdings actual third party costs incurred support necessary applications submittals seeking local approval several weeks ago recieved invoice shutts bowen attorney certosa holdings requesting reimbursement pursuant contract forwarded invoice ann elizabeth necessarily pay review considering whole soft cost hard cost discussion recieved another call morning shutts bowen asking invoice,Legal & Regulatory
<8936386.1075845885056.JavaMail.evans@thyme>,750,143,Evening,attached redline present take section rev world hunger made changes based done arcos arcos full testing program within commisssioning period since power island purchaser aux loads think new subparagraph works left see anyone else tweak make work trying get hook acceleration costs incur still beat time completion arcos since time theory contractors probably merits internal discussion sharing,Energy Trading
<11070468.1075845889728.JavaMail.evans@thyme>,1057,156,Morning,dear kay mann invited participate following transaction www dealbench com issuing entity deal sponsor enron north america corp deal description florida midway power plant site lucie county florida access transaction log www dealbench com first time users click register create username password complete contact information enter dealkey repeat users enter username password update profile top screen enter dealkey bottom user profile dealkey click acquisitions divestitures domain access transaction questions regarding dealbench please contact dealbench customer support email webmaster dealbench com phone toll free questions transaction please contact undersigned regards fred mitro enron north america corp,Energy Trading
<4000702.1075845904271.JavaMail.evans@thyme>,405,62,Afternoon,kay today gotten needed genia kay mann enron elizabeth sager hou ect ect genia fitzgerald hou ect ect subject black hills tolling agreement tolling arrangement work trying get hands black hills tolling agreement someone point right direction find thanks kay,Legal & Regulatory
<9164675.1075845905221.JavaMail.evans@thyme>,807,152,Afternoon,kay spoke raul salas shutts bowen amending arrangment certosa holdings property called back say client miami wednesday wanted pay shutts bowen invoice meet think certosa holdings paying bills remove last lien property need develop structure pay something certosa holdings recoup costs also need cover future legal consulting costs incurred certosa holdings help would available least call wednesday thursday back miami tuesday reached weekend cell pager also try check email daily,Legal & Regulatory
<15182991.1075845905450.JavaMail.evans@thyme>,1926,265,Morning,kay herman suggested changes form memorandum red question since defining optionee llc designee permitted assignees really necessary includ second reference designee permitted assignees memorandum purchase option memorandum made entered effective hereinafter referred optionor delaware limited liability designee permitted assignees hereinafter referred optionee capitalized terms used defined herein shall meaning given certain option purchase real estate dated optionor optionee agreement optionor optionee parties agreement covering certain real property situated county particularly described exhibit attached hereto incorp orated purposes property pursuant agreement option granted optionee option purchase property option particularly described therein option expires subject optionee rights extend option renew term months ending unless optionee designee permitted assignee delivers optiono notice exercise option purchase property prior expiration date may extended kathleen carnahan enron north america corp smith street houston phone fax,Legal & Regulatory
<14549956.1075845907756.JavaMail.evans@thyme>,874,155,Evening,attached clean copy city austin turbine agreement second document well blacline first document showing changes made version went february draft includes lee eric changes exhibit well addition contacts notices sections also contains minor clean items identified lisa bills reviewed cogen definitions performance test certificate performance test completion certificate order complete agreement need include date execution exhibit city austin gas turbine agt doc city austin gas turbine agreement draft doc city austin gas turbine agt doc city austin gas turbine agreement draft doc,Legal & Regulatory
<33003927.1075845907868.JavaMail.evans@thyme>,3753,343,Afternoon,calendar kay mann enron carolyn george corp enron enron suzanne adams hou ect ect subject letter credit seminar may would like attend thanks kay julia murray sent carolyn george alan aronowitz hou ect ect sandi braband hou ect ect teresa bushman hou ect ect michelle cash hou ect ect barton clark hou ect ect harry collins hou ect ect peter del vecchio hou ect ect stacy dickson hou ect ect shawna flynn hou ect ect barbara gray hou ect ect wayne gresham hou ect ect mark haedicke hou ect ect leslie hansen hou ect ect jeffrey hodge hou ect ect dan hyvl hou ect ect anne koehler hou ect ect dan lyons hou ect ect kay mann corp enron enron travis mccullough hou ect ect lisa mellencamp hou ect ect janet moore hou ect ect julia murray hou ect ect gerald nemec hou ect ect david portz hou ect ect michael robison hou ect ect elizabeth sager hou ect ect richard sanders hou ect ect lance schuler legal hou ect ect sara shackleton hou ect ect carol clair hou ect ect lou stoler hou ect ect mark taylor hou ect ect sheila tweed hou ect ect steve van hooser hou ect ect john viverito corp enron enron ann elizabeth white hou ect ect donna lowry enron enronxgate susan bailey hou ect ect kimberlee bennick hou ect ect genia fitzgerald hou ect ect nony flores hou ect ect linda guinn hou ect ect hearn iii hou ect ect mary heinitz hou ect ect tana jones hou ect ect deb korkmas hou ect ect laurie mayer hou ect ect matt maxwell corp enron enron mary ogden hou ect ect debra perlingiere hou ect ect robert walker hou ect ect kay young hou ect ect merrill haas hou ect ect mark greenberg enron enron robert bruce enron enron samantha boyd enron enron mary cook hou ect ect angela davis enron enron stephanie panus enron enron marcus nettelton enron enron brent hendry enron enron michelle blaine enron enronxgate gail brownfeld enron enronxgate dominic carolan enron enronxgate eddy daniels enron enron andrew edison enron enron roseann engeldorf enron enronxgate robert george enron enron cheryl nelson enron enron cheryl lindeman enron enronxgate carlos sole enron enron randy young enron enron kathleen carnahan enron enron diane goode enron enron nancy corbet ned crady francisco pinto leite coralina rivera daniel rogers frank sayre martha braddy sarah bruck william bradford enron enronxgate debbie brackett enron enronxgate tom moran enron enronxgate wendi lebrocq enron enronxgate nidia mendoza enron enronxgate veronica espinoza enron enronxgate ken curry enron enronxgate carol north enron enronxgate aparna rajaram enron enronxgate subject letter credit seminar may please mark calendars emory ireland martin weinstein foley lardner conducting presentation regarding nuts bolts letters credit wednesday may please rsvp carolyn george ext carolyn george enron com plan attend thank julia heintz murray enron wholesale services enron industrial markets llc smith street houston fax julia murray enron com,Legal & Regulatory
<32618698.1075845909506.JavaMail.evans@thyme>,2818,470,Afternoon,prior email written read seems like everyone geared call tomorrow proceeding everyone thinks resolve stuff john rigby kay mann corp enron enron scott dieball sheila tweed hou ect ect hearn iii hou ect ect pthompson akllp com john schwartzenburg scott dieball subject world hunger rev took several assignments last world hunger call status follows tax language sent prior version rev matt asking call let know talk tax rep steve swifit london would like sit call insurance language review sent version david marshall paul parrish asking reviews opinion whether new technology volunteered look termination language world hunger problems problem arcos contract drafted fix last friday sent kay comment included suggested changes attached redline forwarded fix end friday arcos asked kay still concern limit liability relates termination think works volunteered work article exhibit exhibit relation guarantees liquidated damages done attached redline exhibits time ago volunteered resurrect language associated reduction refund section sent couple weeks ago received reaction entered fix attached redline made several minor changes definitions associated performance attached version exhibits world hunger start clean rev version peter forwarded request attached redlined show changes sent except termination language fix suggest enron team give quick read world hunger call print share call unless objection hope help advance process earlier emails paul matt intended confuse situation different drafts please ignore purposes use attached files kay suggest forward others feel appropriate purposes world hunger call wednesday,Legal & Regulatory
<26106385.1075845910300.JavaMail.evans@thyme>,2220,333,Afternoon,yeah outside weekend yesterday painted one birdbaths pretty ugly grey concrete bath part blue yellow center flower bath paint base next weekend kayaking though ole norm partied little hard saturday night fly midland yesterday afternoon think eggplant died must planted new worthless dirt side kay mann kathleen carnahan enron enron subject confidentiality agreement thought yesterday planted eggplant plant pepper plant great weekend lived outside ckm kathleen carnahan kay mann corp enron enron subject confidentiality agreement still pretty nasty language huh mother day mulching party great day kay mann mark metts enron enronxgate timothy detmering hou ect john llodra corp enron enron david duran enron enronxgate lance schuler legal hou ect ect bcc kathleen carnahan enron subject confidentiality agreement gentlemen ews legal working john llodra east power origination concerning confidentiality agreement ameresco proposed transaction described follows potential power plant site development asset management services related island end generation project nominal combined cycle power generation facility proposed located everett massachusetts current draft contains language time signing agreement october neither party shall pursue proposed transaction without participation party unless party consents writing notifies party intend pursue proposed transaction accordance policy issue submitted review john contacted extension thank kay entire,Legal & Regulatory
<22610021.1075845910688.JavaMail.evans@thyme>,1178,151,Morning,fyi current list east development sites closing haywood mann tennessee site today kathleen rebecca walker scott churbock enron enron dave kellermeyer hou ect ect kathleen carnahan enron enron mathew gimble hou ect ect chris booth enron enron sharon hausinger enron enronxgate jeffrey keenan hou ect ect ron tapscott hou ect ect rusty stevens corp enron enron raimund grube corp enron enron rick whitaker enron enron fred mitro hou ect ect greg krause corp enron enron steven krimsky corp enron enron subject site bank report louise kitchen fyi ben jacoby going begin submitting periodic site status report louise kitchen attached original summary sent louise april template would like use subsequent reports work accounting update cost basis site please read status column sites responsible let know updates need made thanks rebecca,Financial & Accounting
<5270028.1075845910967.JavaMail.evans@thyme>,425,76,Night,kay based fact almost done project comments breakout contract units austin want remove combined cycle language live hope keep austin site specific basis conditions performance guarantees currently listed contract sent let know resist thanks eric,Legal & Regulatory
<937453.1075846015980.JavaMail.evans@thyme>,863,130,Afternoon,parker isabel isabel parker freshfields com kay mann enron com kay mann enron com gregorylang paulhastings com ccampbell kslaw com subject legal opinion mail confidential may well also legally privileged received error notice status please notify immediately reply mail delete message system please copy use purposes disclose contents person could breach confidence thank operation please contact helpdesk ext email ithelp freshfields com need assistance indifferent long whoever signs authorized incumbency certificate covering thanks isabel,Legal & Regulatory
<18751060.1075846016006.JavaMail.evans@thyme>,870,131,Afternoon,done parker isabel isabel parker freshfields com kay mann enron com kay mann enron com gregorylang paulhastings com ccampbell kslaw com subject legal opinion mail confidential may well also legally privileged received error notice status please notify immediately reply mail delete message system please copy use purposes disclose contents person could breach confidence thank operation please contact helpdesk ext email ithelp freshfields com need assistance indifferent long whoever signs authorized incumbency certificate covering thanks isabel,Legal & Regulatory
<5669361.1075846016983.JavaMail.evans@thyme>,882,135,Morning,accused carlos deal killer ckm ben jacoby ect sent ben jacoby ect carlos sole kay mann chris booth christopher calger david duran subject montana power spoke tom loberg montana power today regarding status discussions advised part merger deal northwestern corp required projects one contemplated required approval northwestern board montana presented project northwestern board today board declined grant approval tom declined provide insight course immediately begin pursue sales opportunities turbine fyi exclusivity agreement northwestern expires tomorrow regards ben,Legal & Regulatory
<22372442.1075846017698.JavaMail.evans@thyme>,1220,147,Morning,please calendar ben jacoby ect sent ben jacoby ect kay mann corp enron enron subject staff meeting welcome come bring friends lorie leigh ben jacoby hou ect ect scott churbock enron enron dave kellermeyer hou ect ect kathleen carnahan enron enron mathew gimble hou ect ect chris booth enron enron rebecca walker enron enron sharon hausinger enron enronxgate jeffrey keenan hou ect ect ron tapscott hou ect ect rusty stevens corp enron enron raimund grube corp enron enron rick whitaker enron enron fred mitro hou ect ect steve krimsky corp enron enron greg krause corp enron enron robert virgo hou ect ect shelby malkemes corp enron enron lisa zarsky hou ect ect glenn sloan enron enronxgate subject staff meeting mandatory staff meeting date tuesday may place time cst subject year date activity person required call snacks provided problems questions please feel free call thanks lorie leigh,HR & Internal
<26458897.1075846020969.JavaMail.evans@thyme>,515,92,Morning,greg steve since aewhite office next two half weeks volunteered cover power development work florida case numbers office home cell heads believe rose engeldorf global finance lawyer helps process documents vacation beginning june anything may need blessed probable done bit easily rose leaves thanks kay,Financial & Accounting
<23302014.1075846021805.JavaMail.evans@thyme>,427,57,Morning,okey dokey herman manis enron enronxgate kay mann corp enron enron lisa bills enron enronxgate roseann engeldorf enron enronxgate ben jacoby enron enronxgate subject llc structure power development enron may land lease project event may land burdened low dollar hard costs improvements materiality limits hard costs allowed,Energy Trading
<18186129.1075846023745.JavaMail.evans@thyme>,648,98,Afternoon,yes however could use electronic version one readily available pdf thanks kay genia fitzgerald ect kay mann corp enron enron subject black hills tolling agreement kay today gotten needed genia kay mann enron elizabeth sager hou ect ect genia fitzgerald hou ect ect subject black hills tolling agreement tolling arrangement work trying get hands black hills tolling agreement someone point right direction find thanks kay,Legal & Regulatory
<27490205.1075846024968.JavaMail.evans@thyme>,369,54,Afternoon,yippeee kathleen carnahan enron enronxgate kay mann corp enron enron subject news flash rusty stevens going entergy darn darn darn bet check references kathleen carnahan enron north america corp smith street houston phone fax,News & Media
<31447325.1075855246702.JavaMail.evans@thyme>,1555,282,Night,issues unclear impact drafting agreement setting heat rate gads daily average weekly average flat rate adjusted often comfortable permit restrictions determined deal fuel oil right making money gas right defn costs like yet fit picture date set exhibits would help theh commercial part team could send following words formulae defn method establishing bogey target production cost formula exhibit would great commercial team work determined deal imbalances part cost power setting bogey formula subject audit two bogeys one gas oil defn profit think general idea sentence two would helpful reality check costs included buy sell side stack model sentence two describing used updated exhibit facilities contracted resources operating limits information mdea need provide order split costs profits clear cities buy gas mdea buys sells power would great could get one set answers questions issues commercial buy around thanks kay,Legal & Regulatory
<21334395.1075857939213.JavaMail.evans@thyme>,636,88,Evening,attached pira latest api weekly comment questions regarding report content please contact gary ross email garyross pira com contact john graziano regarding pira report distribution address changes email support pira com note circulation api weekly comment outside client licensed distribution area strictly prohibited clients unsure licensed distribution require extension current license contact pira sales representative email sales pira com pira energy group pdf,News & Media
<21990821.1075857940309.JavaMail.evans@thyme>,911,136,Evening,may larry selected participate enron mid year performance management process providing performance feedback employee listed feedback plays important role process participation critical success enron performance management goals soon receive via email userid password login enron performance management system pep receive information may access pep http pep enron com login select complete feedback main menu questions please contact enron pep help desk houston option email perfmgmt enron com london option email pep enquiries enron com thank participation important process employee name couch charles huan xiaojun riordan sean,Energy Trading
<15277083.1075857938629.JavaMail.evans@thyme>,731,96,Morning,attached pira latest electricity daily demand forecast questions regarding report content please contact morris greenberg email morris pira com victoria watkins email vwatkins pira com contact john graziano regarding pira report distribution address changes email support pira com note circulation electricity daily demand forecast outside client licensed distribution area strictly prohibited clients unsure licensed distribution require extension current license contact pira sales representative email sales pira com pira energy group pdf xls,Energy Trading
<14106700.1075857943948.JavaMail.evans@thyme>,1024,171,Afternoon,critical migration information scheduled outlook migration date evening may need press save data button send pre migration information must connected network press button pop box appears prompting abort cancel trust signer please select trust signer information add personal address book journal calendar click button need manually added outlook migrated clicking button complete migration outlook migration completed evening migration date failure click button means get calendar contacts journal todo information imported outlook day migration could result week delay restore information encounter errors please contact resolution center,News & Media
<12718998.1075857943034.JavaMail.evans@thyme>,2296,275,Afternoon,may may scheduled system outages ardmore data center facility operations scheduled outages azurix scheduled outages data center facility operations scheduled outages edi server scheduled outages enron center south data center facility operations scheduled outages enron north american lans see original report field services scheduled outages internet scheduled outages messaging see original report market data scheduled outages scheduled outages scheduled outages systems also see original report impact ebs time fri thru fri fri thru fri sat london thru sat london outage cgmp removal msfcs ebs environments impacted ebs purpose possible fix multicast problems neal symms still reporting difficulties multicast tibco backout place cgmp back interfaces contact dennis mcgough sitara scheduled outages sun oss system scheduled outages telephony scheduled outages terminal server scheduled outages unify scheduled outages assistance enron resolution center specific help information risk management sap isc unify call pager sitara call pager rus gops geotools aprs pager oss tarp pager cpr pager edi support pager ees help desk,Energy Trading
<31306251.1075845246517.JavaMail.evans@thyme>,1145,191,Morning,ever wonder sports drink like gatorade work much exercise much want bulk muscles creatine safe weight gaining powders work diet pills join joel bloom enron espeak tuesday march answer questions many http ethink enron com bloom associate professor department health human performance university houston joel specializes biomechanics sports medicine aquatic therapy strong advocate bringing back physical activity public schools texas commission bicycle safety also published several books numerous articles sports performance exercise biomechanics injury prevention training programs bloom talk sports drinks water truths myths stretching truths myths myths abdominal exercises supplements risks benefits food label reading fact fiction breakfast breakfast join tuesday march espeak,HR & Internal
<8721411.1075845246944.JavaMail.evans@thyme>,781,104,Night,attached pira latest gas flash weekly questions regarding report content please contact greg shuttlesworth email greg pira com tom howard email tazh pira com richard redash email rich pira com nobu tarui email nobuo pira com jane hsu email jane pira com contact john graziano regarding pira report distribution address changes email support pira com note circulation gas flash weekly outside client licensed distribution area strictly prohibited clients unsure licensed distribution require extension current license contact pira sales representative email sales pira com pira energy group pdf,Energy Trading
<30361066.1075845247014.JavaMail.evans@thyme>,997,139,Morning,esource presents investext training investext offers immediate online delivery original image full text research reports world top investment banks market research firms trade associations product designed provide information need know particular company industry market training agenda includes general introduction querying company ticker order retrieve analyst reports querying via investexts free text module retrieve industry specific information including statistics economic indicators analysis trends forecasts surveys attend one investext clinics may may seats fill fast reserve seat please call stephanie taylor check esource training page http esource enron com training doc additional training sessions vendor presentations http esource enron com,Energy Trading
<10596748.1075845250117.JavaMail.evans@thyme>,661,99,Night,lawrence may pep system closes friday may records indicate selected reviewers please suggest list reviewers quickly possible feedback process cannot begin list reviewers reviewed approved supervisor suggest reviewers access pep http pep enron com select suggest reviewers main menu questions regarding prc process pep system please contact pep help desk houston option email perfmgmt enron com london option email pep enquiries enron com,Energy Trading
<14952987.1075845251571.JavaMail.evans@thyme>,484,69,Morning,dear ice participant per request set new user password following user ice larry may trader financial gas trader physical gas please call intercontinentalexchange atlanta helpdesk convenience receive mon fri est thank ken adams intercontinentalexchange llc riveredge parkway fourth floor atlanta office email ken adams intcx com,Energy Trading
<19099463.1075857945136.JavaMail.evans@thyme>,404,62,Evening,dear pira retainer client following current news analysis article published pira website world oil market tightening please http www pira com article found client section pira website need pira online account order gain access account information please contact jgraziano pira com best regards pira energy group,Energy Trading
<33402843.1075857945683.JavaMail.evans@thyme>,515,83,Night,organization announcement pleasure announce kenneth lovejoy joined enron corp asset operations reporting directly donnie willmann support central america caribbean ees ken year experience environmental health safety oil gas industry working enron since extensive international experience excited ken team please welcome ken new role henry van,Financial & Accounting
<5929983.1075843978842.JavaMail.evans@thyme>,628,113,Morning,attached first draft egm update org memo please take minutes review add necessary section return asap comments welcome well would like get friday evening early next week please hard copy brought incorporate changes changes memo still consideration need considered extremely confidential needs lot work filler also add one line update positive statement business intro line section thanks mike,News & Media
<14747777.1075843901838.JavaMail.evans@thyme>,700,107,Morning,reference expense report resubmitted changes please remove personal expense icon personal expense entries submit expense report payment final submission report line items reimbursed remain personal expenses removed personal expenses need included expense report personal expense icon used employees direct payment american express corporate card questions concerns please contact thank kerry harrington accounts payable kerry harrington enron com,News & Media
<26945724.1075843946563.JavaMail.evans@thyme>,852,151,Afternoon,hello mike name brian dawson work ena merchant finance heard speak adams mark hotel last week discussing future egm wanted let know may information might useful close friend vice president marketing purchasing rigid building systems located aldine westfield beltway years industry buying mills selling steel components contractors end users service centers discussing steel industry whole ideals identical know would right person information would like forward information someone else please let know thank consideration brian dawson,Financial & Accounting
<9349024.1075843953900.JavaMail.evans@thyme>,493,82,Afternoon,project name changed request corporate development concerned discovery project name could imply enron stuffed eott following current overview using update different disciplines involved transaction date calculations continue show net benefit egm due enron current economic ownership eott new updates fastrack sale regards larry,News & Media
<13031791.1075843952948.JavaMail.evans@thyme>,2093,378,Evening,follow sabic conversations doug great job pitching enron online answering questions pushed hard lunch next step get use enron online figure hesitant mohammad told think heard right equity investors chem connect quite simply know made mistake need time explain would invest one system want use another need follow letter touting need use enron online conflict chem connect another way continue solidify relationship late june operations planning group houston operations planning economics studies group headed vice president sadhan would like benchmark operations planning budgeting performance reporting looking broad overview think put together visit sells enron partner sabic people exposed better chance make roads work setting hour visit finally update saudi gas initiative know oxy enron invited kingdom sabic approached partner downstream portion project since time enron notify saudi oxy lead contribute equity directly participate segment project advisory role sign mou june looks like saudi reaction replace marathon causing heartburn oxy sort partnership shares oxy wanting drop talked oxy sabic think keep sabic partnership interest alive delicate situation right enron needs stay quietly side lines signing june,Energy Trading
<17416744.1075843953494.JavaMail.evans@thyme>,605,110,Morning,mike wanted close loop topic attached brief conclusion recommendation memo prepared eric gonzales sets issues previously briefly discussed discussed frevert fine request verbally advised duke lng position also meeting scheduled june attending mark think letter referenced memo necessary point questions please hesitate call neal,HR & Internal
<7469287.1075843953635.JavaMail.evans@thyme>,1037,181,Morning,good morning mike next issue newsletter works planned distribution set late june mark frevert requested executive letter rotated among presidents ews inside cover message words hope able squeeze busy schedule suggested outline want fill outline information happy turn letter overview ews egm move forward short term retrospective egm activities successes iii future plans initiatives egm strategic vision group opportunities expectations etc please feel free modify see fit attached greg whalley letter last issue give idea format let know anything help need letter june possible hope hear soon kathie grabstald ena public relations,News & Media
<20263234.1075843957495.JavaMail.evans@thyme>,1447,257,Evening,fyi consideration basil karampelas enron enronxgate mike mcconnell hou ect ect basil karampelas enron enronxgate subject resumes george damiris randy balhorn mike finally got george damiris resume attached well randy balhorn also attached think read randy impressed would far say smartest person knew koch see list accomplishments well dreyfuss electricite france agree would terrific addition enron global markets even better news regarding randy recently left dreyfuss due issues edf available immediately interested currently lives london think knows joe gold please let know would like anything help facilitate think george interested specific opportunity felt even better fit koch fact moving houston makes pretty easy keep discussions would say however choose among two would immediate impact hired enron would randy given experience thanks basil,News & Media
<29738856.1075843958242.JavaMail.evans@thyme>,628,113,Afternoon,per attached first draft egm update org memo please take minutes review add necessary section return asap comments welcome well would like get friday evening early next week please hard copy brought incorporate changes changes memo still consideration need considered extremely confidential needs lot work filler also add one line update positive statement business intro line section thanks mike,News & Media
<24197190.1075843958309.JavaMail.evans@thyme>,628,113,Morning,attached first draft egm update org memo please take minutes review add necessary section return asap comments welcome well would like get friday evening early next week please hard copy brought incorporate changes changes memo still consideration need considered extremely confidential needs lot work filler also add one line update positive statement business intro line section thanks mike,News & Media
<6349681.1075843958536.JavaMail.evans@thyme>,2607,411,Morning,sounds like plan eric key activities kurt lindahl mike mcconnell hou ect ect eric gonzales lon ect ect subject ken lay california understood next week meeting socal pge socal plan discuss storage capabilities take vaporized lng provide balancing service looking points could take gas system wanted fairly specific tip hand regarding project timing exact location socal scheduled release system study receive lng tomorrow requested meeting next friday san francisco jeff dasovich regulatory sandi mccubbin legislative explain concept get input thursday meet samuel wehn works dave parquet tell permitted power plants ask suggestions local law engineering firms plus see sam help instructions proceed planned kurt eric gonzales lon ect ect kurt lindahl subject ken lay california kurt agree eric california dangerous right would need something real bring attention steve kean really liked idea ready rock roll mike eric gonzales kurt lindahl mike mcconnell hou ect ect subject ken lay california kurt spoke ken roughly month ago regarding desire terminal west coast initial impression given climate new build asset approvals would extremely difficult preferred mexico import idea ask ken get involved think need least skeleton project eric kurt lindahl mike mcconnell hou ect ect eric gonzales ect subject ken lay california mike eric jody crook met afternoon robert neustadter review socal storage tariffs robert explained working flat prepare materials ken lay left morning jeff dasovich meet senior government officials california discuss solutions energy crisis might opportunity drop message working lng solutions hope get politicians support make definitive proposals kurt,Legal & Regulatory
<26503629.1075857389281.JavaMail.evans@thyme>,316,58,Morning,frank sorry disregard first message sent value alluded value one deal booked deal date value represents mtm value active deals sithe still working find deal like requested let know thanks errol,Financial & Accounting
<28153557.1075841236928.JavaMail.evans@thyme>,752,119,Night,organization announcement correction apologize confusion inconvenience mistake caused indicated kenneth lovejoy would supporting ees correct ken supporting oec corrected announcement provided pleasure announce kenneth lovejoy joined enron corp asset operations reporting directly donnie willmann support central america caribbean oec ken year experience environmental health safety oil gas industry working enron since extensive international experience excited ken team please welcome ken new role henry van,Financial & Accounting
<15662244.1075841237177.JavaMail.evans@thyme>,373,52,Night,payment status changed following report status last changed marie wallace expense report name report total amount due employee amount approved amount paid approval status approved payment status paid review expense report click following link concur expense http xms enron com,News & Media
<14638488.1075857406880.JavaMail.evans@thyme>,2806,419,Morning,errol per phone message please find mail previously sent april please review new deals originations requests information currently extreme priority complete quarterly gas testing please let know anything assist team gathering information thank mark austin darron giron enron com errol mclaughlin enron com kam keiser enron com david baumbach enron com phillip love enron com kathy reeves enron com sharon smith andersen jeffrey gossett enron com kate agnew andersen date mark austin houston subject march new deals originations request qtr outstanding info please find march request new deals originations documentation new deals could please provide forwards detail originations could please provide deal ticket confirmation forwards detail deal requested also please find attached revised version quarter testing checklist please review document outstanding items new tab added outlines requests additional quarter new deals detailed information curve shift applicable reports please provide top page five largest days within month days attributable change price change basis price please provide curve shift reports days attibutable reasons would like speak someone region gain understanding drivers type documentation would best reflect drivers information priority needed complete quarterly testing earnings release please let know questions comments best regards mark austin ext embedded image moved file pcx see attached file qtr testing checklist xls internet email confidentiality footer privileged confidential information may contained message addressee indicated message responsible delivery message person may copy deliver message anyone case destroy message kindly notify sender reply email please advise immediately employer consent internet email messages kind opinions conclusions information message relate official business firm shall understood neither given endorsed pcx qtr testing checklist xls,Energy Trading
<10138728.1075841239148.JavaMail.evans@thyme>,1428,189,Evening,fyi mechelle atwood enron enronxgate robert hall enron enronxgate jeffrey gossett hou ect ect bryce baxter hou ect ect wes colwell enron enronxgate john boudreaux andersen com john boudreaux andersen com smtp enronxgate kate agnew andersen com kate agnew andersen com smtp enronxgate nicole mendez enron enronxgate subject gas trading audit notification gas trading audit scheduled begin may expected take approximately two three months complete audit executed arthur andersen led kate agnew schedule opening meeting week may discuss audit scope concerns suggestions may objective audit determine whether procedures controls exercised activities adequate operating effectively results audit discussed appropriate personnel audit audit closing meeting endeavor conduct audit manner minimize interruption normal business activities look forward working personnel please call questions mechelle atwood director enron assurance services enron wholesale services location mechelle atwood enron com,Financial & Accounting
<6461088.1075857411049.JavaMail.evans@thyme>,782,124,Afternoon,resume review req phillip love position employee referral phone screened interested risk management position enron please review reply back mail yes interested candidate simon mok currently working pwc associate dispute economic analysis group currently assisted pwc development internet based software handles issues related hedging effectiveness derivative valuation reporting requirements fas proficient excel good visual basic current salary performance based bonus thanks imelda trevino human resources ext,HR & Internal
<31391306.1075855160079.JavaMail.evans@thyme>,509,83,Morning,organization announcement pleasure announce kenneth lovejoy joined enron corp asset operations reporting directly donnie willmann support central america caribbean ees ken year experience environmental health safety oil gas industry working enron since extensive international experience excited ken team please welcome ken new role henry van,Financial & Accounting
<29575599.1075855160152.JavaMail.evans@thyme>,752,119,Night,organization announcement correction apologize confusion inconvenience mistake caused indicated kenneth lovejoy would supporting ees correct ken supporting oec corrected announcement provided pleasure announce kenneth lovejoy joined enron corp asset operations reporting directly donnie willmann support central america caribbean oec ken year experience environmental health safety oil gas industry working enron since extensive international experience excited ken team please welcome ken new role henry van,Financial & Accounting
<16465814.1075857426024.JavaMail.evans@thyme>,523,74,Afternoon,andrea deals changed nymex swaps thanks errol andrea guillen ect sent andrea guillen ect errol mclaughlin corp enron enron laura vargas corp enron enron larry joe hunter hou ect ect subject received call bnp paribas two eol deals trader bnp talked dutch changing deals gas daily nymex please let know thanks angie,Energy Trading
<15695149.1075845261798.JavaMail.evans@thyme>,1061,187,Evening,patrice thanks call day copy contract written aux sable end user mind therefore differs typical pipe pipe contract aslp master inlet gas purchase agreement doc give call questions questions credit people contact gerry connor finance gerry talking jennifer shipohs may spelling wrong industrial group financial instruments credit another name number bob lee short term days less trader bob number look longer term arrangements days back bob away derek ashing aux sable patrice enron physical trader chicago bob questions posted enron online chicago person talk patrice number aslp master inlet gas purchase agreement doc,Legal & Regulatory
<31622419.1075858424356.JavaMail.evans@thyme>,372,53,Afternoon,addtional candidates consideration seung taek associate credit derivatives scott loving east logistics eric boyt gas structuring karen buckley enron enronxgate scott neal hou ect ect subject trading track candidate thanks sent note notifying requsting resume thx,Energy Trading
<32201081.1075858384383.JavaMail.evans@thyme>,2076,330,Evening,dear amazon customer someone purchased business investing books past might like know upcoming release microsoft office celebrate limited time offering free shipping order office suite upgrade make leap office addition better design efficient work experience home business use top three reasons upgrade new document recovery feature lets save files moment error message appears lose valuable documents spreadsheets database entries presentations task panes provide easy access important tasks one single integrated view context sensitive smart tags link names dates addresses phone numbers stock symbols need visit home office computing bookstore titles complement software purchase find microsoft software books handheld internet guides troubleshooting resources lots check microsoft store today discover even reasons upgrade office including buying guide pinpoint best version delay pre order copy secure free shipping office sincerely image gisele toueg business office editor software amazon com enjoy free shipping microsoft office suites save booksoffice inside office step step get upgrade sign get regular mail updates expert editors home office computing books hope enjoyed receiving message however rather receive future mails sort amazon com please visit amazon com account page account settings heading click update communication preferences link please note mail sent following address sneal enron com,News & Media
<26862218.1075858384461.JavaMail.evans@thyme>,703,127,Afternoon,deskheads would like hour team building session assistants receptionists clerks friday thing charged cost center cost lunch brought administrative staff know assistants usually friday holiday would like session start still day would require phones solo pilot starting please respond approval questions comments soon time permits set everything week many thanks ina rangel,HR & Internal
<22984725.1075858385994.JavaMail.evans@thyme>,372,53,Afternoon,addtional candidates consideration seung taek associate credit derivatives scott loving east logistics eric boyt gas structuring karen buckley enron enronxgate scott neal hou ect ect subject trading track candidate thanks sent note notifying requsting resume thx,Energy Trading
<24962508.1075845269200.JavaMail.evans@thyme>,671,110,Afternoon,stephanie dawn tara please help interested giving schedulers desk view access eol eol bridge monitor sitara something scott neal desk already blessed request end please let know need need talk anyone else thanks schedulers east desk kevin alvarado robert allwein shanna boudreaux tamara carter joe casas joann collins sabra dinari clarissa garcia steve gillespie already access lia halstead meredith homco victor lamadrid already access kelly loocke scott loving chris ordway robert ramirez christina sanchez tracy wood,Energy Trading
<9643126.1075858408106.JavaMail.evans@thyme>,1233,146,Afternoon,would like joe casas currently east logistics participate interview process john lavorato enron enronxgate phillip allen hou ect ect john arnold hou ect ect berney aucoin hou ect ect mark dana davis hou ect ect chris gaskill enron enronxgate doug gilbert smith corp enron enron mike grigsby hou ect ect rogers herndon hou ect ect louise kitchen lon ect ect john lavorato enron enronxgate thomas martin enron enronxgate mcmichael hou ect ect scott neal hou ect ect kevin presto hou ect ect jim schwieger enron enronxgate hunter shively enron enronxgate fletcher sturm hou ect ect martin thomas enron euenronxgate lloyd hou ect ect karen buckley lon ect ect neil davies enron enronxgate subject thinking another interview session trading tract later month screening outside resumes internally received many suggestions people already enron think anyone could qualify send name karen buckley enough candidates wait new analysts associates arrive session lavo,Energy Trading
<1589635.1075845275130.JavaMail.evans@thyme>,808,109,Night,esource presents sdc platinum training sdc platinum offers detailed transactional information new issues mergers acquisitions syndicated loans private equity strategic alliances project finance others product designed allow users compare transactions evaluate advisors analyze market industry trends training agenda includes general introduction basic query techniques new issues databases basic query techniques trend analysis attend sdc platinum clinic may seats fill fast reserve seat please call stephanie taylor check esource training page http esource enron com training doc additional training sessions vendor presentations http esource enron com,Financial & Accounting
<26807091.1075845272126.JavaMail.evans@thyme>,732,96,Afternoon,attached pira latest electricity daily demand forecast questions regarding report content please contact morris greenberg email morris pira com victoria watkins email vwatkins pira com contact john graziano regarding pira report distribution address changes email support pira com note circulation electricity daily demand forecast outside client licensed distribution area strictly prohibited clients unsure licensed distribution require extension current license contact pira sales representative email sales pira com pira energy group pdf xls,Energy Trading
<10238532.1075858411956.JavaMail.evans@thyme>,1223,189,Evening,neal scott selected participate mid year performance management process feedback plays important role process participation critical success enron performance management goals complete request feedback access pep http pep enron com select complete feedback main menu may begin providing feedback immediately requested feedback forms completed friday may questions regarding pep responsibility process please contact pep help desk houston option email perfmgmt enron com london option email pep enquiries enron com thank participation important process following cumulative list employee feedback requests status open submitted declined employee request feedback name longer appear list note receive message time selected reviewer employee name chavez alejandra keiser kam knippa mark lamadrid victor superty robert tian yuan,Energy Trading
<15426309.1075842578049.JavaMail.evans@thyme>,343,51,Afternoon,gerald nothing western best knowledge kay enron capital trade resources corp gerald nemec kay young hou ect ect subject conflict check asap kay please review attached data sheet let know problems thanks,Financial & Accounting
<12572099.1075842797248.JavaMail.evans@thyme>,374,59,Afternoon,gerald attached nwpl proposed facilities agreement still working final scope costs thought might want take look idemnification governing law etc etc also hard copy agreement ken working grand valley power final costs determined deliver copy office dave,Legal & Regulatory
<10186950.1075842797639.JavaMail.evans@thyme>,480,82,Afternoon,meeting burlington cypresswood way north approx road trip back town become girly wimp late night tell later however hope get together dinner wedns nite pick seafood tex mex steaks italian good make casual look forward getting caught talkin deals devon booty rock,HR & Internal
<17941940.1075842592407.JavaMail.evans@thyme>,2706,428,Afternoon,matt got ideas mom works mrs stater whose daughter international stewardess united kristin stater maybe able get contact locate quicker sandoms mail address gillassa fairfield call county courts get judges office number know court presides family court criminal civil etc never heard jeff company sounds like fairly small operation eric gillaspie enron building matt gillaspie matt gillaspie brentonbank com eric gillaspie mail eric gillaspie enron com subject europe believe much difficulty contacting european friends london friend father judge los angeles county phone address unlisted know anyone would know information sent letter united airlines works chicago asking forward letter london base linda see russian friend parents moved away downey calif know plus last name castro hundreds california sent letter church downey ron evangelizing asking forward letter russia mail mail address neither seems work even though correspond couple times year know church russia overthrown locals keep posted lovely bride getting new roommate summer hear sounds like pretty good opportunity jeff austin heard company around matthew gillaspie nasd registered series fixed income trading ingersoll brenton investments inc ingersoll avenue des moines matt gillaspie brentonbank com tax equivalent yields may noted estimates may take consideration unique qualities bonds clients tax situation client consult tax preparer attorney determine tax equivalent specific income situation brenton investments inc wholly owned subsidiary brenton bank investment insurance products offered brenton investments inc fdic insured deposits obligations bank guaranteed bank involve investment risk including possible loss principal,Legal & Regulatory
<14160717.1075842798613.JavaMail.evans@thyme>,1123,131,Morning,gillaspie matthew pjc com gerald nemec gnemec enron com subject des moines iowa hot hollywood action know cuzin eric new mail pass weekend buckcherry one bands playing local radio station memorial day bash guess guys came des moines wrong weekend matthew gillaspie public finance associate bancorp piper jaffray walnut street ste des moines iowa pjc com http www piperjaffray com investment products purchased bancorp piper jaffray fdic insured bank guarantee may lose value http www piperjaffray com disclosure asp see additional disclosure information,Financial & Accounting
<11772213.1075842798906.JavaMail.evans@thyme>,520,80,Afternoon,wanted make sure latest docs discussed barry mddq section changed since version gerald nemec barry tycholiz enron enronxgate subject revised docs barry attached redlines docs changes discussed today please pay special note maximum daily deliverability quantity confirm want discuss limits flexibility section needs please review lets discuss,News & Media
<22670201.1075842801000.JavaMail.evans@thyme>,1022,149,Night,expense reports taken training expense management system xms cost june june expense management system xms tool used electronically submit expense report approval payment enron intranet user friendly accurate less labor intensive accounting staff system help report travel entertainment expenses learn create new expense reports enter cash expense receipts adding company card entries enter personal car mileage foreign currency translation reimbursement method designating approving manager designating administrative assistant submitting expense report reviewing expense report much please login enroll investinme website http www corptraining com index cfm company enron questions please call,Financial & Accounting
<1050135.1075842593061.JavaMail.evans@thyme>,699,120,Afternoon,bruce attached information property settlement sorry took long still missing lisa vehicle vin loan information vehicle fill review paperwork drafted gerald car vin loan gerald car loan usaa house description banks houston house loan washington mutual loan stock options transferred lisa gerald options grant price per share options grant price per share let know need anything else think ready review doc soons get done thanks,Energy Trading
<36836.1075858570114.JavaMail.evans@thyme>,517,90,Night,gerald documents questar open seasons stephanie discussed since precedent agreements binding would like put sort contingency clause give enron potential unfortunately pas pdf format may need write whatever language need denver office meeting questar tuesday wednesday discuss open season details touch base good holiday weekend phil,HR & Internal
<7582001.1075842804765.JavaMail.evans@thyme>,673,113,Afternoon,gerald term sheet submitted oakhill time reflect following units rated hanover expected package install finance ecs contract ecs basically lease purchase hanover hanover provide maintenance contract term defined cost working cost hanover power provider rusk county electric cooperative rate structure special structure whereby rcec commits term fixed fixed generation fixed ancillary services ees ena basically bid providing power swepco rcec,Legal & Regulatory
<27025267.1075842806869.JavaMail.evans@thyme>,480,82,Afternoon,meeting burlington cypresswood way north approx road trip back town become girly wimp late night tell later however hope get together dinner wedns nite pick seafood tex mex steaks italian good make casual look forward getting caught talkin deals devon booty rock,HR & Internal
<7015833.1075842809683.JavaMail.evans@thyme>,1290,210,Afternoon,attached letter additional terms seller shall provide informal pricing information buyer regular basis buyer seller agree mechanism facilitate process pricing various risk management products provided request customer customer exposed daily prices even ofo periods seller provide accounting services handle payables transportation capacity therefore provide consolidated statement gas supply transportation seller prepared work buyer manage new acquisitions take place course agreement however seller maintains right reprice products services provided agreement acquisition materially affects scope original offer selected three year deal however termination language need negotiated wait mike grigsby get back determine language terminate one two years required pay difference demand charge period provided service please let know else help facilitate process thanks kim,Legal & Regulatory
<17668969.1075842811155.JavaMail.evans@thyme>,707,111,Afternoon,attached revised credit watch listing week please note upstream energy services llc upstream energy company placed trades also bethlehem steel corporation westlake petrochemical corporation new additions require credit approval personnel group included distribution please insure receive copy report add additional people distribution report sent error please contact veronica espinoza questions please contact jason williams russell diamond veronica espinoza,News & Media
<17361403.1075842634675.JavaMail.evans@thyme>,438,72,Afternoon,wanted advise researching term receipt delivery points volumes associated rates two entex contracts transporting total forwarded original contract amendments gerald nemec review confirming current term rate language volumes transport points keep advised know contracts,Legal & Regulatory
<17921408.1075842633890.JavaMail.evans@thyme>,1246,216,Afternoon,danny see table also attached worksheet adjusted estimated value projects however appraised value trust exercises put option condor give trust appraised fmv give adjusted estimated value done ene pay interest accrued notes certificates paid condor regards ongoing equity obligation ene take responsibility condor cris accounting perspective concern would like ene pay interest ongoing equity obligation possible would reduce interest expenses pay condor however want achieve overall objectives keep assets balance sheet create negative funds flow maintain flexibility fas perspective sale northern border katie could find ongoing equity obligations ene portion powder presume none would like reconfirmed wind thanks ranabir,Financial & Accounting
<5152168.1075842635081.JavaMail.evans@thyme>,1271,187,Afternoon,fyi snider comments eric gillaspie enron building steve hpl schneider eric gillaspie hou ect ect james haden hou ect ect subject interconnect agreement ferguson pipeline exhibit suggested needs sync gas quality specifications copy get shawna made change jim haden needs review exhibit total changes thay requested fine please send redrafts completed dan kruger dan kruger lcra org eric gillaspie enron com james haden enron com steve hpl schneider enron com subject interconnect agreement ferguson pipeline like interconnect agreement sent modifications also included mesurement quality exhibit think incorporate may suggested changes regard exhibit another matter need good faith cost estimate enron constructing tap facilities need order issue purchase order please review get back thanks enron lcra interagree doc exhibitb interconnect doc,Legal & Regulatory
<13160618.1075842910615.JavaMail.evans@thyme>,564,80,Afternoon,becky spencer sandi braband hou ect ect gerald nemec hou ect ect steve van hooser hou ect ect subject comments needed lavon wilson comments needed lavon wilson sat pat radford desk please return soon possible thank becky excellent average average average poor initiative cooperation punctuality attendance quality work would request person comments,Energy Trading
<6515040.1075842911237.JavaMail.evans@thyme>,550,95,Morning,greg attached redlined version interconnect agreement comments incorporated make revision comments please review forward brazos valley reps concerns credit standing concerning know magnitude cost hpl facilities need make sure get stuck cost might want ask cash front make whole facilities completed made changes reflects thoughts,Legal & Regulatory
<18994023.1075842912421.JavaMail.evans@thyme>,1075,166,Morning,public relations enron sent public relations enron enron worldwide subject jeff skilling cnn weekend public relations several opportunities next days see taped interview jeff skilling players segment business unusual program captures insights world prominent corporate leaders business unusual appear cnn networks select regions around globe jeff discuss enron destined world leading company developing culture rewards change principles loose tight organization broadcast schedule cnn saturday may pacific standard time sunday may central standard time cnnfn monday friday may central standard time cnn international europe saturday may cet sunday may cet asia saturday may latin america saturday may sunday may,HR & Internal
<22800971.1075842912928.JavaMail.evans@thyme>,520,80,Afternoon,wanted make sure latest docs discussed barry mddq section changed since version gerald nemec barry tycholiz enron enronxgate subject revised docs barry attached redlines docs changes discussed today please pay special note maximum daily deliverability quantity confirm want discuss limits flexibility section needs please review lets discuss,News & Media
<22132561.1075842913569.JavaMail.evans@thyme>,357,57,Evening,accepted suggested revision article agency management agreement attached new executable language revised also attached execution gas purchase confirm associated gtc gas purchase monday june gtc revised remove per mmbtu liquidated damages thanks,Legal & Regulatory
<2370713.1075842678592.JavaMail.evans@thyme>,699,120,Afternoon,bruce attached information property settlement sorry took long still missing lisa vehicle vin loan information vehicle fill review paperwork drafted gerald car vin loan gerald car loan usaa house description banks houston house loan washington mutual loan stock options transferred lisa gerald options grant price per share options grant price per share let know need anything else think ready review doc soons get done thanks,Energy Trading
<30833206.1075845276687.JavaMail.evans@thyme>,648,102,Morning,enron oral history project continues using history help enron become world leading company understanding strategic choices regulatory change corporate culture help enron achieve vision speaker joseph pratt cullen professor history business university houston director enron oral history project thursday june make reservation call select option lunch provided welcome bring please inform ahead time need special accommodations participate meeting call,Legal & Regulatory
<1080721.1075841358059.JavaMail.evans@thyme>,772,110,Night,want update new development related bankruptcy efforts structure new company enron sale agreement northwest natural gas sell portland general electric terminated termination mutual decision company northwest natural subject bankruptcy court approval bankruptcy added unforeseeable complications prohibited sale completed originally structured sale agreement terminated plan move forward pge part existing energy asset platform continuing evaluate options related pge read press release click following link http www enron com corp pressroom releases ene html,Legal & Regulatory
<27123534.1075841358731.JavaMail.evans@thyme>,1330,209,Evening,workout energized feel refreshed get body shop fitness center private club fraction cost celebrate national employee health fitness week join complimentary guest week may complimentary guest visit available enron ubs employees enron contractors retirees interns spouses dependents years old special health fitness presentations day monday nutrition joel bloom tuesday spinal assessments back track wednesday massage therapy massage body soul thursday damaged skin detection dermascan friday fad diets work amy carlson body composition blood pressure checks body shop fit staff operating hours monday thursday friday group exercise classes start may lunch classes scheduled daily monday boot camp tuesday cycles action wednesday power yoga thursday body sculpting friday cardio blast classes offer cycling bikes dumbbells body bars balls steps exercise tubes guests must complete brief health history questionnaire release liability waiver first visit guests must also present badge visit,Energy Trading
<4690946.1075841384070.JavaMail.evans@thyme>,1136,194,Afternoon,since opco proposal became public media others assumed enron new name opco mistake opco temporary name said employees opportunity participate naming new company chance beginning process name corporation would essentially energy asset holding company individual assets within proposed holding company would adopt new name continue use existing names transwestern pipeline northern border partners portland general electric elektro others names familiar reputible within respective markets submit name names consideration send email ideas office chief executive anytime end june next months narrowing list making selection announce chosen name later year know outcome opco auction process hope fun look forward seeing ideas steve cooper,Financial & Accounting
<19948802.1075858439640.JavaMail.evans@thyme>,933,148,Afternoon,david would work better please check others day convenient thanks susan david moss citymgr southside place org susan pereira enron com susan pereira enron com subject comprehensive planning rfp submittals susan staff received following rfp documents civic design wilbur smith associates vernon henry associates leaving copy rfp house evening three days required public posting staff would like schedule meeting members review score written proposals would available may budget workshop council scheduled may interviews scheduled may please advise staff available dates would happy mail members based upon comments dnm,HR & Internal
<31058521.1075842289034.JavaMail.evans@thyme>,676,89,Morning,please see david dupre debra perlingiere hou ect ect subject large physical contracts would please forward recent spreadsheet updates etc thanks david enron capital trade resources corp debra perlingiere russell diamond hou ect ect veronica espinoza corp enron enron david dupre hou ect ect connie sutton hou ect ect subject large physical contracts inadvertently gave notice meeting may friday correct date thursday sorry confusion,Financial & Accounting
<19310748.1075842289685.JavaMail.evans@thyme>,723,111,Afternoon,debra perlingiere jeffrey hodge hou ect ect stacy dickson hou ect ect dan hyvl hou ect ect subject gisbs update recent activities regarding gibss list currently negotiating pass handling entergy power marketing entergy power inc gisbs execution con energy drafts sent customer review keyspan ravenswoods draft sent customer review southern cal gas currently reviewing draft give following requests handling virginia power services energy corp inc arizona public service kinder morgan meet discuss,Energy Trading
<31231494.1075842417308.JavaMail.evans@thyme>,385,60,Morning,behest alan ehlers sean boyle forwarding review attached gisb upon review please hesitate contact questions may regarding matter regards debra perlingiere enron north america corp legal department smith street houston texas dperlin enron com phone fax,Legal & Regulatory
<16945390.1075842418138.JavaMail.evans@thyme>,465,71,Morning,priest attached review draft master firm purchase sale agreement enron north america corp public service commission yazoo city please hesitate give call questions comments may regarding matter regards debra perlingiere enron north america corp legal department smith street houston texas dperlin enron com phone fax,Legal & Regulatory
<5702929.1075854847537.JavaMail.evans@thyme>,1538,151,Night,melodick enron enronxgate allen enron enronxgate john arnold enron enronxgate harry arora enron enronxgate berney aucoin hou ect ect edward baughman enr enronxgate tim belden enron enronxgate christopher calger enron enro nxgate mark dana davis hou ect ect joseph deffner enron enronxgate dav duran enron enronxgate mike grigsby enron enronxgate rogers herndon ect ect scott josey enron enronxgate fred lagrasta enron enronxgate ura luce corp enron enron richard lydecker enron enronxgate thomas mart enron enronxgate mcmichael hou ect ect miller enron enronxgate michael miller enron enronxgate rob milnthorp cal ect ect jean mrha ron enronxgate scott neal hou ect ect kevin presto hou ect ect brian edmond enron enronxgate hunter shively enron enronxgate fletcher stur hou ect ect john thompson lon ect ect carl tricoli enron enronxgate rry tycholiz enron enronxgate frank vickers enron enron max yzaguirr enron enron doug gilbert smith corp enron enron ben jacoby hou ect lavorato enron enronxgate louise kitchen hou ect ect jeanie slone enron enronxgate subject prc meeting date please mark calendars ena commercial prc meeting held july meeting invitation substitutions additions permited without permission john lavorato information follow,HR & Internal
<14580254.1075854849053.JavaMail.evans@thyme>,369,60,Evening,great trading asset fixed costs enormous entire value proposition based upon mwh spread peak peak clearly today view spread collapses time due dsm real time pricing true hourly price signals pool based markets look asset recognize fixed costs huge,Financial & Accounting
<14615756.1075854849350.JavaMail.evans@thyme>,514,73,Night,highly confidential enron north america corp kevin presto rogers herndon hou ect ect subject east position report warren prihoda ees kevin presto hou ect ect subject east position report per black request attached east position report also delivering hard copies report questions please let know thanks,News & Media
<21481199.1075854849504.JavaMail.evans@thyme>,309,50,Night,warren prihoda ees kevin presto hou ect ect subject east position report per black request attached east position report also delivering hard copies report questions please let know thanks,News & Media
<13491426.1075857801464.JavaMail.evans@thyme>,1155,179,Afternoon,quenet joseph selected participate mid year performance management process feedback plays important role process participation critical success enron performance management goals complete request feedback access pep http pep enron com select complete feedback main menu may begin providing feedback immediately requested feedback forms completed friday may questions regarding pep responsibility process please contact pep help desk houston option email perfmgmt enron com london option email pep enquiries enron com thank participation important process following cumulative list employee feedback requests status open submitted declined employee request feedback name longer appear list note receive message time selected reviewer employee name misra narsimha,Energy Trading
<18651678.1075841480020.JavaMail.evans@thyme>,1120,179,Night,bob sounds good page sent work maybe need cookie temporary basic specs robert anderson enron enronxgate cdt cooper richey cal ect ect subject new production web server cooper thought might interested update web server activities plan point purchase new production server keep existing system development server file server looking http www directpluspro compaq com printconfig asp dcpqsid beid planning purchase two identical course plan one mirror balance load also event problem one function independent idea literally shut one without web site going exciting also able upgrade simply slapping new pizza box quite intriguing comments might welcome bob,Financial & Accounting
<345231.1075841480361.JavaMail.evans@thyme>,460,65,Night,try give guys call weekend fun love coop enron capital trade resources corp richey holly prc com cooper richey enron com cooper richey enron com subject weather weekend sounds like need say hello coz great time plan talk mid week next week luv mom,Financial & Accounting
<13445612.1075841480611.JavaMail.evans@thyme>,740,126,Morning,sent check reserve spot may take get canada please keep mind thanks cooper enron capital trade resources corp piedmont yoga studio pys piedmontyoga com cooper richey enron com subject rod retreat maui apr cooper spaces going fast get check soon reserve spot send deposit piedmont yoga studio box oakland brochure fill registration form make sure address phone number send brochure later hope come along lisa wrote,Financial & Accounting
<10620674.1075841480980.JavaMail.evans@thyme>,522,72,Night,oops http www golftherockies net enron capital trade resources corp richey holly prc com cooper richey enron com cooper richey enron com subject calgary plans link two nights banff would good calgary vice versa easier get teetimes banff week twilight let dad take nap afternoon party luv mom,Financial & Accounting
<11632028.1075857155896.JavaMail.evans@thyme>,941,139,Evening,recently jeff mcmahon executive vice president treasurer enron corp accepted position chief commercial officer enron net works jeff many accomplishments enron global finance egf include billion closed financings upgrade enron credit rating moody wish jeff well new endeavor ben glisan vice president head egf structured finance business assume jeff responsibilities vice president treasurer enron corp ben joined enron arthur andersen responsible managing structured transactions enron prior arthur andersen ben worked coopers lybrand providing accounting finance services principally financial institutions ben member enron corp executive committee additional details regarding egf organizational changes please see attached memo,Financial & Accounting
<7924242.1075857158088.JavaMail.evans@thyme>,801,132,Afternoon,attached revised updated weekly cost report please review changes summarized call questions thanks amy wilton gleason projects current forecast overstated amounts paid nepco april resulted significant erroneous variance million words reduce forecast amount payment unapproved acceleration scope change lincoln approximately million broken separately consistent projects separate variance explanation eecc fixed fee million per project removed original budget current forecast requested dave delainey,News & Media
<8716853.1075857158200.JavaMail.evans@thyme>,1650,260,Afternoon,new plano numbers revised homestead numbers please use discussion model purposes client conversations indicative cost numbers give call questions thanks ben bruce golden benjamin rogers ect subject plano homestead ben revised plano late yesterday adjusted lowell mass nepco estimate changed format closely match homestead form biggest differences tween original plano original homestead homestead dual fuel homestead additional piling foundation bulks homestead connecting complicated line config homestead fpl substation homestead need much gas pipeline homestead used margin homestead lower capacity due additional chilling capital cost change differences original plano new plano nepco estimated union job lowell impacts indirects upward construction earlier guesstimate doubled cost per manhour nepco also additionally added manhours productivity loss additionally moved new plano margin new homestead went due raw water pretreatment first stage dropped substation cost total estimated cost went coupla million numbers still used screening commitment summaries passed around bruce,Financial & Accounting
<14352048.1075857174684.JavaMail.evans@thyme>,1048,181,Evening,ben thomas suffield determined discussions accounting group project cost methodology used genco assets unless compelling reason need conform florida model model already accepted methodology used organization used basis upon determine accrual income existing merchant portfolio iii result favorable cost profile terms month methodologies please let know issues relative approach please adjust florida model provide results mike need present delainey friday would also helpful bid ask desk term presentation lastly fyi released icf kaiser prepare forecast specific configuration steam turbine use compare forecasted cost basis model thanks ben,Financial & Accounting
<9630516.1075857174727.JavaMail.evans@thyme>,564,101,Afternoon,ben wisconsin public service deal wps please consider following one sited near green bay wisconsin configured combined cycle mode hrsg output industrial customer wps key questions heat rate rating turbine site conditions degrees winter degrees summer water consumption sprint verses water injection year fixed gas price chicago starting baseload volume mmbtu,Energy Trading
<9266220.1075857192863.JavaMail.evans@thyme>,1421,258,Afternoon,maybe message garbled stg probably two ccgt nominally based pittsburg ccgt california includes real epc contractor margin contingency match nepco third parties might bid would nominally think works based pricing adjust market price higher lower honestly seen price see prices asia appeared lower per kilowatt hot market maybe premium due better heat rate larger unit size would suggest called john garrison see current pricing delivery also see performance might touch better maybe two year old model want get estimate nepco benchmark estimator would need charge number tasking letter bruce benjamin rogers ect bruce golden subject mhi still looking capital costs plant texas comprises stg currently using total project cost number comes thanks ben,Financial & Accounting
<28118162.1075857193019.JavaMail.evans@thyme>,1276,204,Afternoon,ben revised plano late yesterday adjusted lowell mass nepco estimate changed format closely match homestead form biggest differences tween original plano original homestead homestead dual fuel homestead additional piling foundation bulks homestead connecting complicated line config homestead fpl substation homestead need much gas pipeline homestead used margin homestead lower capacity due additional chilling capital cost change differences original plano new plano nepco estimated union job lowell impacts indirects upward construction earlier guesstimate doubled cost per manhour nepco also additionally added manhours productivity loss additionally moved new plano margin new homestead went due raw water pretreatment first stage dropped substation cost total estimated cost went coupla million numbers still used screening commitment summaries passed around bruce,Financial & Accounting
<7610027.1075857193178.JavaMail.evans@thyme>,801,132,Afternoon,attached revised updated weekly cost report please review changes summarized call questions thanks amy wilton gleason projects current forecast overstated amounts paid nepco april resulted significant erroneous variance million words reduce forecast amount payment unapproved acceleration scope change lincoln approximately million broken separately consistent projects separate variance explanation eecc fixed fee million per project removed original budget current forecast requested dave delainey,News & Media
<18841938.1075852093766.JavaMail.evans@thyme>,664,99,Morning,benjamin rogers pep system closes friday may records indicate selected reviewers please suggest list reviewers quickly possible feedback process cannot begin list reviewers reviewed approved supervisor suggest reviewers access pep http pep enron com select suggest reviewers main menu questions regarding prc process pep system please contact pep help desk houston option email perfmgmt enron com london option email pep enquiries enron com,Energy Trading
<27221484.1075857279970.JavaMail.evans@thyme>,982,150,Evening,stuart zisman miller hou ect ect lance schuler legal hou ect ect jordan mintz hou ect ect subject revised term sheet attached term sheet originally drafted lance revised following ways concept aggregate consideration supported letter credit otherwise payable cash added bracketed questions comments relating purchaser potential ability effect tax free contribution without requiring establishment issuer holding company request confirmation non compete arrangements development opportunities deleted jordan please advise problematic doyle calumet facilities removed annex entity names wheatland lincoln sites inserted please call asap questions comments stuart,Legal & Regulatory
<24740510.1075857280387.JavaMail.evans@thyme>,852,161,Afternoon,thomas mike may already asked want make sure page determine order support greenfield merchant decision making process need price forecasts following locations configurations florida simple cycle mode plus steam turbine combined cycle mode charles parrish south simple cycle mode chicago area abb simple cycle mode simple cycle mode ameren aec interface missouri simple cycle mode please let know proceed order obtain forecasts soon possible perhaps thomas take lead dealing consultants make intro thanks much ben,Energy Trading
<5266482.1075857237923.JavaMail.evans@thyme>,755,101,Afternoon,confidentiality agreement jerry vennemann sent cinergy lets talk soon get time thanks ben jvennemann cinergy com cinergy com sent kkennedy cinergy com benjamin rogers enron com mcyrus cinergy com subject confidentiality agreement following conversation attached revised draft confidentiality agreement blacklined show changes agreement provided michael cyrus last week please call comments questions may confidentiality agreement enron north america corp cinergy services inc doc confidentiality agreement enron north america corp cinergy services inc doc,Legal & Regulatory
<16087156.1075857238380.JavaMail.evans@thyme>,1650,260,Afternoon,new plano numbers revised homestead numbers please use discussion model purposes client conversations indicative cost numbers give call questions thanks ben bruce golden benjamin rogers ect subject plano homestead ben revised plano late yesterday adjusted lowell mass nepco estimate changed format closely match homestead form biggest differences tween original plano original homestead homestead dual fuel homestead additional piling foundation bulks homestead connecting complicated line config homestead fpl substation homestead need much gas pipeline homestead used margin homestead lower capacity due additional chilling capital cost change differences original plano new plano nepco estimated union job lowell impacts indirects upward construction earlier guesstimate doubled cost per manhour nepco also additionally added manhours productivity loss additionally moved new plano margin new homestead went due raw water pretreatment first stage dropped substation cost total estimated cost went coupla million numbers still used screening commitment summaries passed around bruce,Financial & Accounting
<6544437.1075845280252.JavaMail.evans@thyme>,2126,259,Night,dear alumni please see analyst opportunity candle corporation segundo interested please respond sherri bliss contact information listed directly thank lorie sherri bliss recruiter alumnus candle corporation douglas avenue segundo phone candle com fax candle corporation one world largest independent global software services companies operating countries candle develops markets products services enable companies create integrate manage measure effectiveness businesses candle recognized leader solutions providing speed agility mandatory success business world job description analyst perform periodic reporting analysis long range annual planning variance analysis providing key financial analytical support assigned business unit department hoc reporting analysis expense forecasting financial modeling providing assistance support team members needed responsibilities include competitive analysis business modeling business unit profitability analysis executive management presentations required skills ability integrate high level computing skills particularly microsoft excel access solid understanding business strategy operations detail oriented ability handle multiple tasks minimum three years experience planning analysis ability work independently team member bachelors degree finance accounting mba hyperion peoplesoft preferred years post mba experience position located segundo mba career management center anderson school ucla entrepreneurs hall phone email career management center anderson ucla edu web http www anderson ucla edu,Financial & Accounting
<22103624.1075859510651.JavaMail.evans@thyme>,1588,223,Afternoon,enron capital trade resources corp kathy seaman kseaman eei org please respond wholesale electric contract standardization group contract eei org wholesale electric contract standardization group contract eei org bcc elizabeth sager hou ect subject june meeting contract standardization group please advised meeting june entire standard contract group confirmed take place tuesday june eei offices pennsylvania avenue washington revised contract agenda forthcoming plan attend meeting please inform kathy seaman respond message using mail program replyto function questions concerns reach kathy andy katz meantime attached entire group petition exemption filed cftc may requesting certain electric energy contracts exempted cftc jurisdiction commodities exchange act cea cea contains exemption energy contracts purchase sale oil natural gas products certain characteristics petition asks similarly situated electric energy contracts included exemption information petition contact michael hindus cameron mckenna llp mhindus cmckenna com version doc,Legal & Regulatory
<24730808.1075859510805.JavaMail.evans@thyme>,648,85,Morning,brenda please print thanks enron capital trade resources corp apena andrews kurth com rodney malcolm hou ect elizabeth sager hou ect scott healy hou ect stuart zisman hou ect subject term sheets power purchase agreements attached blacklined clean copies revised drafts term sheets power purchase agreements project everest drafts incorporate changes recently discussed please call additional changes need made thanks hal doc doc doc doc,Financial & Accounting
<25286552.1075853412646.JavaMail.evans@thyme>,1508,196,Morning,mike tierney sempra asks question perfecting security interest eei contract give answer thanks received sempra com mail eei org wed may received sempra com localhost sempra com smtp microsoft exchange internet mail service version wed may received sempra com interscan mail viruswall wed may pacific daylight time received sdge sdge com internet mail service wed may message sdge sdge com tierney michael mtierney sempra com katz andrew eei akatz eei org subject eei ppa date wed may mime version mailer internet mail service content type multipart mixed boundary attached copy section eei agreement told get security interest created section party would perfect interest making ucc filing variety states people michael tierney sempra energy law department ash street san diego fax mail mtierney sempra com doc doc,Legal & Regulatory
<6315950.1075853416124.JavaMail.evans@thyme>,1241,174,Afternoon,carol clair phone fax carol clair enron com james keller ees jeffrey hodge hou ect ect carol clair hou ect ect deborah asmus hou ees ees subject electric energy sales services agreement doc carol one deals list discussed morning since fastest track need discuss meeting tomorrow cathy coordinate set time jim deborah asmus james keller hou ees ees subject electric energy sales services agreement doc katz aaron katz aaron corp sysco com dasmus enron com dasmus enron com taylor terry taylor terry corp sysco com berke kent berke kent corp sysco com subject electric energy sales services agreement doc debbie attached draft referenced agreement redlined reflect sysco comments draft reviewed completely sysco business people remains subject additional comments see aaron electric energy sales services agreement doc,Legal & Regulatory
<21342086.1075853416882.JavaMail.evans@thyme>,1382,216,Evening,elizabeth punishment ignoring pleas price controls last week cpuc issued order requiring california ious develop market based rate tariffs federal customers military installations federal agencies cpuc thinks exposing federal government current market prices cause bush cheney rethink price caps case think proposal unconstitutional principles mcculloch maryland case states tax federal gov also think might business opportunity epmi helping federal enclaves lock fixed price electricity words offer federal entities fixed floating deal stewart rosman suggested best way handle would offer federal entities purely financial deal federal entities would continue receive physical delivery utility could lock fixed rate financial swap get far road thoughts federal gov besides treasury enter derivatives contracts financial deals would appear superior involve less ongoing work physical scheduling real time support benefits physical transaction ideas steve,Energy Trading
<28737615.1075853418605.JavaMail.evans@thyme>,575,73,Afternoon,marcus nettelton gary schultz orionpower com carl liggio orionpower com joana ryan bekerman enron enronxgate tony chang enron enronxgate brent hendry enron enron subject draft confirmation annex gentleman lady attached draft confirmation annex review comment undergone final review enron submitted enable discussion final terms transaction negotiated agreed upon sincerely marcus nettelton senior counsel,Legal & Regulatory
<16849871.1075853432464.JavaMail.evans@thyme>,356,65,Afternoon,thanks message meet jim derrick flexibility attend training either one consideration christian louis christian wants attend training session hold enron pay travel expenses yes best steve,HR & Internal
<29936683.1075853432488.JavaMail.evans@thyme>,910,148,Afternoon,attached please find tax review california senate bill tax review sets practical implication likely cessation electricity sales curtailment investment new generation assets constitutional deficiencies please note apply sales electricity made pursuant binding written contracts executed date signed law ever california senate passed california assembly drafted version assembly bill assembly presently debating tax review also attached keep advised regarding progress please advise questions comments thanks coats steve douglas gavin russo matt gockerman,Legal & Regulatory
<16662821.1075853433166.JavaMail.evans@thyme>,641,107,Morning,fyi mark haedicke vicki sharp hou ees subject plan rebuild business thoughts far initial legal team jeff hodge jim keller carol clair aaron rothwarg spot check forms next week conform forms ena forms next two months develop form approval process dual approvals ees ena develop deal approval process deals certain size material variations form would require concurrent ews approval request list major contract concerns traders items cannot hedged,Legal & Regulatory
<22368043.1075852289783.JavaMail.evans@thyme>,1244,192,Night,proposed revisions give call reviewed thanks richard ring ees joe gordon enron enronxgate elizabeth sager hou ect ect subject eesi epmi confirmation agreement nyseg pjm renewable attributes joe elizabeth received revised document frederking eesi legal attached reference items changed special conditions second sentence divided four parts iii ninth line representations added words affidavits sixteenth line upon written request eesi added words nyseg epmi joe proposal contract price section complete mwh provide payments billing notices information soon receive eesi legal department representatives let know think regards richard william frederking richard ring hou ees ees subject nyseg attached clean version epmi confirmation letter unable run blackline try tomorrow need please help notice info last page,Legal & Regulatory
<17182375.1075859553289.JavaMail.evans@thyme>,633,64,Morning,larry soderquist elizabeth sager hou ect ect larry soderquist hou ect ect subject tva gleason first transmission credits doc enron capital trade resources corp dennis dpto tva gov larry soderquist larry soderquist enron com jack simmons infinergy earthlink net ben jacoby ben jacoby enron com mitch robinson enron com mitch robinson enron com subject ltr soderquist designate recipients trans credit soderquist letter designate recipient doc,Financial & Accounting
<25035830.1075859546189.JavaMail.evans@thyme>,714,112,Afternoon,fyi thanks eas christi nicolay elizabeth sager hou ect ect kevin presto hou ect ect subject epmi brownsville tolling comments draft language enough show control generator running status epmi delegated enron corp control area responsibility purposes yes epmi would need schedule gas electricity please add epmi responsible scheduling necessary transportation gas delivery point transmission energy delivery point change energy power discussed sam agreement would filed ferc,Legal & Regulatory
<22317013.1075841534792.JavaMail.evans@thyme>,708,86,Evening,iso iso declared stage electrical emergency information contact webmaster caiso com edis pdt update terminate subscription email service visit webpage http www incident com edismail html edis operated governor office emergency services state california email relay offered incident com public service complexity system dependence systems cannot responsible delays failures transmission,Energy Trading
<7972245.1075841531936.JavaMail.evans@thyme>,474,79,Morning,enrononline passes one million transactions woohoo also issue enron com fabulously new improved enron likes bush new energy policy california update going french wholesale market learn caps ones wear course frank gehry enron common jeff leads dangerous time latest ebiz home enron com click publications click ebiz ebiz may,Energy Trading
<25738373.1075841536178.JavaMail.evans@thyme>,590,88,Night,john van gelder recently transferred ebs portland work west origination group john began working enron energy services summer intern january started working enron broadband services promoted associate manager working wholesale origination group john received bachelors degree mechanical engineering university kansas completed master program university michigan school business administration please welcome john portland office regards chris,Energy Trading
<27676296.1075841532112.JavaMail.evans@thyme>,1669,228,Night,attention analysts rotation opportunities denver colorado crestone energy ventures llc wholly owned subsidiary northern border partners nbp looking analysts work denver colorado nbp master limited partnership publicly traded nyse managed enron transportation services ets crestone formed september enron north america ena sole gathering assets nbp visit www northernborderpartners com http www northernborderpartners com information nbp relationship enron analysts complete following functions work closely senior originators analyzing new transactions optimizing existing assets thereby gaining valuable commercial experience assist developing creative transaction structures balance counter party needs financial goals nbp develop complex financial models enhance finance accounting expertise perform market research identifying acquisition investment opportunities requirements strong excel skills experience creating asset valuation models performing financial statement analysis knowledge utilizing internet research tools targeting opportunities amassing information potential counter parties enjoy working lean mean origination machine note prior rotation raroc would ideal interested please forward updated resume charles varnell hiring manager jessica wentworth asst andrea richards career development,Financial & Accounting
<16700701.1075841533274.JavaMail.evans@thyme>,871,154,Morning,hey guys new way export northwest cascade tie ciso pac system california oregon border currently non firm hourly transmission available tie capacity constraint pacificorp side tie find real number available pac oasis site check transmission requests offerings path name need check ppw crag pacw make sure pick hourly non firm ciso side tie point called ciso procedure export cascade ciso buy pac transmission crag bpat whoever picking pac system transmission costthrough pac know midc spread large seen past hand give another option geir,Energy Trading
<19900360.1075841534144.JavaMail.evans@thyme>,1467,193,Night,npwsan urgent weather message update national weather service san diego pdt sat may wind advisory mountains deserts san diego county southwestern san bernardino county southwestern riverside county allowed expire upper level low pressure system resulted strong winds mountains deserts weakend moved slowly northeast winds dropped therefore wind advisory mountain desert areas allowed expire san bernardino county mountains riverside county mountains san diego county mountains apple yucca valleys coachella valley san diego county deserts wind advisory expired gusty south southwest winds continue weaken become isolated overnight small nnnn laxnpwsan edis pdt update terminate subscription email service visit webpage http www incident com edismail html edis operated governor office emergency services state california email relay offered incident com public service complexity system dependence systems cannot responsible delays failures transmission,Energy Trading
<759374.1075845287742.JavaMail.evans@thyme>,696,112,Night,long kidding still good good right oven bet glad consumed well market aside worked chest tris bis abs morn got new anal retentive running schedule made see goes let know time shoot dinner ready may swing store way home talk laters john menconi jmenconi adv eng ser inc com please respond jmenconi adv eng ser inc com monique sanchez mail enron com subject muffins everything going muffins lasted,Energy Trading
<19704460.1075845288389.JavaMail.evans@thyme>,567,86,Evening,mike grigsby phillip allen hou ect ect keith holst hou ect ect monique sanchez hou ect ect frank ermis hou ect ect jane tholt hou ect ect subject office thursday phillip courtney needs watch boys thursday order get organized leave italy reached cell phone please anne update newcurrentday sheet order manage position please call pertinent market information see friday thanks help thanks mike,Energy Trading
<21927501.1075853218697.JavaMail.evans@thyme>,1612,148,Evening,fyi report power point document karlyn clifton jcrossen apx com rberry apx com jcohen whitecase com rich stevens avistacorp com pmar mofo com ceklund llgm com richard sanders enron com jrnelson llgm com dwhitley llgm com rkd dgdk com dag dgdk com kjohan ladwp com bholman whitecase com zack starbird mirant com hweg pgwlaw com secretary pgwlaw com david facey powerex com teresa conway powerex com david burns bakerbotts com mlubic mdbe com doug anderson calenergy com pgurfein akingump com rbeitler sempratrading com awells stroock com ayudkowsky stroock com mcohen ggfcmk com ghanken ggfcmk com jkrieger ggfcmk com nhsieh ggfcmk com glenn hiraga fas price waterhouse fas michael ozawa fas price waterhouse fas eugene kim fas price waterhouse fas subject pwc financial report calpx participants file attached see attached file participants committee financial report ppt information transmitted intended person entity addressed may contain confidential privileged material review retransmission dissemination use taking action reliance upon information persons entities intended recipient prohibited received error please contact sender delete material computer participants committee financial report ppt,Energy Trading
<26631699.1075853220154.JavaMail.evans@thyme>,3570,315,Afternoon,planning attending julia murray enron sent carolyn george enron alan aronowitz hou ect ect sandi braband hou ect ect teresa bushman hou ect ect michelle cash hou ect ect barton clark hou ect ect harry collins hou ect ect peter del vecchio hou ect ect stacy dickson hou ect ect shawna flynn hou ect ect barbara gray hou ect ect wayne gresham hou ect ect mark haedicke hou ect ect leslie hansen hou ect ect jeffrey hodge hou ect ect dan hyvl hou ect ect anne koehler hou ect ect dan lyons hou ect ect kay mann corp enron enron travis mccullough hou ect ect lisa mellencamp hou ect ect janet moore hou ect ect julia murray hou ect ect gerald nemec hou ect ect david portz hou ect ect michael robison hou ect ect elizabeth sager hou ect ect richard sanders hou ect ect lance schuler legal hou ect ect sara shackleton hou ect ect carol clair hou ect ect lou stoler hou ect ect mark taylor hou ect ect sheila tweed hou ect ect steve van hooser hou ect ect john viverito corp enron enron ann elizabeth white hou ect ect donna lowry enron enronxgate susan bailey hou ect ect kimberlee bennick hou ect ect genia fitzgerald hou ect ect nony flores hou ect ect linda guinn hou ect ect hearn iii hou ect ect mary heinitz hou ect ect tana jones hou ect ect deb korkmas hou ect ect laurie mayer hou ect ect matt maxwell corp enron enron mary ogden hou ect ect debra perlingiere hou ect ect robert walker hou ect ect kay young hou ect ect merrill haas hou ect ect mark greenberg enron enron robert bruce enron enron samantha boyd enron enron mary cook hou ect ect angela davis enron enron stephanie panus enron enron marcus nettelton enron enron brent hendry enron enron michelle blaine enron enronxgate gail brownfeld enron enronxgate dominic carolan enron enronxgate eddy daniels enron enron andrew edison enron enron roseann engeldorf enron enronxgate robert george enron enron cheryl nelson enron enron cheryl lindeman enron enronxgate carlos sole enron enron randy young enron enron kathleen carnahan enron enron diane goode enron enron nancy corbet ned crady francisco pinto leite coralina rivera daniel rogers frank sayre martha braddy sarah bruck william bradford enron enronxgate debbie brackett enron enronxgate tom moran enron enronxgate wendi lebrocq enron enronxgate nidia mendoza enron enronxgate veronica espinoza enron enronxgate ken curry enron enronxgate carol north enron enronxgate aparna rajaram enron enronxgate subject letter credit seminar may please mark calendars emory ireland martin weinstein foley lardner conducting presentation regarding nuts bolts letters credit wednesday may please rsvp carolyn george ext carolyn george enron com plan attend thank julia heintz murray enron wholesale services enron industrial markets llc smith street houston fax julia murray enron com,Legal & Regulatory
<8122028.1075853221044.JavaMail.evans@thyme>,1678,227,Afternoon,john quinn one many litigators california approached david boies firm getting involved quinque matter called learned defendant declined boies offer get involved attached boies firm response think danger allowing quinn emmanuel firm get involved far outweighs benefit getting release release may shortlived enron could added quinque quinque copycat another plaintiffs atty furthurmore involvement quinque could result development evidence adverse position grynberg case thoughts john quinn jbq quinnemanuel com richard sanders enron com subject fwd pipeline matter robert silver latest agree get involved dismiss enron defts content transfer encoding received bsfllp com mail qeuo com tue may message bsfllp com date tue may subject pipeline matter robert silver jbq quinnemanuel com rsilver bsfllp com edward normand enormand bsfllp com references mail qeuo com reply mail qeuo com mime version content type text plain charset iso think would worth pursuing option client meant involvement firm significant extent plaintiffs would likely agree dismiss enron defendants,News & Media
<27729263.1075853223323.JavaMail.evans@thyme>,1696,149,Morning,please call mcgrath today give update apologies showard agsk com richard sanders enron com subject fwd invoices received attached today gerry mcgrath concerning invoice alschuler grossman stein kahan llp attorneys law www agsk com century park east thirty ninth floor los angeles tel fax transmission intended use addressee may contain information privileged confidential exempt disclosure applicable law intended recipient employee agent responsible delivering message intended recipient hereby notified dissemination distribution copying communication strictly prohibited received communication error please notify immediately via mail postmaster agsk com telephone thank enclosed txt alternative htm,Legal & Regulatory
<22364195.1075861018702.JavaMail.evans@thyme>,1388,119,Morning,see dinner great alschuler grossman stein kahan llp attorneys law www agsk com century park east thirty ninth floor los angeles tel fax transmission intended use addressee may contain information privileged confidential exempt disclosure applicable law intended recipient employee agent responsible delivering message intended recipient hereby notified dissemination distribution copying communication strictly prohibited received communication error please notify immediately via mail postmaster agsk com telephone thank txt,Legal & Regulatory
<31291989.1075853238097.JavaMail.evans@thyme>,577,65,Afternoon,sue mara enron corp tel fax woertz byron bwoertz caiso com iso market participants imceaex distribution iso cipants caiso com subject caiso notice corrected final settlement january iso market participants attached corrected final settlement january market summary jan doc byron woertz director client relations pager market summary jan doc,Energy Trading
<4107045.1075858669624.JavaMail.evans@thyme>,2521,445,Night,expect mel examine witnesses depositions certainly called trial also testimony nsistent michael goldstein comments understand implications ruling facilities think platte testimony officially rtify capacity machines therefore capacity unknown sort contrived made sounding light rev miracle hindsight sempra representations irs proposed changes would significantly increase production probably mean increase tons per hour also coston going explain meant made representations irs think going lie oath maybe naive preceding comments sounds like probably need talk tim issues also probably need talk folks lawyer next round depos related note spoke michael goldstein tuesday sever issues first told interested interes ted sitting talking resolving things going forward estioned whether would open mind toward issues like moving equipment said would holmes strong doubted repricing deal dramatically changing economic deal would acceptable also asked whether thought medi ation would acceptable response indicated although woul rule thought premature finally mentioned ere talk deposing said involvement negotiation phase project would connection advice sempra therefore communications would privileged sai met enron folks documents signed augu supposedly pretty casual meeting since allegedly usy things also said involvement plr let know thoughts deposing light george still town soon returns get get letter know greg anxious send thanks,HR & Internal
<20765550.1075858688652.JavaMail.evans@thyme>,1748,209,Night,flyingt tonight mon reached las heard susman coming whether steve susman comes remains seen howard weg hweg pgwlaw com alan udkowsky sempra ayudkowsky strook com bob nelson enron nelson llgm com brian holman mirant bholman whitecase com eklund enron ceklund llgm com dan whitley enron dwhitl llgm com david burns reliant david burns bakerbotts com avid facey powerex david facey powerex com david gill dwp dag dgdk com douglas anderson salton sea power doug anderson lenergy com greg bray sempra gbray strook com howard weg powerex hweg pgwlaw com james crossen apx jcrossen apx com james huemoeller enron jlhuemoe llgm com john klauberg ron jklauber llgm com kjehl johansen dwp kjohan ladwp com marc cohen committee mcohen ggfcmk com michael lubic relian mlubic mdbe com pat mar avista pmar mofo com peter gurf ein salton sea power pgurfein akingump com rich stevens avis rich stevens avistacorp com richard beitler sempra rbeitle sempratrading com richard diamond dwp rkd dgdk com richard sanders enron richard sanders enron com robert berry apx rberry apx com zack starbird mirant zack starbird mirant com subject commandeering susman godfrey firm email received susman godfrey firm interest representing participants committee commandeering matter,Energy Trading
<15137014.1075853279307.JavaMail.evans@thyme>,2305,316,Evening,approved fergus gary gfergus brobeck com richard sanders esq mail richard sanders enron com andy pickens mail apickens gibbs bruns com barrett reasoner mail breasoner gibbs bruns com david noonan mail djn pkns com jean frizzell mail jfrizzell gibbs bruns com michael kirby mail dcastro pkns com michael molland mmolland brobeck com mike smith mail enron com peter meringolo pmeringolo brobeck com robert williams mail robert williams enron com susan bisop mail sbishop gibbs bruns com subject defense group internet site writing approval enter agreement behalf enron enron outside counsel enable access joint work product website gordon hendricks group website following information event calendar docket pleadings electricity litigation around west pleadings major cases repository working drafts documents repository letters circulated attachments future defendants may use system actual document productions government agencies etc see really choice join system going participate joint defense group shortly stop circulating work product etc via email rely upon website instead costs somewhat unclear intended economy scale cost sharing concept cannot start program sign asking quick response thanks gary agreement pdf email message sole use intended recipient may contain confidential privileged information unauthorized review use disclosure distribution prohibited intended recipient please contact sender reply email destroy copies original message reply email administrator directly send email postmaster brobeck com brobeck phleger harrison llp http www brobeck com agreement pdf,Legal & Regulatory
<7361675.1075860570460.JavaMail.evans@thyme>,1416,224,Afternoon,enron capital trade resources corp rolland sanders bwanarol hotmail com richard sanders hou ect subject numbnut stooping low hurl infantile insults youngest freckled sibling get back stateside fully intend show meaning respect upside head english pea eatin medley molestin hours week workin corporate slavin big house buyin hilton head renaissance weekend wannabe attendin power tie wearin houston rationalizin adult oriented rock easy listenin chilluns mutant voices sirin coke bottle itis lookin knucklehead matter telephone one confusion moment mama claims cannot reach long following year osakatown added extra number making worry inside merry old nippon mama problems side joel reached two weeks ago would like hear brotherman hurry going nowhere anytime soon later rolland hakeem decline must sad watch knees get free email web visit http www msn com,Financial & Accounting
<9886601.1075853252598.JavaMail.evans@thyme>,1815,211,Morning,one percent lisa best enron kimberly dees hou ect ect michelle hargrave hou ect ect nedre strambler hou ect ect gretchen jennings hou ect ect felicia solis hou ect ect bob carter hou ect ect travis mccullough hou ect ect lisa mellencamp hou ect ect sheila tweed hou ect ect richard sanders hou ect ect michelle cash hou ect ect joseph deffner hou ect ect brian kerrigan hou ect ect lewis worthy hou ect ect mary perkins hou ect ect bruce smith hou ect ect jason chumley hou ect ect brad alford ecp hou ect ect jeff hoover hou ect ect christopher coffman corp enron enron william keeney hou ect ect catherine clark hou ect ect gautam gupta hou ect ect jennifer newbrough hou ect ect david marshall hou ect ect subject april east coast power invoice could please tell percentage amount time spent east coast power month april addition could scan list see additional employees group spent time ecp ensure bill used resources ecp thanks cooperation mary perkins could tell number transactions performed treasury ecp april human resources legal cash management kim dees bob carter joe deffner michelle hargrave travis mccullough brian kerrigan nedre strambler lisa mellencamp lewis worthy gretchen jennings sheila tweed mary perkins felicia solis richard sanders michelle cash information technology structuring insurance bruce smith brad alford david marshall jason chumley jeff hoover contractor time chris coffman bill keeney catherine clark gautam gupta jennifer newbrough,Legal & Regulatory
<4276004.1075852189383.JavaMail.evans@thyme>,366,71,Evening,subject owed looks like owes amy agree numbers questions please call since scheduled max capacity may able give gas imbalance let continue talk daily basis also work gas control weekend,Energy Trading
<12046327.1075852189781.JavaMail.evans@thyme>,1721,180,Evening,vacation ava garcia powell enron dale ratliff ots enron john buchanan enron enron steven january enron enron terry kowalke enron enron gary spraggins enron enron darrell schoolcraft enron enron alice johnson enron enron sharon brown enron enron subject morning meeting report status status morning meeting report scheduled friday june conference room please let know attending thanks ava ava garcia powell enron dale ratliff ots enron john buchanan enron enron steven january enron enron terry kowalke enron enron gary spraggins enron enron darrell schoolcraft enron enron alice johnson enron enron sharon brown enron enron subject morning meeting report status following mtg canceled information new date time forwarded later time thanks ava ava garcia powell enron dale ratliff ots enron john buchanan enron enron steven january enron enron terry kowalke enron enron gary spraggins enron enron darrell schoolcraft enron enron lynn blair enron enron subject morning meeting report status meeting status morning meeting report scheduled thursday may conference room please let know attending thanks ava,HR & Internal
<4859379.1075846737423.JavaMail.evans@thyme>,2871,488,Afternoon,quick dirty none gallup contracts contain shipper facilities placed service certain date respective obligations parties commence facilities tested placed service notified shippers telephone yesterday facilities service compressor since taken excessive vibration unusual whining noise undetermined origin know long take correct problems enough information yet even give estimate based experience hubbard could take months correct problem today able deliver nominated gas simply noms exceed existing capacity nominations expected exceed existing capacity week case allocate given uncertainty involved standpoint believe would best tell customers unforeseen circumstances service apologize mistake best provide service daily interruptible basis compressor actually tested really service let know downside get reservation charge estimated loss month upside long run probably save face customers short term economic standpoint better choice appears revoke service announcement summer weather kicks probably allocate every day ebb give reason allocation shippers demand explanation anyway shippers rights reservation refund triggered downside shippers never trust also could subject fraud related causes action representing compressor service knew upside chance one files lawsuit wins might least get keep reservation charges owed extent deliveries fall nominated quantities period longer days months july august summer july august get reservation charge amounts delivered need keep mind normally pipeline runs full summer months gallup capacity sold assumption mind time formal write want turn memo wider distribution let know think important get decision one options longer wait get information shippers bigger customer relations problem,Financial & Accounting
<24250594.1075846817354.JavaMail.evans@thyme>,1849,321,Morning,wanted thank showing parents good time last night really enjoyed meeting finally able put faces names one point believe dad even stated love place come every wednesday idle threat though worry well definitely fans topical conversational range ever present steak night though times juvenile base version algonquian table food thought hard time narrowing selections today please bear number quotes seemingly unrelated themes cut courage would seem nothing less power overcome danger misfortune fear injustice continuing affirm inwardly life sorrows good everything meaningful even sense beyond understanding always tomorrow dorothy thompson one guard preaching young people success customary form main aim life important motive work school life pleasure work pleasure result knowledge value result community albert einstein among like admire find common denominator among love make laugh auden learn give wish could get somebody else steven ouellette game life game boomerangs thoughts deeds words return sooner later astounding accuracy florence scovel shinn must suffer one two things pain discipline pain regret disappointment jim rohn,Energy Trading
<6957483.1075846817537.JavaMail.evans@thyme>,1261,222,Afternoon,enjoyed talk last night always interested viewpoints examining challenge happy hour tonight teala west dallas recommendation plan arriving later hopefully time old manager enough drink mind people tab must admit job keeps sounding better better thanks compliment quality like associated wilson kriegel enron susan scott hou ect ect subject red meat good talk last night something appriciate abuot willingness put line find quality anyway might living week end though would come back next friday would weekend ben bbq yeha got two days meeting somwhere south new boss traveling week loving already also filled american express coportate card app higher priviledge keep secret love job plan tonight party let know,HR & Internal
<29586566.1075846663067.JavaMail.evans@thyme>,1749,312,Morning,working ramona lorraine make system adjustments lft arising conclusions made northern lft meeting weeks ago one change called limited day called let say total limited day without notifying shippers percentages lft flow time day lft shipper would option flow extent space available limited day called notifying shippers certain percentage would flow lft shippers would able flow percentage rest could scheduled drew latched onto mentioned wanted debate change currently configured system would allow lft shippers put nominations limited day lft capacity fact available lft would scheduled similarly notify shippers partial limited day say capacity fact became available system today would allow lft shippers put nominations flow limit tariff language appears suitably vague allow limited day defined day may choose schedule service whole part billing section provision limited days quantity gas transported question whether changing lft system described first paragraph leaving firm transportation revenue table rate generally lower firm rate change necessary reason please let know think,Financial & Accounting
<25710221.1075846665054.JavaMail.evans@thyme>,2076,345,Morning,since market affiliate rule looks business units rather function within business unit firewalls set since works ect say would uncomfortable putting distribution list know access info give access work product probably violation rule town questions please mail leave voice mail reply hearing today dan fancler debbie moseley enron enron bob chandler enron enron susan scott enron enron subject distribution hedge book since works group var calculation already positions ahead send book unless susan scott problem susan let know problem dan debbie moseley dan fancler enron subject distribution hedge book dan jan suggested eugenio perez setup distribution book sure putting distribution since ectn employee however according jan works group provides var calculation think susan scot final say let know debbie jan johnson debbie moseley enron enron subject distribuion hedge book works sally beck group var enron function global share information collects business units trading commercial people ensure market affiliate problems enough protection need separate jan debbie moseley jan johnson gpgfin enron subject distribuion hedge book jan eugenio perez work typed name indicated ect thanks debbie,Financial & Accounting
<15526773.1075846686008.JavaMail.evans@thyme>,470,70,Morning,please find attached draft testimony open season process benefits california production sponsored indicated producers gir proceeding continuing refine drafts look forward receiving comments please include christine jun amie king replies chj aelaw com ack aelaw com evie elsesser open season testimony doc production testimony doc,HR & Internal
<14521978.1075846708017.JavaMail.evans@thyme>,1141,168,Evening,dear judge biren pursuant instructions regarding procedures serving testimony preparing exhibits submit following information behalf long beach list exhibits long beach intends offer two exhibits prepared direct testimony elizabeth wright prepared rebuttal testimony elizabeth wright estimate direct cross examination time long beach estimates minutes direct examination regarding cross examination long beach estimates necessarily preliminary incomplete apparently receive direct testimony light recent filing rebuttal testimony current estimates follows ladd lorenz socalgas eric nelson socalgas thomas beach various parties paul amirault wild goose hour jeffrey dasovich enron hour john burkholder western hub properties hour florio weil yap turn hours may additional witnesses depending information prehearing conference patrick power,Energy Trading
<21419350.1075846806387.JavaMail.evans@thyme>,1118,125,Afternoon,aries horoscope weekly may reassess goals friendships things changed satisfied job relationships immediate future may brings things light buried disguised take cool calm steady look surfaces decide change direction warranted clear work scenario needs refurbishing daily schedule cries major rehab first foremost get second wind dropping tension frustration mid month increasing probability better relations friends coworkers relatives try establish healthy positive change later full moon take steps insure financial business future may,News & Media
<29710183.1075846806728.JavaMail.evans@thyme>,1849,321,Morning,wanted thank showing parents good time last night really enjoyed meeting finally able put faces names one point believe dad even stated love place come every wednesday idle threat though worry well definitely fans topical conversational range ever present steak night though times juvenile base version algonquian table food thought hard time narrowing selections today please bear number quotes seemingly unrelated themes cut courage would seem nothing less power overcome danger misfortune fear injustice continuing affirm inwardly life sorrows good everything meaningful even sense beyond understanding always tomorrow dorothy thompson one guard preaching young people success customary form main aim life important motive work school life pleasure work pleasure result knowledge value result community albert einstein among like admire find common denominator among love make laugh auden learn give wish could get somebody else steven ouellette game life game boomerangs thoughts deeds words return sooner later astounding accuracy florence scovel shinn must suffer one two things pain discipline pain regret disappointment jim rohn,Energy Trading
<7817691.1075844744494.JavaMail.evans@thyme>,1918,274,Afternoon,nymex membership services may notice reinstatement membership privileges please advised effective close business may following member reinstated membership privileges peter sepe sepe lessee member qualified trader guarantee provided mbf clearing corp switch lessor please advised effective close business may following member switch lessor within exchange michael frenda mfr randy rechten rdel robert essig stx notice intention switch qualifying clearing member please advised effective close business may man international inc longer guarantee following member stephen willner spw james sims jms however mentioned remain member guaranteed pioneer futures inc connection therewith notification claims aforementioned individuals arising transactions executed exchange close business may must submitted corporate secretary office within ten days members member firms days date notice advise corporate secretary office claims accordance rule inquiries regarding addressed member services department please click link indicate received email http email cfm useremail shackleton enron com refdoc note click line nothing happens please copy text quotes open internet browser paste web site address press return,News & Media
<1677524.1075844745407.JavaMail.evans@thyme>,1605,246,Morning,dear sara understand credit manager guarantee formats thanks patience regarding delay look forward response respect schedule believe agreement issues date indicated earlier one provision consideration attorney recommends include cargill alliant schedules provision pertains cargill alliant joint venture structure intended prevent changes structure interpreted event default part vii consistent language commonly seen used similar entities would suggest include schedule new part provision reads follows bankruptcy provisions section vii hereby amended adding clause thereof third line word merger closed parenthetical words case party reconstitution incorporation admission withdrawal member adding clause thereof fourteenth line word merger closed parenthetical words case party reconstitution incorporation admission withdrawal member would final item outstanding schedule look forward response earliest opportunity regards mara alexander documentation analyst cargill incorporated tel fax mail cargill com,Legal & Regulatory
<11148594.1075844745841.JavaMail.evans@thyme>,1878,273,Afternoon,nymex membership services may notice notice intention transfer please advised effective close business may following member given notice intention transfer sole membership within exchange terence mullervy glencore ltd notice intention switch qualifying clearing member please advised effective close business may rosenthal collins group llc longer guarantee following member mark nordlicht man however mentioned remain member guaranteed man international inc connection therewith notification claims aforementioned individuals arising transactions executed exchange close business may must submitted corporate secretary office within ten days termination trading privileges please advised exchange notified rosenthal collins group llc effective close business may longer guarantee membership david boim boim members member firms days date notice advise corporate secretary office claims accordance rule inquiries regarding addressed member services department please click link indicate received email http email cfm useremail shackleton enron com refdoc note click line nothing happens please copy text quotes open internet browser paste web site address press return,Energy Trading
<12336368.1075844748763.JavaMail.evans@thyme>,922,149,Afternoon,cheryl spoke clem preparing amendment immediate execution signers offsite tomorrow let tom know soon amendment executed anna meytina vacation left message sharon chernick order complete files respect enron north america inc ena securities loan agreement please provide copies following documents assignment securities loan agreement ena eci separate agreement eci executed termination prior enron corp guaranty behalf ena amount million spoke stephanie could locate bear eci files friday last week thanks sara shackleton enron north america corp smith street houston texas phone fax sara shackleton enron com,Legal & Regulatory
<19478131.1075844750551.JavaMail.evans@thyme>,1349,205,Afternoon,good afternoon sara opportunity review counterparty following information list current trades interest rate swaps etol attaching confirmation created amended etol name rmt please call mail require additional information regards jorge sara shackleton ect susan bailey hou ect ect rod nelson lon ect ect karolina moran lon ect ect jorge garcia enron enron rhett jackson enron enronxgate subject enron teeside operating limited etol susan rod karolina prepare credit worksheet isda master agreement etol rmt jorge year rate swap awaiting documentation rod karolina reason use rmt etol sell imminent would near term rhett etol sell whole part imminent deal booked ena rather rmt jorge transaction confirm isda format also please verify whether etol deals ena rmt books remaining terms thanks sara shackleton enron north america corp smith street houston texas phone fax sara shackleton enron com,Legal & Regulatory
<6304294.1075844750999.JavaMail.evans@thyme>,1919,282,Morning,nymex membership services may notice notice intention transfer please advised effective close business may following member given notice intention transfer sole membership within exchange daryl dworkin dryl notice intention lease original membership please advised effective close business may following member given notice intention lease sole membership privileges clifford berger cobb switch lessor please advised effective close business may following member switch lessor within exchange gregg salzman zen members member firms days date notice advise corporate secretary office claims accordance rule inquiries regarding addressed member services department name change member firm please advised effective close business may paso merchant energy gas changed name paso merchant energy members member firms days date notice advise corporate secretary office claims accordance rule inquiries regarding addressed member services department please click link indicate received email http email cfm useremail shackleton enron com refdoc note click line nothing happens please copy text quotes open internet browser paste web site address press return,Energy Trading
<11118483.1075844752273.JavaMail.evans@thyme>,647,108,Morning,attached revised credit watch listing week please note paralan company sgl carbon llc added credit watch list also southstar energy services llc moved trades personnel group included distribution please insure receive copy report add additional people distribution report sent error please contact veronica espinoza questions please contact jason williams russell diamond veronica espinoza,News & Media
<10013713.1075844754694.JavaMail.evans@thyme>,638,70,Morning,sara shackleton enron north america corp smith street houston texas phone fax sara shackleton enron com andrew schwed andrew schwed morganstanley com please respond andrew schwed sara shackleton enron com subject assignment agreement sara amended agreement see details annex usually check anyway thanks andrew sara shackleton enron com wrote sara shackleton enron com ketan parekh morganstanley com agreement application msword enron assignment doc,Legal & Regulatory
<12575389.1075844758098.JavaMail.evans@thyme>,794,125,Evening,sara sent brian gallagher fax tonight requesting follow heard tania sara shackleton sheila glover hou ect ect subject futures documentation sheila status goldman sachs received comments may ball court msdw faxed comments joseph marovich may fax response salomon smith barney faxed comments tania meyer wilson may fax response please let know thanks sara shackleton enron north america corp smith street houston texas phone fax sara shackleton enron com,Legal & Regulatory
<13002731.1075844357887.JavaMail.evans@thyme>,1517,218,Morning,scott thanks delivery receive anything last week sara scott eckas seckas cwt com sara shackleton enron com subject final memorandum regarding pulp paper transactions sara last week sent final version memorandum regarding pulp paper transactions attachment however morning computer generated error message regarding transmission sending files case receive open would like hard copy please mail back send set thanks scott eckas see attached file see attached file note information email confidential may legally privileged intended recipient must read use disseminate information although email attachments believed free virus defect might affect computer system received opened responsibility recipient ensure virus free responsibility accepted cadwalader wickersham taft loss damage arising way use,Financial & Accounting
<21551495.1075844358756.JavaMail.evans@thyme>,428,74,Morning,susan would please handle thanks sara david minns sara shackleton ect subject westpac guaranty would able email enron corp provided westpac couple months ago agreed provide guaranty exactly form isda agreement faxed copy would efficient copy type,Legal & Regulatory
<24556849.1075844358802.JavaMail.evans@thyme>,2858,461,Morning,since shari stack left group susan said discuss opportunity thanks david david dupre susan flynn hou ect ect shari stack hou ect ect subject cargill would like proceed closing trading account cargill checked matt brown book administrator crude oil account well mark fondren supervisor outstanding issues cargill nothing appeared need discussion please let know may assistance effort thanks david bill white enron david dupre hou ect ect subject cargill kill david dupre ect bill white corp enron enron subject cargill thanks following email regarding ability remove cargill reporting system replace name another broker may discuss possibility closing account cargill added approximately margin account mistake april reversed yesterday take entire amount appears creating additional work margin accounting group gerri gosnell margin accounting group may contacted need information please advise thanks david bill white enron david dupre hou ect ect subject new account bank one delete cargill david dupre ect bill white corp enron enron subject new account bank one trade hsbc sakura carr commodities delete permission like delete cargill need add bank one well new broker start lumber trades called paul court thanks david bill white enron david dupre hou ect ect matt brown hou ect ect subject new account bank one previously asked clearing houses could delete exchange furture net position summary sheet order insert new houses banc one feel free delete sakura dellsher carr hsbc bill david dupre ect bill white corp enron enron subject new account bank one discussed closing cargill account yesterday possibly said wanted keep additional trades leave open long need talked bank one morning said initially would traded however want talk rates trades legal paperwork set within next weeks contact bank one linda bergdahl regards david,Legal & Regulatory
<2877104.1075844358966.JavaMail.evans@thyme>,325,60,Morning,bob joe jure happy language kpm lasara draft modified fit medie news bob give final approval questions regards project talk dick robinson joe jure robert pratel reference kafus project thanks jarrod,News & Media
<28586322.1075844359228.JavaMail.evans@thyme>,482,79,Afternoon,attached canadian credit watch listing personnel group included distribution please insure receive copy report add additional people distribution report sent error please contact veronica espinoza questions please contact bill bradford john suttle russell diamond global credit hotline,News & Media
<32938760.1075844361610.JavaMail.evans@thyme>,941,139,Evening,recently jeff mcmahon executive vice president treasurer enron corp accepted position chief commercial officer enron net works jeff many accomplishments enron global finance egf include billion closed financings upgrade enron credit rating moody wish jeff well new endeavor ben glisan vice president head egf structured finance business assume jeff responsibilities vice president treasurer enron corp ben joined enron arthur andersen responsible managing structured transactions enron prior arthur andersen ben worked coopers lybrand providing accounting finance services principally financial institutions ben member enron corp executive committee additional details regarding egf organizational changes please see attached memo,Financial & Accounting
<1861995.1075844361901.JavaMail.evans@thyme>,1102,170,Morning,michael attached fyi also going pay visit shortly discuss confirm sara deepak sitlani sara shackleton hou ect ect michael moulton hou ect ect edmund cooper lon ect ect michael khajeh noori lon ect ect subject sita sara refer recent conversation relating progress isda negotiations counterparty spoken carine lavergne sita informs sita feel adequately equipped informed progress negotiations internally therefore intends appoint external counsel urged soon possible despite intended appointment assured sita wishes enter isda soon possible keen keep negotiations minimum either michael khajeh noori keep updated progress information also attach status report respect counterparties michael currently negotiating let know need anything else regards deepak,Legal & Regulatory
<7584550.1075844362127.JavaMail.evans@thyme>,1128,170,Afternoon,susan latest comment michael regarding negotiations keep lotus notes updated thanks sara deepak sitlani sara shackleton hou ect ect michael moulton hou ect ect edmund cooper lon ect ect michael khajeh noori lon ect ect subject sita sara refer recent conversation relating progress isda negotiations counterparty spoken carine lavergne sita informs sita feel adequately equipped informed progress negotiations internally therefore intends appoint external counsel urged soon possible despite intended appointment assured sita wishes enter isda soon possible keen keep negotiations minimum either michael khajeh noori keep updated progress information also attach status report respect counterparties michael currently negotiating let know need anything else regards deepak,Legal & Regulatory
<7337544.1075844362174.JavaMail.evans@thyme>,940,136,Afternoon,taffy milligan carol clair hou ect ect mark taylor hou ect ect sara shackleton hou ect ect susan bailey hou ect ect susan flynn hou ect ect becky tlucek hou ect ect kaye ellis hou ect ect subject work flows meeting anyone object wednesday carol office conference rooms booked carol clair susan bailey hou ect ect susan flynn hou ect ect sara shackleton hou ect ect mark taylor hou ect ect taffy milligan hou ect ect subject work flows meeting susan susan effort better manage work flows sara would like meet minutes week get idea plate ease work load could please give thought let taffy know want meet get set thanks carol,HR & Internal
<10978431.1075844362526.JavaMail.evans@thyme>,658,85,Evening,barna peter equity capital markets pbarna exchange com jeff nogid enron com jeff nogid enron com david vitreola enron com david vitreola enron com maanavi dariush cicg gedny dmaanavi exchange com subject swap terms doc jeff david attached draft term sheet total return swap discussed please give call reviewed would much like work transaction please let know questions comments address timely manner thank doc,Financial & Accounting
<7508907.1075844363227.JavaMail.evans@thyme>,2288,319,Afternoon,sara susan rafael sent information kelly dropping sheila rafael rangel sheila glover overby danthea dumayas florencia groppo hds com veronica perez subject contacts sheila discussed yesterday need following open brokerage account morgan stanley enron inversiones energia argentine company edide account hold adrs contributed transferred account enron pipeline company argentina epca account morgan stanley epca contribute adrs transportadora gas del sur tgs edide new account contribution represents capital contribution epca obligated make capital increase resolution dated february adr transferred epca accounts epca need convert adr ordinary class shares tgs registered accordingly argentina sheila forwarding hard copy mail appropriate support corporate resolutions authorizing open account resolution authorizing increase capital forms eduardo ojea quintana president edide sign please review advise else need finalize transaction best regards rfr rafael rangel sheila glover danthea dumayas subject contacts sheila finally ready open account morgan stanley edide epca transfer correct amount adrs corporate resolution edide understand contact morgan stanley changed please advise rfr danthea dumayas rafael rangel subject contacts maternity leave soon hopefully absence please call sheila glover questions may need copy old report please call aneela charania thanks terri,Financial & Accounting
<22587579.1075844363321.JavaMail.evans@thyme>,1603,231,Afternoon,melissa need meet templates also talk deseret thanks sara paul choi melissa ann murphy hou ect ect sara shackleton hou ect ect tana jones hou ect ect christian yoder hou ect ect subject paso electric company assume everything went fine last financial swap paso electric sold another swap mws june could follow procedure thanks paul choi enron capital trade resources corp paul choi melissa ann murphy hou ect ect subject paso electric company enron capital trade resources corp paul choi melissa murphy sara shackleton hou ect ect tana jones hou ect ect christian yoder hou ect ect subject paso electric company melissa sold swap epe forwarded copy attachment agreed terms attachment could coordinate sara shackleton include necessary attachment confirm thanks paul choi tana jones cdt paul choi ect ect christian yoder hou ect ect sara shackleton hou ect ect subject paso electric company request sara shackleton transmitting proposed form annex referenced counterparty please call sara assistance,Financial & Accounting
<28615446.1075844363554.JavaMail.evans@thyme>,932,144,Morning,better yet handling presence thanks position summary sara shackleton rod nelson hou ect ect subject credit derivatives rod recent memo tokheim debt transferred dlj owe deutsche bank unwind loan swap sara handle credit derivatives absence sara shackleton rod nelson hou ect ect subject credit derivatives rod attached recap current credit derivatives trading jeff group know activity shari oversight hear minimal compare enron credit com also want agreements trading counterparties dlj capital funding inc jeff paul calling credit trading please call chat chance thanks sara,Financial & Accounting
<4139107.1075844363598.JavaMail.evans@thyme>,492,81,Morning,attached newly revised credit watch listing personnel group included distribution please insure receive copy report add additional people distribution report sent error please contact veronica espinoza questions please contact bill bradford russell diamond brant reves global credit hotline,News & Media
<31807911.1075844363677.JavaMail.evans@thyme>,584,105,Morning,sara print list documents folders asked brenda help desk done done screen sorry subject backup documents get directory manually delete kaye sara shackleton kaye ellis hou ect ect subject cleaning directory kaye print list documents folders eliminate old items also still subject backup documents,Energy Trading
<23138230.1075844364079.JavaMail.evans@thyme>,1257,176,Morning,tanya please talk either carol tana maybe need commercial help get guaranty tanya rohauer sara shackleton hou ect ect carol clair hou ect ect subject credit top tens sara thought jaron done waiting gty sara shackleton rod nelson hou ect ect russell diamond hou ect ect tanya rohauer hou ect ect brant reves hou ect ect paul radous corp enron enron edward sacks corp enron enron carol clair hou ect ect subject credit top tens know credit legal currently stretched limits pushing credit priorities require coordination brief recap yesterday meeting almost done cargill idacorp utilicorp brant dynegy canada occidental duke energy marketing limited mieco inc russell pancanadian energy services wps energy services tanya aron need commercial help push please review comments taken meeting distributed everyone please use lotus notes record review activity depending take needed action required thanks sara,Legal & Regulatory
<17996562.1075844310112.JavaMail.evans@thyme>,2264,388,Night,thanks agreeing attend office crc paul waine baby counterparty agreed complex real flyer preference would live tax risk bear put place back backs eeft arrange anyone including sempra tomorrow paul janine juggins paul simons lon ect ect subject conference call tuesday may paul happy attend assume office quick chat paul wallace far see informal procedure put place achieve effect credit consolidation wonder whether fact bona fide credit consoldiation could put place deal sempra dapsa argentinian counterparty things happen would involve ectri deal sempra deal automatically novated ect houston back back ectri ect houston would bear credit risk compensated arm length ectri would economics original transaction sempra informal procedure stands risk ect houston could tax presence although providing swap back ectri respected amount income subjected tax ought compensation credit risk however hand also wider concern ect houston activities may get attributed currency desk presumably regulatory perspective eeft act arranger ect houston regards janine paul simons janine juggins lon ect ect subject conference call tuesday may need nominee attend one please advise tax thks nicola beales paul simons lon ect ect subject conference call tuesday may faye ellis called arrange conference call tuesday put diary tuesday afternoon london time conference call sara shackleton morris clarke steve douglas regarding sempra regulatory issues call kim,Legal & Regulatory
<8579722.1075844510321.JavaMail.evans@thyme>,1947,247,Morning,sorry getting late get friday afternoon reason make team friday know receiving rest documents please provide whatever comments meeting monday mukunah winstim com clint freeland enron com mark taylor enron com gareth bahlmann enron com kimberly blue ubsw com scott whitney ubsw com ryan donovan ubsw com scott giese ubsw com timothy steele ubsw com michael davidson ubsw com william sullivan ubsw com john magovern ubsw com rastin velaw com mspradling velaw com mshiang bankofny com ecklandt winstim com delaneyj winstim com chudyj winstim com earlyhud winstim com kurzw winstim com subject enron pats connection proposed offering enron pats attaching cover letter preliminary offering circular closing document list best regards hazel mukuna see attached file cover letter doc see attached file preliminary offering circular doc see attached file closing document list doc message together attachments intended use individual entity addressed may contain information legally privileged confidential exempt disclosure intended recipient hereby notified dissemination distribution copying message attachment strictly prohibited received message error please notify original sender wspr help desk immediately telephone return mail delete message along attachments computer thank cover letter doc preliminary offering circular doc closing document list doc,Energy Trading
<12180052.1075844510972.JavaMail.evans@thyme>,452,85,Afternoon,bill tanya enclosed list follow items came based talked last friday maybe discussed next group meeting next week clear handling issue feel free send thoughts may issues really appreciate enthusiasm group seminars look forward future carol,HR & Internal
<848769.1075844788522.JavaMail.evans@thyme>,1435,203,Night,esource presents free global energy markets presentation june june global energy markets global energy markets information service gives access updated information analysis whenever need global energy markets provides many different news feeds data sources one service addition global energy markets provides useful online databases finding articles projects companies service available global region services include americas asia pacific europe cis middle east service includes four key modules first core module energy news news comes reuters dow jones bbc afp others one regional news service three modules useful databases finding news articles project information companies second module global energy projects database third module global energy news archive fourth energy companies directory http home enron com messaging globalenergymarkets pdf seats fill fast reserve seat please call stephanie taylor shows charged check esource training page http esource enron com training doc additional training sessions vendor presentations http esource enron com,HR & Internal
<29012677.1075844790131.JavaMail.evans@thyme>,933,150,Night,applied finance may june cost objective program teach deal rather give better understanding basic financial principals contribute structure deal also provide insight enron deals order make contribution work goes putting one together leave program understanding basic financial accounting issues relevant enron transactions basic understanding enron structures deals deal space financial principals discussed relate enron deals ability take financial principals apply enron deal please login enroll investinme website http www corptraining com index cfm company enron questions please call,Financial & Accounting
<1609158.1075844790263.JavaMail.evans@thyme>,1943,208,Night,avalon oregon weekly wine gourmet news may new newsletter http www avalonwine com weeklynewscurrent htm week top ten north west wines new feature http www avalonwine com toptenlist htm memorial day oregon wine touring suggestions http www avalonwine com jeanswinetours htm new wine releases complete redo update http www oregongourmet com newwinereleases html prerelease sale innocent single vineyard pinot noirs top rated wines buy guarantee get http www avalonwine com stinnocentwinery htm wine tales good wine good company pushy waiter christina kelly http www avalonwine com christinakellycolumns htm northwest wine industry news briefs tyee awards wine sales drop bear creek winery stoller winery formed innocent http www avalonwine com weeklynewsbriefs htm belle pente little winery could http www avalonwine com bellepente htm may wine club newsletter http www avalonwine com wineclubcurrent htm andy wine week arbor crest chardonnay arbor crest http www avalonwine com arborcrest htm cole danehower oregon wine report oregon chardonnay http www avalonwine com htm ann wine week ponzi arneis http www avalonwine com annsweeklyfavorites htm also newsletter page adelsheim second label organic wines news store torii mor new releases bethel heights new single vineyard pinot noirs patty green futures http www avalonwine com weeklynewscurrent htm jean yates avalon oregon street corvallis www avalonwine com removed mailing list click link http www avalonwine com htbin mail cgi sara shackleton enron com,News & Media
<18372160.1075844794413.JavaMail.evans@thyme>,406,77,Morning,brent afternoon beginning around take son doctor depending long takes may make back office brent available via cell phone need reach also please make note brent vacation following days day thursday may day friday may day friday may,HR & Internal
<31762513.1075844794590.JavaMail.evans@thyme>,2066,335,Morning,laurie longer swaps group mary cook sara shackleton contact lawyer charge file carol clair phone fax carol clair enron com laurie orchard lorchard commrisk please respond lorchard carol clair enron com samantha boyd enron com subject draft isda schedule enron guaranty carol returned office months away discovered finalized isda documents enron guaranty attached file emailed last year sure updated version perhaps confirm also please forward enron recent version paragraph credit support annex reviewed document review attached file received january provide following comments part delivery documents part requesting commercial risks party annual financial statements looks like needs clarification appears enron wants receive quarterly financials however publish annual statements privately held company part representations line business removed party guaranty language looks fine amendments would suggest issued check lists signed isda master agreement supporting documents general counsel submit documentation legal counsel issuance legal opinion foresee problems issued timely fashion minor amendments referenced made please forward final clean draft documents attention final review issue documents signatures look forward hearing soon kind regards laurie orchard commercial risk capital markets txt bred doc,Legal & Regulatory
<28649183.1075844795324.JavaMail.evans@thyme>,295,50,Morning,already know time since leaving vacation friday morning please use system input suggested reviewers later noon tomorrow thursday approve get process started leave sorry inconvenience mark,HR & Internal
<24433677.1075844796871.JavaMail.evans@thyme>,1257,178,Afternoon,nymex membership services may notice notice intention transfer please advised effective close business may following member given notice intention transfer sole membership within exchange greg schindler phibro inc notice intention lease original membership please advised effective close business may following member given notice intention lease sole membership privileges russell rosenthal russ members member firms days date notice advise corporate secretary office claims accordance rule inquiries regarding addressed member services department please click link indicate received email http email cfm useremail shackleton enron com refdoc note click line nothing happens please copy text quotes open internet browser paste web site address press return,News & Media
<14019576.1075844797233.JavaMail.evans@thyme>,1918,274,Afternoon,nymex membership services may notice reinstatement membership privileges please advised effective close business may following member reinstated membership privileges peter sepe sepe lessee member qualified trader guarantee provided mbf clearing corp switch lessor please advised effective close business may following member switch lessor within exchange michael frenda mfr randy rechten rdel robert essig stx notice intention switch qualifying clearing member please advised effective close business may man international inc longer guarantee following member stephen willner spw james sims jms however mentioned remain member guaranteed pioneer futures inc connection therewith notification claims aforementioned individuals arising transactions executed exchange close business may must submitted corporate secretary office within ten days members member firms days date notice advise corporate secretary office claims accordance rule inquiries regarding addressed member services department please click link indicate received email http email cfm useremail shackleton enron com refdoc note click line nothing happens please copy text quotes open internet browser paste web site address press return,News & Media
<22541918.1075844550600.JavaMail.evans@thyme>,1194,191,Morning,andrea attached updated power trading forms currently use ena thought may useful forwarded already sami let know assistance recent english translation current deal regards sara enron north america corp david portz sara shackleton hou ect ect subject revised wholesale power bilateral master agreement sara discussed last friday attached referenced agreement reflecting power group current thinking though yet finalized rolled also attach long form confirmation used trading wholesale power counterparties executed master agreement sort enabling agreement epmi latter document updated nine months time thus may reflect proposed changes master formatting may also kilter annex latter document believe usable person assisting brazil please contact questions david,Legal & Regulatory
<31362115.1075844551660.JavaMail.evans@thyme>,1090,179,Morning,mark barbara gray shonnie daniel worked deal enron texaco create called believe ownership respectively employees drawn companies elsewhere still requiring additional services swap group already opened two futures accounts drafted resolutions authorized trader lists etc closing understanding enron would assist short time june however credit bill bradford negotiated year services agreement credit services believe based upon full time person run entire budget randy curry president requested legal swaps group consider short term services arrangement told credit would approx months looking approx isda way ena trying negotiate isda one negotiate yet hired house lawyer interested pursuing request sara,Legal & Regulatory
<4911957.1075844552612.JavaMail.evans@thyme>,761,97,Morning,jeff nogid sara shackleton hou ect ect subject swap terms barna peter equity capital markets pbarna exchange com jeff nogid enron com jeff nogid enron com david vitreola enron com david vitreola enron com maanavi dariush cicg gedny dmaanavi exchange com subject swap terms doc jeff david attached draft term sheet total return swap discussed please give call reviewed would much like work transaction please let know questions comments address timely manner thank doc,Financial & Accounting
<5143608.1075844552658.JavaMail.evans@thyme>,2942,384,Morning,susan heads read messge know timing sort throught later today sheila glover sara shackleton hou ect ect ted murphy hou ect ect donna lowry hou ect ect theresa brogan hou ect ect aneela charania hou ect ect susan flynn hou ect ect sheung tam com subject enron inversiones energia argentine company edide rafael rangel sheila glover danthea dumayas florencia groppo hds com veronica perez subject contacts corrections originally epca edide rfr rafael rangel sheila glover overby danthea dumayas florencia groppo hds com veronica perez subject contacts sheila discussed yesterday need following open brokerage account morgan stanley enron inversiones energia argentine company edide account hold adrs contributed transferred account enron pipeline company argentina epca account morgan stanley epca contribute adrs transportadora gas del sur tgs edide new account contribution represents capital contribution epca obligated make capital increase resolution dated february adr transferred edide accounts edide need convert adr ordinary class shares tgs registered accordingly argentina sheila forwarding hard copy mail appropriate support corporate resolutions authorizing open account resolution authorizing increase capital forms eduardo ojea quintana president edide sign please review advise else need finalize transaction best regards rfr rafael rangel sheila glover danthea dumayas subject contacts sheila finally ready open account morgan stanley edide epca transfer correct amount adrs corporate resolution edide understand contact morgan stanley changed please advise rfr danthea dumayas rafael rangel subject contacts maternity leave soon hopefully absence please call sheila glover questions may need copy old report please call aneela charania thanks terri,Financial & Accounting
<21433176.1075844581300.JavaMail.evans@thyme>,941,139,Evening,recently jeff mcmahon executive vice president treasurer enron corp accepted position chief commercial officer enron net works jeff many accomplishments enron global finance egf include billion closed financings upgrade enron credit rating moody wish jeff well new endeavor ben glisan vice president head egf structured finance business assume jeff responsibilities vice president treasurer enron corp ben joined enron arthur andersen responsible managing structured transactions enron prior arthur andersen ben worked coopers lybrand providing accounting finance services principally financial institutions ben member enron corp executive committee additional details regarding egf organizational changes please see attached memo,Financial & Accounting
<3102952.1075844203392.JavaMail.evans@thyme>,1283,169,Morning,folks let know captures results conversation friday best jeff basics proposal something akin mou adequately addresses solvency issue ious state qfs without transmission component direct access customers transitioning core noncore market structure months accomplished without stranding cdwr contracts concessions ious mou modifications generators past due amounts investigations package finance deal bond issuance backed rate increases permit securitization message last best chance achieve comprehensive settlement developed comprehensive solution meeting everyone see thus far received positive feedback willingness work proposal intend work tirelelessly gain support total solution vital time running media strategy karen denne corporate leader strategy karen denne meetings legislators sacramento sandi mccubbin wptf iep arm sue mara large customers jeff dasovich,Financial & Accounting
<4339332.1075844204636.JavaMail.evans@thyme>,2196,382,Evening,spoke scott miller yesterday several issues course california came scott expressed frustration california situation indicated thinks california never able move away current problems without comprehensive solution led entity like administration scott said thinks parties need come table reach sort agreement net differences suppliers owed california thinks owed refunds accomplished parties would agree enter year supply contracts agreed upon prices bulk california power needs scott floating idea colleagues unnamed countered would ken lay agree something like told agree needs comprehensive solution california know enron would agree asked heard anything vice president task force whether report propose something like scott indicated group contact task force information report workout plan scott idea scott said thinks current scenario unworkable lot internal support hebert approach things get worse example scott said although generators suppliers subject cost justification present problems continue marketers subject cost justification future thought would interested conversation told scott since joe changed jobs feel free call questions talk things like also told call whenever need although scott expecting response california idea sort response may want convey show interest working group similar interest resolving problems california,Legal & Regulatory
<22436946.1075844206398.JavaMail.evans@thyme>,1753,235,Evening,talking points delivered chairman wood tomorrow per discussion removed references enron recommendations thanks jean ryall thane twiggs richard shapiro enron enron steven kean enron enron janet dietrich hou ees ees linda robertson enron enron doug gilbert smith corp enron enron christopher ahn enron enronxgate jean ryall enron enron gloria ogenyi leslie lawner enron enron patrick keene enron enron ron mcnamara enron enron james steffes enron enron christi nicolay hou ect ect subject talking points chairman pat wood please find attached talking points puct chairman pat wood regarding starting date texas choice pilot program implementation ercot iso protocols advised talking points would violate existing parte prohibition may know motion reconsideration docket approve protocols puct talking points discuss protocols merits deal systems implement protocols texas choice pilot program marianne carroll convert talking points carroll gross letterhead delivered chairman wood tomorrow washington traveling austin tomorrow ercot board meeting however please free contact questions concerns thane thomas twiggs enron corp smith street houston texas voice mobile fax digital pager skytel com,HR & Internal
<29715282.1075844208900.JavaMail.evans@thyme>,1346,189,Night,late even houston five brussels office plus continental power plus france belgium arcos gas tpa anti trust angles cross border power transmission cwe eliminating transaction based tariffs achieving transparency non discrimination allocation atc freeing power export transmission capacity optimising forthcoming auction virtual generating capacity inside france resolving restrictions availability new entrants power import transmission capacity achieving power transit without additional tariff wholesale power tpa inside belgium richard shapiro ees doug wood lon ect ect paul hennemeyer lon ect ect peter styles lon ect ect paul dawson govt affairs lon ect ect amber keenan lon ect ect subject european priorities could get next friday may list top priorities respective areas possible consensus document reflecting top priorities entire group brief description priorities would appreciated attempt quantify possible value associated priorities either value potentially created loss value avoided thanks,Financial & Accounting
<30524885.1075844210366.JavaMail.evans@thyme>,2125,174,Morning,sue mara enron corp tel fax chris micheli cmicheli carpentersnodgrass com susan mccabe smccabe mccabeandcompany net sue mara smara enron com steven kelley steven iepa com steve ponder fpl com stephanie newell stephanie newell reliantenergy com scott sadler sadlersa earthlink net scott govenar sgovenar govadv com sandi mccubbin smccubbi enron com ron tom rtom govadv com roger pelote roger pelote williams com robert ross robbiz cwo com rina venturini rventurini teamgsi net richard hyde rwhyde duke energy com rachel king rachel king elpaso com phil isenberg isenberg hmot com mike monagan mrmonagan aol com maureen haren oharen hmot com marie moretti mmoretti mccabeandcompany net lynn lednicky lale dynegy com kent palmerton kent palmerton williams com katie kaplan kaplan iepa com kassandra gough kgough calpine com julee ball jmball net john stout reliantenergy com john larrea john larrea williams com joe ronan joer calpine com jeff dasovich jeff dasovich enron com jean munoz jmunoz mcnallytemple com jan smutny jones smutny iepa com jack pigott jackp calpine com hedy govenar hgovenar govadv com greg blue gtbl dynegy com delaney hunter dhunter com chuck cole ccole advocation inc com bev hansen bhansen lhom com anne kelly kelly hnks com andy brown abb eslawfirm com john norwood janorwood norped com mohammed alrai mohammeda calpine com kent robertson kentr calpine com katherine potter katherip calpine com juan rodriguez juanr calpine com eileen koch eileenk calpine com bill highlander highlander calpine com barbara levake blevake syix com aymee ramos aymeer calpine com subject lockyer fires earthy attack energy exec http www latimes com news state html lockyer fires earthy attack energy exec url,News & Media
<22781468.1075844210651.JavaMail.evans@thyme>,881,106,Evening,please find attached update elektro britaldo garcia enron enronxgate cst richard shapiro enron enron orlando gonzalez enron enron joe kishkill enron enron jeffrey sommers enron enronxgate james hughes enron enronxgate james hughes enron enronxgate ginger dernehl enron enron connie blackwood enron enronxgate rejane pansiera enron enron edineth santos enron enron leigh ann van houten enron enronxgate sonnia reyes enron enronxgate subject conference call enron latin america update please plan participate conference call discuss enron latin america follows time houston time date thursday may toll free caller paid code questions please contact thank garcia,News & Media
<3650655.1075844211172.JavaMail.evans@thyme>,1188,196,Afternoon,confirmed current agenda item pending cpuc act banning direct access said reports highly placed staff item implement ban held bilas office would like see legislative process run course possibility lynch reassign matter another commissioner opposes direct acess wood effort kill legislation passed please note foregoing internal speculation gossip within commission considered confirmed notwithstanding controversy implementing commissioner brown written letter bowen endorsing direct access bill publicly supported direct access commission meeting today means commissioners voiced support opposed raises doubts accuracy bowen statement may designed scare opponents supporting bill attempting get copy letter sent brown forward lobbyists obtaining stay tuned mike day,HR & Internal
<8957377.1075844212997.JavaMail.evans@thyme>,2108,339,Morning,thanks brendan bio would useful able join day shall thus please present apologies asked bruno come brussels accompany rick hot issues belgian french power markets lend balance could present german dutch power issues paul teun brief also chance egregious barriers entry gas side doug doubt guide idea agenda sent ristori advance belgian power status commission infringement action experience continuing closure market inability transit power inaction creg french power forthcoming vpp auctions experience border transmission capacity auctions post border congestion charges arguments reciprocity vis vis neighbouring member states borders transmission capacity reservations still distorting power market principle atc netting german export import related power transmission tariffs status commission discussions german government post florence german gas tpa french gas tpa madrid process forthcoming june meeting progress commission liberalisation acceleration proposals outcome energy council plans parliamentary debates ten minutes rick california power crisis teun note earliest poss appointment rick den haag amsterdam would mid bruno still working meetings paris brendan devlin enron peter styles lon ect ect nailia dindarova lon ect ect richard shapiro enron enron teun van biert enron euenronxgate bruno gaillard enron euenronxgate subject shapiro meeting domique ristori june meeting confirmed june write short bio ristori functions preparation meeting would helpful chris jones confirmed meeting,Financial & Accounting
<15050376.1075844214097.JavaMail.evans@thyme>,2764,442,Evening,fyi talk separately see mail jose jose bestard luiz maurer enron enron orlando gonzalez enron enron joe kishkill enron enron subject renunciando abraceel luiz consideration currents events believe opportune moment resign president abraceel turn reigns successor two reasons first president position abraceel one could fill houston given imminent departure need time advise board plan orderly transition secondly president abraceel called press make public statements defend position power marketers general wanted role first place due current circumstances become temporary liability speak press mostly identified informed sector leaders enron matter thoroughly try clarify speaking president abraceel meantime orlando middle intensive negotiations government members recent comments untimely makes appear public crisis management group issue leader insensitive power marketers read enron position thus undercutting leverage also puts awkward position president organization serving membership engaging public debate mean still fully engaged battle prediction policy makers taking decisions hurt market may come true enron come fighting mean time needing background knowledge move viewpoints open doors presented negotiations rick shapiro committed assistance region long needed joe orlando would wished clock could stopped physical departure postponed well aware fair family postpone move work something provide assistance usa thank perseverance long fight jose luiz maurer enron jose bestard orlando gonzalez enron enron joe kishkill enron enron subject renunciando abraceel bestard obrigado por ajudar neste assunto gostaria que orienta resignar abraceel fosse formalizada por escrito caso isto gere inconvenincias,Energy Trading
<8146770.1075844220545.JavaMail.evans@thyme>,410,69,Morning,one thing note dwr contracts blended core non core curve come true would enjoy back end curve lower price path calculated based dwr figures negative mark maket various points time curves differ gives order magnitute michael,Energy Trading
<8633078.1075844220056.JavaMail.evans@thyme>,630,73,Afternoon,case seen sue mara enron corp tel fax cristina zavala ect david parquet ect ect april hrach ect ect victor browner ect ect gray calvert ect ect susan mara enron enron mark fillinger ect ect michael mcdonald ect ect michael danielson ect ect christopher calger pdx ect ect russeth home com jeff dasovich enron enron octavio carranza ect ect subject news clip fyi clip last nights newscast think ken lay great job response gray comments cristina,News & Media
<8724348.1075844236583.JavaMail.evans@thyme>,2764,471,Morning,fyi something little different discussed opportunities duran last month appear juice tony ravosa contact mine front gov rowland regular basis led conn sites site however attractive keep posted outcome steve rick whitaker sent rick whitaker ravosa vincegroup com steve montovano enron enron ben jacoby michael brown enron com subject new york connecticut site visits tony thank spending much time last several days driving brookhaven meet steve really beyond call duty efforts connecticut gave good initial idea opportunities may two locations first pass look new britain waterbury sites connecticut suggest certainly permittable support local municipalities governor described encouraging next step sites get indication internally interested enron strategically financially connecticut power know want statement interest fairly quickly offer opportunities developers decline brookhaven site long island also looks interesting already stated interest new york power good news bad news site aep controls acre site half mile away good part aep already initially identified gas power water interconnections area shown power plant environmentally low impact bad news second plant might exceed lipa local communities capacity power next steps informally identify transmission constraints already talked dan staines monday tentatively decided seek meeting steve contact keyspan week may back new york finally discussed hypothetically vince group interest would sites decide pursue would interested retained local facilitator projects steve agrees capable success payment upon deal closure reimburse bringing sites investigate internally workable tony thank time interest get back complete initial investigations next two weeks three sites rick,Energy Trading
<3413251.1075844236850.JavaMail.evans@thyme>,1079,177,Evening,rick jim nutshell intelligent bright achiever use many areas global assets ebs environmental come mind clearly politeness friendless actually openness indicate could good team player perceives experience enron positive constructive worked contractual issues related thermofloris colombia panama pipeline risk analytics forte area learning curve needed however abilities clearly resume way explained details experience indicate curve may steep one actually would good addition well established team risk analytics future legal issues associated risks dealt shall take liberty communicate amy finishes exams weeks time learn points strength potential areas contribution course shall keep posted brgrds,Legal & Regulatory
<21022938.1075844237496.JavaMail.evans@thyme>,284,51,Morning,jim asked send attached filing submitted three northeast rto dockets pjm new york new england urging ferc consolidate three rtos one based pjm market design structure please let know questions thanks sarah,Legal & Regulatory
<1719479.1075844238143.JavaMail.evans@thyme>,2496,383,Evening,absolute latest verions doug wood john sherriff lon ect ect michael brown lon ect ect richard lewis lon ect ect eric shaw lon ect ect paul dawson govt affairs lon ect ect paul hennemeyer lon ect ect peter styles lon ect ect subject gov reg affairs organisation space propose proceed min meeting reserved diaries tuesday may discuss organisation desk space requirement attach information agreeable ahead basis still wish meet please let know paul paul peter doug govt reg affairs organisation charts attached changes made follows france belgium bruno gaillard research assistant join netherlands peter styles capitalise previous involvement countries brussels based continental gas resource brendan devlin may join split one london based resource doug wood working continental gas one brussels based resource peter styles second base andreas wagner enron wind affiliated paul hennemeyer pro tem linkage german environmental issues jan haizmann currently ebs regulatory may become freed far eastern broadband assist german competition issues correction minor errors frankfurt manager assistants appointments pipeline omitted previous version space allocation professional staff integrate commercial teams combination permanent desks hot desks immediate requirement desks richard area eric increase affairs vacancies filled provide detail relevant assistants free maximum number desks floor space could reserved floor next requirements assistants govt affairs library extensive paper files hot desks peak times quiet desks reviewing legislation licences etc reduced time extent library digitized assistants found space among commercial groups alternatively space pressures floor increasing staff regroup floor free desks commercial staff precise requirements worked toby knight,Legal & Regulatory
<8420652.1075844238788.JavaMail.evans@thyme>,1465,222,Afternoon,dear richard shapiro thank shopping flowers com gift selected timeless love bouquet delivered amy requested however ensure gifts delivered time mother day asking please flexible delivery gift gift may delivered may may may indicated placing order gift guaranteed delivery may summary order recipient amy lecocq crowned oak woodlands order summary order number product timeless love bouquet service charge tax applicable total charge special instructions fri sat sun acceptable questions please feel free mail customerservice com visit online customer service chat call customer service department toll free sincerely meredith mcardle director customer service flowers com mother day may maybe sister baby first mother day maybe special relationship aunt grandmother even mother law click view selection gre mother day gifts http www com cgi bin collection psmg,Legal & Regulatory
<25379574.1075844239296.JavaMail.evans@thyme>,1241,199,Morning,ken lay spoke several california ceos morning urged get personally involved pushing comprehensive set reforms three expressed willingness help scott mcnealy sun contact person piper cole piper cole sun com scott mcnealy engeng sun com mcnealy wants close business today cheat sheet talking points use politicians elements solution expected comeback may hear political leaders response comeback says spent time working issues sacremento may also want include list suggested contacts kevin sharer amgen contact person sarah jensen engineering operations ksharer amgen com sharer wants information mcnealy mcnealy indicated willingness call meeting california ceos sharer also breakfast hertzberg one week today robert day trust west said close mayor los angeles urged ken call mayor mentioning day ken would like talking points call jeff please put items together,HR & Internal
<8734210.1075844240273.JavaMail.evans@thyme>,899,122,Afternoon,becky pls take lead coordinating response requests critical legal litigation counsel richard sanders bob williams see approve responses sending ferc thanks jim randall rich rrich bracepatt com jsteffe enron com llawner enron com rebecca cantrell enron com subject fwd fax pages ferc data request attached date tue may fax fax rightfaxuser bracepatt com rrich bracepatt com subject fax pages mime version content type multipart mixed boundary time received remote inbound user richrs routing code result successful send page record elapsed time channel tif,Legal & Regulatory
<18043744.1075844242233.JavaMail.evans@thyme>,555,78,Morning,continental gas climate change levy block attempts gte association european gas transportation companies establish unacceptable common standards interconnection interoperability promote pro competitive standards paul hennemeyer promote rtpa gas pipelines germany clarification climate change levy fit ees model outsourcing cross border power trades czech poland germany greek electricity supply licence access capacity greece italy interconnector,Energy Trading
<25710451.1075844242469.JavaMail.evans@thyme>,1020,147,Morning,enclosed research report sent ubs painewebber inc emery fianancial group henry emery ubspainewebber com please contact financial advisor directly questions would like discuss material information contained attached research report believed reliable accuracy guaranteed ubs painewebber inc affiliated companies officers directors employees stockholders may times position including arbitrage position securities described herein may sell buy customers companies may time time act consultant company reported upon need adobe acrobat reader view document already click link http www adobe com prodindex acrobat readstep html follow screen instructions acrobat reader free charge pdf,News & Media
<25796412.1075844243845.JavaMail.evans@thyme>,1226,226,Morning,phone call held today issues actions call right appears would announced around june mayor regular press meeting checking need make sure able cover meeting answer background press may deal team wants enron meet dep next week may begin working mayor statement benefits transaction govt affairs person meeting pick politics message thought one really wants hire outside support everyone comfortable peggy team taking lead want appear enron selling deal deal good let speak everyone agree looking consultant support mwbe issues done least contracted june told outside political support deal piper marbury sue landwehr roy need make sure time week june cover political issues may arise coordinate schedules thanks jim,HR & Internal
<19213540.1075844245644.JavaMail.evans@thyme>,1074,134,Afternoon,fyi future reference jeff dasovich sent jeff dasovich sandra mccubbin enron enron susan mara enron enron subject materials ken lay used jeff dasovich sent jeff dasovich linda robertson enron enron richard shapiro enron enron skean enron com janel guerrero corp enron enron paul kaufman enron enronxgate daniel allegretti enron enron howard fromer enron enron susan landwehr enron enron mpalmer enron com james steffes enron enron subject call friday linda asked could distribute materials developed used recently california regarding crisis solutions try resolve attached backgrounder provided business leaders ken lay met last week power point presentation higher level discussion detailed backgrounder missed anyone please forward along anyone questions give call best jeff,Energy Trading
<20872660.1075844245803.JavaMail.evans@thyme>,1804,290,Evening,status core noncore proposal buzz proposal sacramento still significant growing name tossed context apparently parts enron core noncore proposal hertzberg slated meet caucus evening discuss plan conversation governor financial advisor talked michael hoffman today one governor financial advisors run hertzberg version core noncore model noncore eats iou past due using mou numbers said model work noncore contract mwh pretty consistent analysis hoffman guys final scrub numbers hoffman fax results tomorrow hertzberg coming additional twists however twists include increasing bond issuance keep core rates hoffman concerned market swallow additional debt mou would issue addition hertzberg wants stretch years mou would issues year paper hoffman concerned market buy year paper hoffman continue work dwr creditworthiness issue done july lose contracts signed clauses event credit place july conversation chamber chamber commerce called iterated key features core noncore proposal opposed features tossed cost shifting appreciative liked features proposal agreed stay close contact finally call hertzberg see else learn best jeff,Legal & Regulatory
<29712010.1075844245851.JavaMail.evans@thyme>,1251,164,Night,still debating whether issue press release letter sent friday peggy mahoney ees james steffes enron enron mark palmer corp enron enron karen denne corp enron enron steven kean enron enron elizabeth ivers enron enronxgate mark koenig enron enronxgate paula rieker enron enronxgate subject final final letter california residential customers final letter hear customer service team soon receive first customer call keep loop thanks peggy max eberts marty sunde hou ees ees elizabeth tilney hou ees ees vicki sharp hou ees ees diann huddleson hou ees ees peggy mahoney hou ees ees lamar frazier hou ees ees kevin keeney hou ees ees marcus dotson hou ees ees subject final final letter california residential customers diann received word marty begin dasr ing process within next weeks thus changed last sentence second paragraph reflect everyone records final final copy received necessary approvals customers receive mail thank,News & Media
<11701823.1075844254635.JavaMail.evans@thyme>,2179,381,Evening,couple months ago formed new group within epsa called regulatory affairs washington staff group name needs help discussed many things group increase epsa presence ferc including establishing monthly lunches featuring different ferc guest speaker per lunch yesterday donna attended first lunch group sponsored mirant enron sponsoring july lunch ferc guest speaker gelinas believe big part entergy source sink order important person know people lunch good number gave chance speak get know little better group relaxed festive think put ease well made remarks end lunch said commission main focus california rtos getting running end year said ferc main concerns independence appropriate incentives appropriate scope acknowledged sufficient scope problem voluntary program believes commission hebert leadership able gradually expand scope rtos ultimately handful rtos country furthermore said certain issues believes must included rto filings including putting native load rto tariff however says phase may necessary trick finding reasonable phase period issues said may require actual ferc decisions ferc calling balls strikes issues atc cbm curtailment said atc calculated way rtos question retaining cbm must decided ferc based comments three areas may places could get ferc support views keep mind comment future rto filings let know questions comments sarah donna,Legal & Regulatory
<374096.1075844256986.JavaMail.evans@thyme>,658,102,Afternoon,attaching presentation may egm employee meeting due time constraints meeting covered four egm markets coal lng weather crude products let know questions lisa cathy phillips ect lisa yoho enron enron subject may meeting lisa presentation cathy lisa yoho enron cathy phillips hou ect ect subject may meeting cathy electronic copy presentations made may would mind forwarding thanks lisa,HR & Internal
<31508252.1075844270049.JavaMail.evans@thyme>,454,74,Afternoon,could get next friday may list top priorities respective areas possible consensus document reflecting top priorities entire group brief description priorities would appreciated attempt quantify possible value associated priorities either value potentially created loss value avoided thanks,Financial & Accounting
<2093709.1075844270141.JavaMail.evans@thyme>,1727,245,Night,ashford com order reference information information entered follows incorrect please call corrections email orders ashford com date order reference thank purchasing ashford com order number please keep email confirmation records receive another email confirming shipment order email include link tracking order questions please call international customers please note merchandise country responsible tariffs customs duties import fees may apply billing information name richard shapiro email rshapiro enron com evening phone day phone address crowned oak city woodlands state texas zip country billing information name richard shapiro email rshapiro enron com evening phone day phone address crowned oak city woodlands state texas zip country shipping location name richard shapiro address crowned oak city woodlands state texas shipping method fedex standard overnight excludes weekends evening phone day phone zip country mondaine qty price total responsible pricing errors thank visiting ashford com hope visit soon items denoted asterisk currently stock,Energy Trading
<16503700.1075852031848.JavaMail.evans@thyme>,881,106,Evening,please find attached update elektro britaldo garcia enron enronxgate cst richard shapiro enron enron orlando gonzalez enron enron joe kishkill enron enron jeffrey sommers enron enronxgate james hughes enron enronxgate james hughes enron enronxgate ginger dernehl enron enron connie blackwood enron enronxgate rejane pansiera enron enron edineth santos enron enron leigh ann van houten enron enronxgate sonnia reyes enron enronxgate subject conference call enron latin america update please plan participate conference call discuss enron latin america follows time houston time date thursday may toll free caller paid code questions please contact thank garcia,News & Media
<8526430.1075844272926.JavaMail.evans@thyme>,1270,219,Morning,mike roan met martin president wabash morton legal counsel discuss support rto position mike nice job believe supportive business side martin would like talk someone enron partner deal load management device installed air conditioners meeting lenox need partner market utilities means reducing peak load making power available resale product geared towards residential could applicable small medium commercial customers cases depending utility tariffs available larger customers angle would market directly customers although appear focus told would someone get back please advise interested thanks janine probably know case according tva getting squeezed duke southern quietly lobbying folks like coops raise issue increasing transmission capacity building additional transmission lines better inteconnect system,Legal & Regulatory
<24732538.1075844274296.JavaMail.evans@thyme>,849,129,Morning,attached reply brief supreme court case want comments close business today tomorrow morning need time going comment please send email let know keep eye response thanks sarah palansky ijay ipalansky wilmer com jhartso enron com jhartso enron com dbva radix net dbva radix net sarah novosel mail sarah novosel enron com subject respondent brief attached review comment latest version respondent brief still work progress noted earlier mail brief must sent printer wednesday please try get comments cob tuesday combined draft resp brief doc,Legal & Regulatory
<19842852.1075845301481.JavaMail.evans@thyme>,307,55,Afternoon,paul confirm desk location screen verbal confirmation hunter shively trading proceed new plasma installation thanks colin idea happen pps need bring playstation,Energy Trading
<23432579.1075845301969.JavaMail.evans@thyme>,982,140,Night,esource presents global access training global access offers online connection complete company information filings via content includes disclosure worldscope datastream product designed allow users get complete company information financials filings databases news thousands international companies single source training agenda includes general introduction basic reference view query provides itemized list available source data basic business view query pulls source data various global access content displays presentation summary attend global access clinic may seats fill fast reserve seat please call stephanie taylor check esource training page http esource enron com training doc additional training sessions vendor presentations http esource enron com,HR & Internal
<8623583.1075845303250.JavaMail.evans@thyme>,2102,356,Evening,wanted take moment personally invite participate speak session thursday may cdt questions like submit advance visiting speak enron homepage also wanted take opportunity provide update happening within program since assuming new role beginning april focusing efforts meeting enron business unit leaders many analysts associates possible activities underscore priorities managing program strong alignment enron businesses frequent informal communication specific items focused result feedback communicated coming weeks include improvements prc process final stages development business units recruiting goals strategies recruiting season series floor meetings beginning today visit informally participants program updated social schedule places priority interaction among analysts associates well business leaders enron excited traci warner ted bland joined team western hemisphere lead recruiting career development respectively together bring almost years enron business unit experience case traci experience associate program anna jansson continues outstanding job leading eastern hemisphere program great source new ideas joined enron analysts associates combined sitting one group floor today future innovators leaders enron offices around world program continue important source new talent proud asked take role look forward working billy lemmons,HR & Internal
<2000133.1075845303597.JavaMail.evans@thyme>,732,96,Morning,attached pira latest electricity daily demand forecast questions regarding report content please contact morris greenberg email morris pira com victoria watkins email vwatkins pira com contact john graziano regarding pira report distribution address changes email support pira com note circulation electricity daily demand forecast outside client licensed distribution area strictly prohibited clients unsure licensed distribution require extension current license contact pira sales representative email sales pira com pira energy group pdf xls,Energy Trading
<18888221.1075845305885.JavaMail.evans@thyme>,391,56,Evening,approval status changed following report status last changed john lavorato expense report name trip chicago report total amount due employee amount approved amount paid approval status accounting review payment status pending review expense report click following link concur expense http xms enron com,Financial & Accounting
<33187188.1075845305955.JavaMail.evans@thyme>,732,96,Morning,attached pira latest electricity daily demand forecast questions regarding report content please contact morris greenberg email morris pira com victoria watkins email vwatkins pira com contact john graziano regarding pira report distribution address changes email support pira com note circulation electricity daily demand forecast outside client licensed distribution area strictly prohibited clients unsure licensed distribution require extension current license contact pira sales representative email sales pira com pira energy group pdf xls,Energy Trading
<29341975.1075845306908.JavaMail.evans@thyme>,388,54,Night,approval status changed following report status last changed automated administrator expense report name trip chicago report total amount due employee amount approved amount paid approval status pending payment status pending review expense report click following link concur expense http xms enron com,News & Media
<24601360.1075845308039.JavaMail.evans@thyme>,1016,149,Morning,expense reports taken training expense management system xms cost june june expense management system xms tool used electronically submit expense report approval payment enron intranet user friendly accurate less labor intensive accounting staff system help report travel entertainment expenses learn create new expense reports enter cash expense receipts adding company card entries enter personal car mileage foreign currency translation reimbursement method designating approving manager designating administrative assistant submitting expense report reviewing expense report much please login enroll investinme website http www corptraining com index cfm company enron questions please call,Financial & Accounting
<2856839.1075845312360.JavaMail.evans@thyme>,691,110,Afternoon,please find recent development site track reports wei tai http egmfundy dev corp enron com sitetrack following additions added release group total usage report displays hits group topic level report group total usage report displaying activity top node crumb user activity drill reports displaying user data wei currently developing graphs well ability exclude groups reports performance noticeably slow right optimizing queries production version please review let know issues might come across thanks dave dronet,HR & Internal
<13273744.1075845490911.JavaMail.evans@thyme>,2525,390,Afternoon,hello jeff purpose message bring attention firm sdl international big admirer enron done broadband sector would like prove value firm enron sdl far one largest market leaders globalization industry fortune companies must global presence via web targeted customers sdl based plano offices countries employing publicly traded london stock exchange business years vendor space profitable like speak direct report potential working enron globalization needs certainly understand extreme difficulties expense may face maintaining consistent content branding across multiple multi lingual websites sdl leading globalization infrastructure services firm streamline issues positively impacting bottom line services span internationalization web software technology webflow ets professional services worldwide translation services developed orchestrated work single seamless effort surely enron handles alot already could current process made cost effective well expediting increasing international revenue foreign markets sdl also offers ets real time translation product allows instant multi lingual messaging email web based customer support etc product currently significant installed base clients particular joint effort eds faa global emails pilots airports well used lucent internal communications tool type technology would use solely content info one would normally localize translate ets webflow seperate static globalization industry look forward suggestions may proceed thanks time great day regards michael michael dennison southwestern regional manager esolutions sdl international plano pkwy ste plano fax mdennison sdlintl com www sdlintl com nabling global business,Financial & Accounting
<1516305.1075845491203.JavaMail.evans@thyme>,630,109,Night,jeff hope well dropping note let know forgotten call concerning sale share rio house extremely busy getting immigration status order setting company london also asked price waterhouse update accounts swanswalk ltd ireland company owns house see best way forward potential transaction seeking minimize brazilian irish taxes personal matters take weeks contact discuss house shortly thereafter regards diomedes,Energy Trading
<17876302.1075845491695.JavaMail.evans@thyme>,1962,304,Evening,newpower offer another pilot program houston employees free remote energy management solution helps manage rising energy bills newpower launching revolutionary technology pilot first people sign houston area newpower connections remote energy management solution pilot program designed give consumers control thermostat via internet program allow thermostats adjusted anywhere internet enabled device including computers web enabled cell phones palm devices pocket pcs sears home central install service remote energy management solution charge throughout duration pilot program typical household three month pilot could result percent percent utility bill savings based personal usage size home among first participate absolutely free enrollment newpower connections remote energy management solution pilot program starts may continues end month information offer visit newpower table located plaza enron building near escalator week may become pilot participant need homeowner houston area internet access even newpower electricity customer participate information newpower connections send mail connections newpower com disclaimers contract goods services entered enron employee respect newpower program shall solely newpower employee enron assumes obligation behalf newpower makes representations warranties guaranties respect newpower goods services offered provided newpower home enron com,Legal & Regulatory
<13412429.1075845493903.JavaMail.evans@thyme>,2939,414,Afternoon,jeffrey skilling ceo enron corp dear skilling pleased invite attend rethinking retail energy market risks opportunities held june royal sonesta hotel cambridge cera executive retreat bring together leaders utility energy service provider technology financial communities presentations interactive discussions strategic challenges opportunities today retail energy markets addition cera experts also number outstanding speakers confirmed including bob dickerman president sempra energy solutions kevin fox senior general manager trading marketing risk management aquila carol guthrie group manager electricity supply chevron john hughes director technical services elcon tony lopez lopez chief energy operations officer smartenergy deidre lord director operations aes newenergy jim niewald marketing director first choice power alan raymond president shell energy services martin wenzel vice president national energy sales enron energy services review date agenda program details please visit website http cera com event cambridge program begin tuesday evening june informal welcome reception dinner continue wednesday morning june concludes early afternoon thursday june addition timely insightful presentations program also provides substantial opportunities networking cera staff members cera retail energy advisory service invited guests current attendee list includes senior representatives leading companies including aes newenergy allegheny power chevron energy solutions cinergy capital trading cms marketing services trading detroit edison entergy services exelon energy idaho power itron mirant newpower company oge energy ontario power generation peace software reliant energy riverstone holdings schlumberger rms select energy sempra energy solutions shell energy services williams energy marketing trading sincerely hope able join register please complete return enrollment form found cera website http cera com event cambridge best regards david gibbons commercial director retail energy tel dgibbons cera com relationship important wish receive future mail notifications please send reply message donotemail subject message mailto info cera com subject donotemail,Financial & Accounting
<6611615.1075845494487.JavaMail.evans@thyme>,1024,119,Afternoon,content transfer encoding return path seidmanconsult aol com received aolmail aol com aolmail aol com air aol com esmtp tue may date tue may edt seidmanconsult aol com subject market data consultancy skilling enron com mime version content type multipart mixed boundary mailer unknown version message aol com skilling worked market data industry years feel bring unique perspective field recently started market data consulting practice would interested speaking regarding helping promote services within financial services information industries would welcome opportunity speak greater length sincerely judah seidman president seidman asset management resume doc,Financial & Accounting
<13528386.1075852659206.JavaMail.evans@thyme>,1784,293,Evening,may memo sent regarding peer group mapping mapping intended illustrate functional view point activity placed year end prc please refer attached original memo responded david oxley comments please respond may dave delainey following note last week please find attached consolidated peer group mapping business units mapping intended illustrate functional view point activity placed year end prc considering moving peer group structure however agreed last prc committee meeting stay current structure since data cleaned everyone felt generally comfortable activities placed exception agreed concentrate resolving rather undertaking organization wide remapping excercise consolidate peer groups functions activities within business units reflected acttached actions points excercise review agree attached mapping consider comment highlighted groups discussed previous prc meetings ask comments objections moving indicated attachment invite comments questions function consider questionable requiring explanation please return comments david oxley friday may discussion save lengthy discussions final prc meetings definitions peer groups also attached ease reference,HR & Internal
<32318432.1075845507479.JavaMail.evans@thyme>,1400,227,Afternoon,dear skilling write behalf jerry murdock currently europe murdock asked pass following information regarding telephone call scheduled cst tuesday may insight capital hosts quarterly dinner robert rubin steve friedman selected guests next dinner scheduled july held aspen colorado current state global market one topics discussion jack welch one fellow invitees purpose conversation murdock discuss detail fully brief purpose dinners please hesitate contact require information erica harris insight capital partners fifth avenue floor new york message may contain confidential legally privileged information sent error please reply immediately advise sender error destroy message copies message printout message intended recipient message unauthorized dissemination distribution copying material message attachments message strictly forbidden,Financial & Accounting
<5799518.1075845507525.JavaMail.evans@thyme>,1755,275,Afternoon,erica due fact jeff unable attend july believe would better reschedule call sometime next quarter thanks joannie erica harris eharris insightpartners com jeff skilling enron com jeff skilling enron com subject telephone call jerry murdock dear skilling write behalf jerry murdock currently europe murdock asked pass following information regarding telephone call scheduled cst tuesday may insight capital hosts quarterly dinner robert rubin steve friedman selected guests next dinner scheduled july held aspen colorado current state global market one topics discussion jack welch one fellow invitees purpose conversation murdock discuss detail fully brief purpose dinners please hesitate contact require information erica harris insight capital partners fifth avenue floor new york message may contain confidential legally privileged information sent error please reply immediately advise sender error destroy message copies message printout message intended recipient message unauthorized dissemination distribution copying material message attachments message strictly forbidden,Financial & Accounting
<21009952.1075845509489.JavaMail.evans@thyme>,1157,179,Evening,skilling jeffrey selected participate mid year performance management process feedback plays important role process participation critical success enron performance management goals complete request feedback access pep http pep enron com select complete feedback main menu may begin providing feedback immediately requested feedback forms completed friday may questions regarding pep responsibility process please contact pep help desk houston option email perfmgmt enron com london option email pep enquiries enron com thank participation important process following cumulative list employee feedback requests status open submitted declined employee request feedback name longer appear list note receive message time selected reviewer employee name connolly lisa,Energy Trading
<16231191.1075845509675.JavaMail.evans@thyme>,549,81,Morning,stephane sending today checks totaling represents total pledges contacting people today collect outstanding pledges send care package daily collect srs stephanie strong enron enronxgate bcc jeff skilling corp enron subject pledges already done please turn pledges today either stephanie strong becky pham amelia alder thanks,News & Media
<8100393.1075840154511.JavaMail.evans@thyme>,1752,306,Evening,jeff may know somewhat reluctantly decided resign enron time wanted take time asked whalley possibility six month unpaid unvested sabbatical primarily reasons precedence unwilling pursue option disappointing accept purpose note twofold first would like thank making company great place today giving opportunity great career forever look upon nine plus years enron fondly second would like ask administrator long term incentive plan allow explore opportunities venture capital community without triggering non compete provisions regard future payouts much enjoyed brief role venture capital good contacts area new york since networks decided cease operations business earlier year think enron would view anything might competitive especially working directly energy space enron competitor present planning spend time least summer enjoying travelling family nothing planned professionally yet wanted take opportunity drop note might still viewed positively hope presumptuous please let know thoughts non compete provision would wish anything awkward going forward jeff thanks many great memories enron shareholder keep great work jay,Financial & Accounting
<29025781.1075840154888.JavaMail.evans@thyme>,2556,432,Morning,suspected would problems wanted sure aware issue thanks miss enron well best regards jay jeff skilling enron sent sherri sera enron jay fitzgerald ect ect subject resignation question jay always taken pretty laid back approach noncompete little overlap said however like keep last veto right give call got something good luck future jay missed enron best regards jeff jay fitzgerald ect jeff skilling corp enron enron subject resignation question jeff may know somewhat reluctantly decided resign enron time wanted take time asked whalley possibility six month unpaid unvested sabbatical primarily reasons precedence unwilling pursue option disappointing accept purpose note twofold first would like thank making company great place today giving opportunity great career forever look upon nine plus years enron fondly second would like ask administrator long term incentive plan allow explore opportunities venture capital community without triggering non compete provisions regard future payouts much enjoyed brief role venture capital good contacts area new york since networks decided cease operations business earlier year think enron would view anything might competitive especially working directly energy space enron competitor present planning spend time least summer enjoying travelling family nothing planned professionally yet wanted take opportunity drop note might still viewed positively hope presumptuous please let know thoughts non compete provision would wish anything awkward going forward jeff thanks many great memories enron shareholder keep great work jay embedded stdolelink,Financial & Accounting
<27825828.1075840155182.JavaMail.evans@thyme>,1862,288,Evening,please respond hello jeff hope well background firm see characterizes candidates current recent experiences many already rolled industry well hawkes peers executive search firm based nyc specializing identifying opportunities top tier consultants top strategy firms mckinsey bain bcg kearney booz allen looking move corporate sector candidates also share common qualification mba one elite business schools harvard wharton sloan kellogg etc focus targets network individuals ongoing basis keeping active portfolio management consultants draw appropriate opportunities emergence growth continued vitality hawkes peers direct result increased demand strategy consulting professionals throughout united states intent identify position professionals enhance build quality organizations adhere high professional ethical standards serve best interests clients profession extensive network allow organization highly selective save invaluable time give ability select amongst talented strategic operations management consulting professionals build strength future company interest pool talent represent would happy provide information additionally send samples past introductions well resumes provided permission candidate sincerely georgette semaan hawkes peers georgette hawkespeers com,HR & Internal
<10876681.1075840158455.JavaMail.evans@thyme>,342,58,Night,traci met michael afternoon schedule additional interviews know schedule conflict next wednesday generally available starting following week let get next real time interview round custom schedule goes past couple weeks thanks billy,HR & Internal
<30132326.1075845513477.JavaMail.evans@thyme>,1024,119,Afternoon,content transfer encoding return path seidmanconsult aol com received aolmail aol com aolmail aol com air aol com esmtp tue may date tue may edt seidmanconsult aol com subject market data consultancy skilling enron com mime version content type multipart mixed boundary mailer unknown version message aol com skilling worked market data industry years feel bring unique perspective field recently started market data consulting practice would interested speaking regarding helping promote services within financial services information industries would welcome opportunity speak greater length sincerely judah seidman president seidman asset management resume doc,Financial & Accounting
<18161471.1075845513893.JavaMail.evans@thyme>,2939,414,Afternoon,jeffrey skilling ceo enron corp dear skilling pleased invite attend rethinking retail energy market risks opportunities held june royal sonesta hotel cambridge cera executive retreat bring together leaders utility energy service provider technology financial communities presentations interactive discussions strategic challenges opportunities today retail energy markets addition cera experts also number outstanding speakers confirmed including bob dickerman president sempra energy solutions kevin fox senior general manager trading marketing risk management aquila carol guthrie group manager electricity supply chevron john hughes director technical services elcon tony lopez lopez chief energy operations officer smartenergy deidre lord director operations aes newenergy jim niewald marketing director first choice power alan raymond president shell energy services martin wenzel vice president national energy sales enron energy services review date agenda program details please visit website http cera com event cambridge program begin tuesday evening june informal welcome reception dinner continue wednesday morning june concludes early afternoon thursday june addition timely insightful presentations program also provides substantial opportunities networking cera staff members cera retail energy advisory service invited guests current attendee list includes senior representatives leading companies including aes newenergy allegheny power chevron energy solutions cinergy capital trading cms marketing services trading detroit edison entergy services exelon energy idaho power itron mirant newpower company oge energy ontario power generation peace software reliant energy riverstone holdings schlumberger rms select energy sempra energy solutions shell energy services williams energy marketing trading sincerely hope able join register please complete return enrollment form found cera website http cera com event cambridge best regards david gibbons commercial director retail energy tel dgibbons cera com relationship important wish receive future mail notifications please send reply message donotemail subject message mailto info cera com subject donotemail,Financial & Accounting
<28289945.1075845514214.JavaMail.evans@thyme>,792,139,Morning,skilling wanted make aware fact leaving newpower last day newpower week come foremost wanted thank time given enron newpower past year newpower intense intellectually lucrative learning experience brought many skills experience companies wonderful fruitful exciting glade see newpower enron employee program faired well best continuation president ceo enron corp family look forward chance meeting regards wilson kriegel attach resume would see opportunities experience gained enron newpower,HR & Internal
<28394269.1075845515721.JavaMail.evans@thyme>,445,76,Morning,dear richard per conversation jeff skilling last week suggested contact would like request names companies outsource accounting needs would like target latest product data storage capacity please let know would like proceed regarding matter thank shalesh ganjoo senior analyst cell,Financial & Accounting
<25701656.1075840162944.JavaMail.evans@thyme>,2848,241,Night,simon unable open attached document jeff skilling could please resend thanks joannie rose enron enronxgate abraham enron enronxgate cliff baxter enron enronxgate sally beck enron enronxgate tim belden enron enronxgate philippe bibi enron nronxgate raymond bowen enron enronxgate debbie brackett enron enronxga william bradford enron enronxgate michael bridges enron enronxgate michael brown lon ect ect lydia cannon enron enronxgate bob crane enron enronxgate john cummings enron enronxgate bryan deluca enron enronxgate karen denne corp enron enron jennifer deboisblanc denny enron enronxgate daniel diamond enron enronxgate marc eichmann enron enronxgate jim fallo enron communications enron communications jay fitzgerald ect ect dav forster enron enronxgate mark frevert enron enronxgate bruce garner ect ect paul goddard enron enron joe gold lon ect ect amita gosalia lon ect ect mark haedicke hou ect ect jeff harbert enron enronxgate reg hermans enron enronxgate kimberly hillis enron enronxgate joseph enron enron rahil jafry enron enronxgate adam johnson enron enronxg ate tim jones enron enron steven kean enron enron louise kitch hou ect ect mark koenig corp enron enron kenneth lay corp enron enron david leboe enron enronxgate richard lewis lon ect ect thor lien enron uenronxgate george mcclellan enron enronxgate mike mcconnell hou ect ect dawn mcdonald enron enronxgate kevin mcgowan enron enronxgate jeffrey mahon enron enronxgate vance meyer enron enron torrey moorer enron enr onxgate matt motsinger enron enronxgate john nowlan enron enronxgate eonardo pacheco enron enronxgate mark palmer corp enron enron mark palm enron enronxgate meredith philipp corp enron enron mark pickering enro euenronxgate savita puthigai enron enronxgate paul quilkey pment suresh raghavan enron enronxgate daniel reck enro enronxgate paula rieker enron enronxgate jennifer rosado enron enronxga justin rostant enron enronxgate tammie schoppe hou ect ect stephanie segura enron enronxgate kal shah enron enronxgate jeffrey shankman enro enronxgate john sherriff lon ect ect bob shults enron enronxgate jeff skilling corp enron enron tina spiller enron enronxgate tara sweitzer enr enronxgate mark taylor hou ect ect eric thode corp enron enron sheri thomas enron enronxgate laura valencia enron enronxgate greg whalley hou ect ect andy zipper enron enronxgate subject executive summary may following please find daily enrononline executive summary embedded picture metafile,News & Media
<2859203.1075845520281.JavaMail.evans@thyme>,3228,477,Afternoon,jeff agreed participate thanks joannie david delainey ees jeff skilling corp enron enron subject macerich conferences jeff heading macerich offices meet macerich management team meeting discussing outsource future relationship companies would also like speak direct reports change management cultural characteristics enron however would really like provide presentation general topics macerich company conference june heard speak believes approach perspective benefit conference obviously guys important relationship reference commercial real estate business let know interest regards delainey angela schwarz david delainey hou ees ees jeremy blachman hou ees ees subject macerich conferences conferences discussed thursday discuss monday thanks ams macerich com aschwarz enron com macerich com macerich com macerich com subject macerich conferences angela thanks making time dinner wednesday great see art mentioned since time started working made frequent references operating teams enron accomplishments areas customer excellence employee satisfaction generally held enron example highly accomplished company areas macerich currently focusing organization operational integration customer orientation scalability change leadership strategic focus said would extremely appreciative opportunity either jeff skilling dave delainey speak either conferences event delighted would make effort see put together relative upcoming macerich events two scheduled university notre dame executive education program may south bend curriculum centered change leadership strategic thinking officially enhanced leadership strategy new economy attendees include executive team art david rick tom larry sidwell operating team svps also round table discussion scheduled board may macerich company conference june park cities utah emphasis conference business transformation specifically becoming wholly integrated across functional roles customer facing highly scalable capturing value value network relationships retailers partners vendors shoppers etc attendees event include people und well managerial professionals malls corporate offices people total let know need additional background information eric,HR & Internal
<31913103.1075845337420.JavaMail.evans@thyme>,649,105,Afternoon,changes place order start capturing storage balance identified points storage wild goose storage next scrape time today evaluate first run values shortly end week even beyond data monitored closely make sure calculations correct questions concerns let know chris pipeline drn pgeinv wildgooseinv data starts effective date cycle value obtained old operational report needed seed rolling calculations,Financial & Accounting
<15269537.1075845334497.JavaMail.evans@thyme>,362,65,Night,please send mail list accomplishments january april help prepare mid year reviews would like update beginning month list include projects completed projects currently working compare input list maintain chris,News & Media
<6627891.1075844270945.JavaMail.evans@thyme>,1020,147,Morning,enclosed research report sent ubs painewebber inc emery fianancial group henry emery ubspainewebber com please contact financial advisor directly questions would like discuss material information contained attached research report believed reliable accuracy guaranteed ubs painewebber inc affiliated companies officers directors employees stockholders may times position including arbitrage position securities described herein may sell buy customers companies may time time act consultant company reported upon need adobe acrobat reader view document already click link http www adobe com prodindex acrobat readstep html follow screen instructions acrobat reader free charge pdf,News & Media
<12203137.1075844271190.JavaMail.evans@thyme>,1667,261,Morning,president named pedro parente energy czar yesterday coordina rationing crisis develop short medium term solutions sector rumors aneel directors replaced mauro arce sao paulo state energy secretary also coordination team mines energy minister strong personal relationships parente arce invited participate one private sector repesentatives scheduling call assistants update see attached official admits government underestimated energy crisis government officials thursday opted create special interministerial group address brazil current energy crisis cabinet head pedro parente coordinate group made announce ment also admitted situation serious originally though comment seemed addressed strongly worded criticisms business leaders charged government failed act time deal crisis head infrastructure department paulo state federation industries fiesp pio gavazzi warned industry could support energy cut reduction level would catastrophic results gavazzi said fiesp research statistics director clarice messer added rationing would stop expansion jobs paul industry began last year according messer new jobs would created second semester result energy cuts,News & Media
<33085974.1075842192000.JavaMail.evans@thyme>,3504,338,Morning,part info select agreed send sacks seen regards janice assistant general counsel enron north america corp fax morisjr selectenergy com edward sacks enron com janice moore enron com lemelpe com moonevw selectenergy com subject organization attached org chart pretty think work john lois chiovoloni risk assess john morissette nus subject organization parent subsidiary relationship state incorporation northeast utilities business trust charter oak energy inc coe argentina corp coe ave fenix corporation coe development corporation connecticut light power company receivables corporation holyoke water power company holyoke power electric company north atlantic energy corporation north atlantic energy service corporation northeast nuclear energy company northeast utilities service company enterprises inc hec inc hec energy consulting canada inc canada hec tobyhanna energy project inc reeds ferry supply inc select energy contracting inc mode communications inc northeast generation company northeast generation services company boulos company ngs mechanical inc select energy inc select energy portland pipeline inc public service company new hampshire properties inc quinnehtuk company rocky river realty company western massachusetts electric company yankee energy system inc norconn properties inc services inc yankee energy financial services company yankee energy services company yankee gas services company inactive subsidiaries state incorporation parent company connecticut steam company electric power incorporated nutmeg power company housatonic corporation yes yankee energy marketing company yes home corporate services job enterprise planning weather maps phone contact northeast utilities service company northeast utilities rights reserved pagemaster kay comendul comenok com page last modified,Legal & Regulatory
<4129454.1075842196440.JavaMail.evans@thyme>,2518,381,Morning,carol clair phone fax carol clair enron com larry decker enron chris long corp enron enron carol clair hou ect ect subject forward contract definition carol attached passed respectively senate house know bills prepared conference however senate leadership yet figured organize conference language interest located title sec found page page thanks larry chris long carol clair hou ect ect larry decker enron enron subject forward contract definition please forward carol via mail carol clair ect chris long corp enron enron subject forward contract definition chris thanks checking vicki sharp see want anything locate latest version bill would proposed changes forward contract definition carol clair phone fax carol clair enron com chris long enron carol clair hou ect ect subject forward contract definition carol never late suggest change given political situation would hesitant offer anything clarification would spend huge amount time suggest examine changes depending happens senate democratic hands process reopened could opportunity offer suggested changes kill bill together carol clair ect chris long enron com vicki sharp hou ees ees jeffrey hodge hou ect ect elizabeth sager hou ect ect subject forward contract definition chris would late suggest changes definition forward contracts bankruptcy code order improve position respect physical supply contracts ees enters sure chnages would want wondering opportunity suggest change let know think thanks carol clair phone fax carol clair enron com,Legal & Regulatory
<305387.1075842089250.JavaMail.evans@thyme>,1704,288,Evening,john reviewing amendment susan bailey working concerning isda master ecc petro canada wanted make sure comfortable leaving following provisions schedules amended definition specified indebtedness sure understand threshold amount need first part language wanted thoughts alos second part language need updated revised manner deleted concept credit event upon merger added specified transaction physical master agreement makes part cross default specified transaction event default trigger specify threshold added additional termination event contains unusual ratings triggers example rated bond rating services describe trigger clause additional termination event think cure language works understand works collateral threshold since trigger zero something else note setoff rights currently apply termination event caused tax event tax event upon merger csa permitted cash government securities think problematic given general rule canada take minimum transfer amount please call convenient discuss carol carol clair phone fax,Legal & Regulatory
<20211965.1075842089478.JavaMail.evans@thyme>,988,136,Morning,mary left message john received approval dave give bilateral termination right send language shortly carol mary griff gray carol clair hou ect ect subject enrononline eta question carol talking customer said heard anyone enron regarding question could update request thanks griff mary griff gray carol clair hou ect ect subject enrononline eta question carol john puett duke energy corporation wonders duke energy discontinue contract stated states enrononline terminate contract please call john regardng question thanks carol wonderful weekend mary griff gray,Legal & Regulatory
<24536207.1075842090059.JavaMail.evans@thyme>,527,92,Evening,susan preparation forms meeting next week could please secretary prepare sets latest versions following group jason included isda schedule csa schedule plus provisions industrial master annex ena ecc annex omnibus form include collateral variations canadian tax annexes guaranty form miss forms talk could distributed monday noon would great thanks carol,HR & Internal
<14947538.1075842093461.JavaMail.evans@thyme>,946,153,Afternoon,brant thoughts carol carol clair brant reves hou ect ect susan flynn hou ect ect subject oneok brant trying finalize agreement following transfers ena oneok gas marketing company trades oneok gas marketing master onoek gas marketing company oneok energy marketing trading company formerly marketing terminates oneok energy marketing master makes oneok energy oneok gas marketing trades subject onoek gas marketing master need know new oneok inc guaranty covers trades please fax copy new enron guaranty happens existing enron guarantees currently support onoek energy master oneok gas marketing master please advise carol,Legal & Regulatory
<18402303.1075842094408.JavaMail.evans@thyme>,2646,448,Evening,carol clair phone fax carol clair rod nelson hou ect ect subject deutsche bank rod credit issues cross default language want add language basically says even cross default occurs unless non defaulting determines good faith performance defaulting party obligations master endangered cross default triggered credit event upon merger commented instaed materially weaker standard wanted specify meant rated bbb feel strongly alos usually language says event like merger occurs transferee provides collateral party amount satisfactory party credit event upon merger triggered want add carve okay want separate event default gets triggered mac bbb occurs requested collateral threshold language saying operational purposes cannot agree netting want category eligible collateral governmental securities maturity less year valued csa dispute occurs respect either calculation exposure calculation value colateral connection party request either transfer return collateral normally following procedures apply disputing party notifies party nature dispute close business day following day collateral request made undisputed amount transferred party making request parties attempt resolve dispute resolution time resolution reached recalculation exposure made market quotations obtained normally say resolution time business days dispute notice given wants shorten period business day dispute notice given gives parties less time resolve dispute think party holds cash collateral normally say interest earned transferred first day month want change first last let know think hoping could resolve counterpart carol,Energy Trading
<13422747.1075842202327.JavaMail.evans@thyme>,770,112,Afternoon,legal technology committee presents legal portal enron legal edge single point access tools needed perform work enron legal edge http legaledge corp enron com bmp information enron legal edge included attached file available content appear site follow directions user guide create customize portal appearance use select content want see check site use information attached handout portal site help get around portal handout doc bmp portal handout doc,Legal & Regulatory
<20730824.1075842205451.JavaMail.evans@thyme>,359,55,Morning,jim marianne could please remind type deals would done type agreement deals would differ deals done electric energy services sales agreement large industrial customers thanks carol clair phone fax carol clair enron com,Legal & Regulatory
<13144304.1075842207648.JavaMail.evans@thyme>,1621,225,Afternoon,kristina jordan vicki thought groups may interested materials revised article carol clair phone fax carol clair enron com lech kalembka lech kalembka cwt com carol clair enron com david mitchell david mitchell cwt com subject revised ucc discussed attached memo discusses revised ucc generally outline focuses transition please call questions see attached file revised ucc memo doc see attached file revised article transition memo doc lech kalembka cadwalader wickersham taft maiden lane new york tel fax mail lech kalembka cwt com note information email confidential may legally privileged intended recipient must read use disseminate information although email attachments believed free virus defect might affect computer system received opened responsibility recipient ensure virus free responsibility accepted cadwalader wickersham taft loss damage arising way use revised ucc memo doc revised article transition memo doc,Financial & Accounting
<9517931.1075842116496.JavaMail.evans@thyme>,1768,296,Afternoon,rod issues taht need talk call wednesday afternoon carol carol clair rod nelson hou ect ect susan bailey hou ect ect jason peters corp enron enron subject dresdner bank credit issues rod following credit issues raised comments cross default threshold instead want equity test credit event upon merger want delete amendment language schedule mac trigger currently event default want make termination event also want add trigger going rating moody financial reporting section want add side requirement deliver financial business report make available shareholders file sec bank regulatory authorities netting language excluded currency option transactions setoff language limited trigger designation early termination date termination event credit event upon merger alos want setoff apply matured unmatured obligations want cap enron guaranty termination section specify loss second method interesting rider insert modifies second method works still trying understand language appears qualify payments termination non defaulting party would make defaulting party send copy comments hopefully talk next week carol,Legal & Regulatory
<30482916.1075842117762.JavaMail.evans@thyme>,602,90,Afternoon,david need see language cam advise carol clair phone fax david dupre carol clair hou ect ect subject merrill lynch capital services according bruce mills group contacted merrill lynch captial services retrieve outstanding confirms indicated want fixed price nymex language changed reflect floating price language wants deals confirming changed immediately refaxed please advise david,Financial & Accounting
<14423583.1075842118050.JavaMail.evans@thyme>,1585,224,Morning,mary waiting david forester approve language mark came carol clair phone fax mary griff gray carol clair hou ect ect subject enrononline eta question hey carol pest status duke energy corp termination deal thanks carol great weekend griff carol clair mary griff gray hou ect ect matthew goering hou ect ect subject enrononline eta question mary left message john received approval dave give bilateral termination right send language shortly carol mary griff gray carol clair hou ect ect subject enrononline eta question carol talking customer said heard anyone enron regarding question could update request thanks griff mary griff gray carol clair hou ect ect subject enrononline eta question carol john puett duke energy corporation wonders duke energy discontinue contract stated states enrononline terminate contract please call john regardng question thanks carol wonderful weekend mary griff gray,Legal & Regulatory
<31269538.1075842120859.JavaMail.evans@thyme>,478,68,Afternoon,mark please see enclosed draft product description auction procedures carol gaurav babbar carol clair hou ect ect elizabeth sager hou ect ect subject documentation carol sorry send earlier please find attached copy insurance policy draft product description draft line auction instructions let know need information regards gaurav babbar,HR & Internal
<19014278.1075842123480.JavaMail.evans@thyme>,494,52,Evening,gaurav thanks forward lebeouf folks could please update adding scott avitabile bruce wright sam berins john mcgreevy recirculate thanks gaurav babbar david hoog ace ina com alex tartakovski ace ina com zaccaria ace ina com carol clair enron com bill windle enorn com elizabeth sager enron com leslie hansen enron com vasant shanbhogue enron com subject contact list,News & Media
<10000544.1075851839510.JavaMail.evans@thyme>,1344,200,Morning,please print new transmission rate sheet keep trade books accounting people givingt fit incorrect transmission prices system requires mucho advil thanks michael jacobson enron kayne coulter hou ect ect baughman hou ect ect juan hernandez corp enron enron terry moore enron enronxgate larry jester corp enron enron thresa allen hou ect ect subject transmission rates hey guys updated transmission rates table may location electric east volume mgmt transmission transmission rates better spot make accessible let know put copy whereever couple trends noticed hopefully corrected first energy transmission counterparty american transmission systems inc atsi duke transmission duke counterparty duke electric transmission dukeeletra georgia ancillary service charges changed although website updated price changed please pass along rest group questions suggestions hesitate call thanks michael aol steno,Financial & Accounting
<21921336.1075858517961.JavaMail.evans@thyme>,622,103,Night,please note ibm load approximately per hour demand zone expected returned bundled service june expected remain scheduling supply obligation ees complete hourly schedule june including ibm incorporating known changes confirmed time sent tuesday may addition sample flash report based weather corrected load projections explanation available forecast detail sent tuesday please call michael spruiell questions thanks michael,News & Media
<10515531.1075858516123.JavaMail.evans@thyme>,961,156,Evening,chris wanted follow ensure received iso audit plan draft yesterday receive please let know send would like receive feedback finalize document thanks linda internet email confidentiality footer privileged confidential information may contained message addressee indicated message responsible delivery message person may copy deliver message anyone case destroy message kindly notify sender reply email please advise immediately employer consent internet email messages kind opinions conclusions information message relate official business firm shall understood neither given endorsed,Financial & Accounting
<11295726.1075858496224.JavaMail.evans@thyme>,289,54,Night,pat files checked epmi daily basis however nothing done files explanation sent resubmitted process need able explain reason resubmital variance iso chris,News & Media
<11952089.1075858496670.JavaMail.evans@thyme>,300,52,Evening,linda audit plan except date completion august seems quite excessive since one sqmd audit belts please provide logic behind thought audit take complete thanks chris,Financial & Accounting
<10270685.1075858506757.JavaMail.evans@thyme>,440,81,Evening,wheeling cong calcing incorrectly donna made change charge calculated follows old export wheeling import price import wheeling export price new import wheeling import price export wheeling export price thus effective cob today new production let donna know questions kourtney,Energy Trading
<17505087.1075858508859.JavaMail.evans@thyme>,630,116,Evening,pat reviewing meter load validation report use keep eye load schedule meter data running reports daily since found following information missing reports missing information pges zone missing load sch meter zone missing meter data due issues experiencing lately want make sure data complete could let know via mail know zones missing data thank jim,News & Media
<2435552.1075845343238.JavaMail.evans@thyme>,641,108,Afternoon,attached revised credit watch listing week please note paralan company sgl carbon llc added credit watch list also southstar energy services llc moved trades personnel group included distribution please insure receive copy report add additional people distribution report sent error please contact veronica espinoza questions please contact jason williams russell diamond veronica espinoza,News & Media
<8672113.1075845343521.JavaMail.evans@thyme>,808,109,Night,esource presents sdc platinum training sdc platinum offers detailed transactional information new issues mergers acquisitions syndicated loans private equity strategic alliances project finance others product designed allow users compare transactions evaluate advisors analyze market industry trends training agenda includes general introduction basic query techniques new issues databases basic query techniques trend analysis attend sdc platinum clinic may seats fill fast reserve seat please call stephanie taylor check esource training page http esource enron com training doc additional training sessions vendor presentations http esource enron com,Financial & Accounting
<29435697.1075845344721.JavaMail.evans@thyme>,1016,149,Morning,expense reports taken training expense management system xms cost june june expense management system xms tool used electronically submit expense report approval payment enron intranet user friendly accurate less labor intensive accounting staff system help report travel entertainment expenses learn create new expense reports enter cash expense receipts adding company card entries enter personal car mileage foreign currency translation reimbursement method designating approving manager designating administrative assistant submitting expense report reviewing expense report much please login enroll investinme website http www corptraining com index cfm company enron questions please call,Financial & Accounting
<17868238.1075841599295.JavaMail.evans@thyme>,382,53,Afternoon,hey big fella baking process going everything okay give update btw able get measured tux shop received measurements yet like get taken care possible thanks jason get free download msn explorer http explorer msn com,News & Media
<13595206.1075857442374.JavaMail.evans@thyme>,1086,171,Afternoon,critical migration information scheduled outlook migration date evening may need press save data button send pre migration information must connected network press button pop box appears prompting abort cancel trust signer please select trust signer information add personal address book journal calendar click button need manually added outlook migrated clicking button complete migration outlook migration completed evening migration date failure click button means get calendar contacts journal todo information imported outlook day migration could result week delay restore information encounter errors please contact resolution center,News & Media
<26266278.1075857446613.JavaMail.evans@thyme>,1711,254,Afternoon,current notes user ensure experience successful migration notes outlook necessary gather individual user information prior date migration please take minutes completely fill following survey double click document put edit mode finish simply click reply history button hit send survey automatically sent outlook migration mailbox thank outlook migration team full name login extension office location type computer desktop laptop pda yes type none ipaq palm pilot jornada permission access anyone email calendar yes anyone permission access email calendar yes responsible updating anyone else address book yes anyone else responsible updating address book yes access shared calendar yes shared calendar distribution groups messaging maintains mass mailings yes please list please list notes databases applications currently use efforts plan exact date time migration also need know normal work hours office near future vacation leave etc,HR & Internal
<4796387.1075841720637.JavaMail.evans@thyme>,596,88,Afternoon,john van gelder recently transferred ebs portland work west origination group john began working enron energy services summer intern january started working enron broadband services promoted associate manager working wholesale origination group john received bachelors degree mechanical engineering university kansas completed master program university michigan school business administration please welcome john portland office regards chris,Energy Trading
<26981616.1075841859922.JavaMail.evans@thyme>,1142,176,Morning,anytime try least pretend traders civilized correspondence little know kate kimberly hundl enron kate symes pdx ect ect subject unit contingent deals thanks deleting smacking around part chica kate symes ect lester rawson pdx ect ect kimberly hundl corp enron enron subject unit contingent deals les latest list unit contingent deals need unit names tried referring unit name list entering looks like delivery points correspond one unit navajo originate cogen saguaro power could add unit names deals let know enter would much appreciated thanks kate kimberly hundl enron kate symes pdx ect ect subject unit contingent deals mornin sunshine need unit names following deals please thanks kim,Energy Trading
<24267235.1075841860865.JavaMail.evans@thyme>,1474,265,Morning,latest short term west services desk bought power sierra pacific holding bob ellery contact called real time desk said lost unit needed buy power back deals system follows epmi buys sierra pac round clock round clock peak peak short term west hourly sells automated power exchange sierra scheduling coordinator round clock total value sierra buy back real time market sold sierra also confirm letters hour ahead trades could running confusion let know helps continue look deal flowing real time group told one first hours whole day get back soon kate mark confer kate symes pdx ect ect subject update kate latest regarding sierra pacific industries buy backs amount day let know obtain information payment terms net days receipt invoice faxed april thanks help regarding ees items mark,Energy Trading
<19680938.1075841909209.JavaMail.evans@thyme>,696,106,Afternoon,three possible mollie gustafson kate symes pdx ect ect subject tonight beavers baseball first got emails right away many would like kate symes mollie gustafson pdx ect ect subject tonight beavers baseball interested kate mollie gustafson portland west desk subject tonight beavers baseball tickets available beavers game tonight enron pavilion suite game starts also parking pass available first person express interest winner thanks mollie,Energy Trading
<28332038.1075859926079.JavaMail.evans@thyme>,572,106,Morning,susan would like talk briefly next week sometime opinion would best way train new legal assistant plan hire particular could give thought worked best work keep whatever say confidential also discussed mark want play significant role training process given outstanding progress made last year could also give thought let know think thanks carol,Legal & Regulatory
<33291667.1075859926571.JavaMail.evans@thyme>,465,69,Morning,mark taylor enron com sent mail gilbergd sullcrom com sullivan cromwell received spam domain mail address past need send mail please contact support mail sent law firm contains information may privileged confidential intended recipient please delete mail notify immediately,Legal & Regulatory
<14965398.1075859883856.JavaMail.evans@thyme>,1391,153,Afternoon,taffy would please add meetings calendar thanks mark ect legal taylor hou ect enron capital trade resources corp cindy shaffer sally beck hou ect ect ted murphy hou ect ect dan bruce hou ect ect jordan mintz hou ect ect georgeanne hodges hou ect ect paige grumulaitis hou ect ect bob shults hou ect ect mark ect legal taylor hou ect ect mark haedicke hou ect ect roger ondreko hou ect ect christine lee hou ect ect thomas bauer corp enron enron debra cash corp enron enron john sorrells corp enron enron michael schultz corp enron enron james brown corp enron enron wanda curry hou ect ect carmella jones hou ect ect darlene forsyth hou ect ect renee ingram hou ect ect veronica valdez hou ect ect martha reyna hou ect ect lorraine becker hou ect ect sylvia sauseda hou ect ect gretel smith hou ect ect karen myer gpgfin enron enron subject monthly audit meeting schedule year end scheduled monthly audit meetings year end last wednesday month outlined dates please mark calendars may june july august september october november december thanks,Legal & Regulatory
<5702167.1075859884654.JavaMail.evans@thyme>,1993,210,Afternoon,discussed meeting attached preliminary drafts internet trading access agreement electronic trading agreement first agreement intended manually signed reflects counterparty agreement bound second agreement agreements posted website click procedure second agreement includes reps warranties limitations liability etc enron need obtain counterparty note reason bifurcating two agreements keep initial manually executed agreement short user friendly would preferable think works business perspective single agreement containing provisions agreements manually executed consider discuss feasibility approach finally please note agreements reference procedures included website procedures include actual mechanics trading counterparty agree need course included agreements directly please let know problem opening documents look forward discussing issues wpd wpd,Legal & Regulatory
<13356354.1075859884904.JavaMail.evans@thyme>,486,83,Morning,fyi one legal consultants mentioned another clients setting internet derivatives trading system using outfit called intuitive products international based new york london assist system design tana jones setting demo folks legal department needs mind like attend happy ask expand presentation include internet trading,Legal & Regulatory
<21099469.1075860207091.JavaMail.evans@thyme>,1216,200,Morning,lay jeff skilling enron office chairman enron enron worldwide subject cliff baxter office chairman sadness regret announce cliff baxter resigni employee enron happy though cliff primary rea son resigning spend time family cliff unique talent creativity intelligence sense humor straightforward manner assets company throughout career missed cliff joined enron key member team built enro wholesale business becoming vice chairman enron cliff served variety positions enron wholesale businesses culminating appointment chairman chief executive officer enron north america asked cliff agreed continue consulting role company concluding negotiations number key asset dispositions please join thanking cliff service company wishing best,Financial & Accounting
<19225494.1075860209832.JavaMail.evans@thyme>,1046,145,Evening,approved enron purchasing enron sent leticia flores enron mark taylor hou ect ect holly keiser subject ibuyit eprocurement request mark holly absence please approve request know order needed right away thank enron purchasing sent leticia flores holly keiser subject ibuyit eprocurement request thank submitting order ibuyit eprocurement unfortunately system able determine approve request please route document person generally approves expenditures send email enron purchasing denoting approval facilitate communication attached see list items ordered thank future orders update workflow table route directly approver provide approvers names,News & Media
<686341.1075860220489.JavaMail.evans@thyme>,805,140,Evening,alan discussion last week attached request advice baker mckenzie trading weather products japanese counterparties eol discussed would forward date previous advice indicated regulatory issues weather trading needs inserted places would able send copy advice need legal issues resolved prior june scheduled date function public function launch eol weather trading australia plan trade tokyo osaka addition australian cities discussion seoul weather products progressed need required due diligence korea,Legal & Regulatory
<16977903.1075860217510.JavaMail.evans@thyme>,852,123,Morning,another publication seeking put enrononline party contract please take look lets discuss deal pretty simple pay one year deal user counts fees attrition unlimited use publish monthly committed going twice month thanks dave john sodergreen johns scudderpublishing com dave samuels enron com subject exchange site lic hello dave agreement attached pdf file look give ring tomorrow many thanks look forward working best john enronexchangelic pdf john sodergreen editor chief scudder publishing group llc johns scudderpublishing com www scudderpublishing com desk power executive bandwidth desk energy ebusiness,Legal & Regulatory
<1315941.1075860217699.JavaMail.evans@thyme>,300,56,Evening,asked taffy schedule interview candidate monday sara spoke today think apprpritae come back met plesae let taffy know asap cannot attend hopefully make decision next week carol,HR & Internal
<7346036.1075860218328.JavaMail.evans@thyme>,284,52,Morning,taffy could please schedule meeting next week entire group including jason peters hours changes need made forms might nice given amount time schedule around lunch hour order lunch thanks carol,HR & Internal
<2595865.1075860218867.JavaMail.evans@thyme>,961,163,Evening,many requests copy roster class recently attended clearly positive sign networking part objectives holding sessions working attached roster group encourage contact individuals move forward careers enron significant shared experience sure would willing assistance way thanks active participation program major part making success contacting next months follow get feedback program interim let know anything else help furthering executive development see attached file eii roster xls dick amabile eii roster xls,HR & Internal
<10981374.1075859996541.JavaMail.evans@thyme>,284,52,Morning,taffy could please schedule meeting next week entire group including jason peters hours changes need made forms might nice given amount time schedule around lunch hour order lunch thanks carol,HR & Internal
<8987831.1075859997055.JavaMail.evans@thyme>,572,106,Morning,susan would like talk briefly next week sometime opinion would best way train new legal assistant plan hire particular could give thought worked best work keep whatever say confidential also discussed mark want play significant role training process given outstanding progress made last year could also give thought let know think thanks carol,Legal & Regulatory
<20865573.1075859998270.JavaMail.evans@thyme>,2295,326,Morning,tomas first glance looks exactly like type process looking semi automate using new workflow tools later week plan includes regards richard tomas valnek bryan seyfried lon ect ect william bradford hou ect ect denis connell lon ect ect paul simons lon ect ect debbie brackett hou ect ect mark taylor hou ect ect rod nelson hou ect ect edmund cooper lon ect ect tana jones hou ect ect ect london credit trading subject credit trading approval form agree current word document approval form practical scale going forward could looking kind database solution implemented enrononline bryan seyfried tomas valnek lon ect ect william bradford hou ect ect denis connell lon ect ect paul simons lon ect ect debbie brackett hou ect ect mark taylor hou ect ect rod nelson hou ect ect edmund cooper lon ect ect tana jones hou ect ect ect london credit trading subject credit trading approval form although makes lot sense going implement plan scale massively cannot imagine efficient enough facilitate time frames number reference credits anticipating think need general policy look instead approving one basis let discuss tomas valnek ect london credit trading denis connell lon ect ect tana jones hou ect ect mark taylor hou ect ect paul simons lon ect ect edmund cooper lon ect ect william bradford hou ect ect debbie brackett hou ect ect rod nelson hou ect ect subject credit trading approval form attached approval form completed request want trade new counterparty new reference credit incorporated comments origination credit legal comments please let know asap plan introduce form middle next week note two forms one bankruptcy swaps one credit derivatives regards tomas,Legal & Regulatory
<19332765.1075859999260.JavaMail.evans@thyme>,805,140,Evening,alan discussion last week attached request advice baker mckenzie trading weather products japanese counterparties eol discussed would forward date previous advice indicated regulatory issues weather trading needs inserted places would able send copy advice need legal issues resolved prior june scheduled date function public function launch eol weather trading australia plan trade tokyo osaka addition australian cities discussion seoul weather products progressed need required due diligence korea,Legal & Regulatory
<14945207.1075859999305.JavaMail.evans@thyme>,922,126,Evening,fyi rogelio pez velarde rlopezv lvha com please respond rogelio pez velarde peggy banczak hou ect ect sean mccoy sean mccoy lvha com shari stack hou ect ect jaime williams jaime williams enron com subject financial trading see attachment information contained herein may confidential privileged information intended reviewed individual entity addressed reader mail message intended recipient representative intended recipient hereby notified review dissemination copying mail message information contained herein prohibited received mail message error please immediately notify sender return communication sender htm memo new language doc,Energy Trading
<22152929.1075859999437.JavaMail.evans@thyme>,1746,240,Morning,mark pursuant discussion forwarding attached correspondence relating trading weather products japanese counterparties eol see office thanks john alan aronowitz ect john viverito corp enron enron subject eol weather derivatives japan legal advice need discuss get back thursday please set time thanks alan david minns alan aronowitz ect paul quilkey bruce lundstrom mark taylor ect paul smith susan musch joseph hirl nicholas day subject eol weather derivatives japan legal advice alan discussion last week attached request advice baker mckenzie trading weather products japanese counterparties eol discussed would forward date previous advice indicated regulatory issues weather trading needs inserted places would able send copy advice need legal issues resolved prior june scheduled date function public function launch eol weather trading australia plan trade tokyo osaka addition australian cities discussion seoul weather products progressed need required due diligence korea,Legal & Regulatory
<19701401.1075860072728.JavaMail.evans@thyme>,351,75,Afternoon,sorry missed earlier please blame louise refused let leave meeting call tried call london answer still around please feel free try work next week happy set time works mark,HR & Internal
<14787773.1075860073037.JavaMail.evans@thyme>,397,69,Afternoon,think first days susan bailey gets back please make sure guys coordinate going susan flynn mark taylor hou ect ect subject vacation mark would like take tuesday may wednesday may vacation days please let know thanks,HR & Internal
<10898760.1075860073172.JavaMail.evans@thyme>,892,163,Evening,frank appears mild snafu mail address fault seen note yesterday morning working posting agreement afraid louise may thought highly abilities create something like whole cloth deserved try get soon travis mccullough corporate lawyer get together term sheet equity side things able get quickly later thursday schedule permits assuming legal team draftsmen definitive corporate documents term sheet give good starting point let confirm lawyers sides getting right sorry delay confusion get soon mark,Legal & Regulatory
<3900660.1075860325895.JavaMail.evans@thyme>,1216,200,Morning,lay jeff skilling enron office chairman enron enron worldwide subject cliff baxter office chairman sadness regret announce cliff baxter resigni employee enron happy though cliff primary rea son resigning spend time family cliff unique talent creativity intelligence sense humor straightforward manner assets company throughout career missed cliff joined enron key member team built enro wholesale business becoming vice chairman enron cliff served variety positions enron wholesale businesses culminating appointment chairman chief executive officer enron north america asked cliff agreed continue consulting role company concluding negotiations number key asset dispositions please join thanking cliff service company wishing best,Financial & Accounting
<11467604.1075860328076.JavaMail.evans@thyme>,890,137,Morning,dear mark taylor thank submitting payment reliant energy bill ebill service payment credited account three business days unless scheduled payment later date track status payment ebill site need modify account information https ebill reliantenergy com logon log ebill select user information update information email address change password add accounts use ebill service please hesitate provide comments contact section site note frequently asked questions section thank choosing reliant energy ebill service look forward serving month reliant energy ebill customer care http www reliantenergy com,News & Media
<12162924.1075857477289.JavaMail.evans@thyme>,482,80,Morning,attached revised credit watch listing week personnel group included distribution please insure receive copy report add additional people distribution report sent error please contact veronica espinoza questions please contact jason williams russell diamond veronica espinoza,News & Media
<14582395.1075857492458.JavaMail.evans@thyme>,1153,191,Evening,ever wonder sports drink like gatorade work much exercise much want bulk muscles creatine safe weight gaining powders work diet pills join joel bloom enron espeak tuesday march answer questions many http ethink enron com bloom associate professor department health human performance university houston joel specializes biomechanics sports medicine aquatic therapy strong advocate bringing back physical activity public schools texas commission bicycle safety also published several books numerous articles sports performance exercise biomechanics injury prevention training programs bloom talk sports drinks water truths myths stretching truths myths myths abdominal exercises supplements risks benefits food label reading fact fiction breakfast breakfast join tuesday march espeak,HR & Internal
<15332699.1075857492642.JavaMail.evans@thyme>,2176,323,Afternoon,conference call mark bronzo groupama asset management large cap growth portfolio manager past months active arranging exclusive series conference calls various market strategists portfolio managers feel could provide insight recent events markets relevant investments wednesday may arranged exclusive opportunity attend conference call institutional portfolio manager mark bronzo bronzo currently chairman president ceo gamna series funds inc senior vice president managing director board member groupama asset management bronzo primary responsibility management large cap equity portfolio groupama asset management clients bronzo chartered financial analyst mba finance new york university economics boston college also featured cnbc taking stock bloomberg television discuss outlook overall markets also leave time end call answer questions following information need participate call date wednesday may time cst phone pass code help ensure conference begins timely manner ask dial minutes prior conference hank emery financial advisor emery financial group ubs painewebber incorporated houston texas notice regarding entry orders instructions please transmit orders instructions regarding painewebber account mail orders instructions transmitted mail accepted painewebber painewebber responsible carrying orders instructions notice regarding privacy confidentiality painewebber reserves right monitor review content mail communications sent received employees,Financial & Accounting
<12019204.1075857496840.JavaMail.evans@thyme>,1178,185,Afternoon,image image last minute shopping mom gift problem flowers com last minute mother day collection everything mother could love order stillmake mom day check mmediate gift service send mom email picture gift message knows gift arriving soon thoughts big day remember flowers com timing always perfect even last minute happy mother day friends flowers comc visit online comor aol keyword apologize advance already unsubscribed email list please allow processing time busy season remove name thank patience subscribed jtholt ect enron com image image image fields europetm elegant wishestm french countrysidetm electronic greetings gift certificates member benefits gift finder remove contact security privacy disclaimer store locator image,HR & Internal
<15324494.1075857497124.JavaMail.evans@thyme>,1024,171,Afternoon,critical migration information scheduled outlook migration date evening may need press save data button send pre migration information must connected network press button pop box appears prompting abort cancel trust signer please select trust signer information add personal address book journal calendar click button need manually added outlook migrated clicking button complete migration outlook migration completed evening migration date failure click button means get calendar contacts journal todo information imported outlook day migration could result week delay restore information encounter errors please contact resolution center,News & Media
<1710521.1075857496531.JavaMail.evans@thyme>,2176,323,Afternoon,conference call mark bronzo groupama asset management large cap growth portfolio manager past months active arranging exclusive series conference calls various market strategists portfolio managers feel could provide insight recent events markets relevant investments wednesday may arranged exclusive opportunity attend conference call institutional portfolio manager mark bronzo bronzo currently chairman president ceo gamna series funds inc senior vice president managing director board member groupama asset management bronzo primary responsibility management large cap equity portfolio groupama asset management clients bronzo chartered financial analyst mba finance new york university economics boston college also featured cnbc taking stock bloomberg television discuss outlook overall markets also leave time end call answer questions following information need participate call date wednesday may time cst phone pass code help ensure conference begins timely manner ask dial minutes prior conference hank emery financial advisor emery financial group ubs painewebber incorporated houston texas notice regarding entry orders instructions please transmit orders instructions regarding painewebber account mail orders instructions transmitted mail accepted painewebber painewebber responsible carrying orders instructions notice regarding privacy confidentiality painewebber reserves right monitor review content mail communications sent received employees,Financial & Accounting
<22409106.1075857802494.JavaMail.evans@thyme>,1179,194,Morning,sean transco filed rates path intersted follows max rate dth gps gri aca dth demand max rate gri commodity max rate gps gri aca discussed settlement process case even yet begun time know final rates likely requested increase cut half see commission staff top sheets assessment transco case firm basis making prediction result suggest write agreement rate paid applicable rate similar language gives ability true needed like put together language contract respect regulatory adjustment price need additional information please let know forward tariff sheets rates based morning thanks suzanne,Legal & Regulatory
<25087024.1075857806763.JavaMail.evans@thyme>,1770,254,Afternoon,current notes user ensure experience successful migration notes outlook necessary gather individual user information prior date migration please take minutes completely fill following survey double click document put edit mode finish simply click reply history button hit send survey automatically sent outlook migration mailbox thank outlook migration team full name login extension office location type computer desktop laptop pda yes type none ipaq palm pilot jornada permission access anyone email calendar yes anyone permission access email calendar yes responsible updating anyone else address book yes anyone else responsible updating address book yes access shared calendar yes shared calendar distribution groups messaging maintains mass mailings yes please list please list notes databases applications currently use efforts plan exact date time migration also need know normal work hours office near future vacation leave etc,HR & Internal
<2889174.1075857806303.JavaMail.evans@thyme>,1787,192,Morning,media inquiries angela mendoza inquiries weekend scheduling analyst listed belowmay transcontinental gas pipe line corporation customers shippers customer services scheduling weekend duty schedule may listed persons scheduled duty weekend calling long distance please use number followed extension number last four digits office phone number person trying reach calling locally may dial office phone number directly department pager name office phone transit cathy buhrke customer services transp contracting russell rush scheduling cassandra combre esther ramos beverly beaty mable king larry cunningham manager scheduling additional information trans svc provider transcontinental gas pipe line corporation notice identifier critical notice type notice press release company news phone list required response response required resp date time notice eff date time notice end date time status initiate prior notice ident dtf,Energy Trading
<16788580.1075841980399.JavaMail.evans@thyme>,1831,279,Evening,attached bold answers questions except major outstanding issue right final determination specs fuel oil mitsubishi doug leach bruce golden eric boyt corp enron enron mathew gimble hou ect ect david fairley hou ect justin folloder enron subject pierce couple quick questions truck deliveries king power plant location delivering trucks need pumps trucks need pumps size lines trucks pumping connecting lines trucks need anything standard fittings standard inch disconnects outstanding issues full spec sheet especially sodium potassium guarantees environmental specs known specs turbine mitsubishi mhi known cannot determine final specs unitl mhi requirements known initial tank fill delivery availability hours day weekends always someone plant take delivery tank fill beyond full gallons need gallons replace previously burned oil dyed non dyed fuel issue tax evaluating dyed identify previous diesel supplier plant coastal previous supplier design fuel resupply plan including prepurchase fuel call transportation buy diesel calls expected outage periods buyer record credit issues suppliers fpua buyer record tank fill price fixed floating platt nymex opis rack price commercial start date plan tank ready issue discussed,Energy Trading
<5994365.1075851685430.JavaMail.evans@thyme>,1836,270,Afternoon,current notes user ensure experience successful migration notes outlook necessary gather individual user information prior date migration please take minutes completely fill following survey double click document put edit mode finish simply click reply history button hit send survey automatically sent outlook migration mailbox thank outlook migration team full name charles weldon login vweldon extension office location type computer desktop laptop desktop pda yes type none ipaq palm pilot jornada permission access anyone email calendar yes anyone permission access email calendar yes responsible updating anyone else address book yes anyone else responsible updating address book yes access shared calendar yes shared calendar distribution groups messaging maintains mass mailings yes please list please list notes databases applications currently use efforts plan exact date time migration also need know normal work hours office near future vacation leave etc,HR & Internal
<16636129.1075845355398.JavaMail.evans@thyme>,3032,383,Evening,may may ecs ecn network interconnection june notification enron corp networks team connecting new building network infrastructure located enron center south ecs existing enron center north ecn backbone network activity expected produce disruption network services notice designed alert organization activities network hardware systems anticipated shutdown actual physical interconnection networks performed floor data center interconnection activities scheduled occur evening june starting completing around application testing activities begin network testing completed questions please contact pete castrejana information scheduled system outages ardmore data center facility operations scheduled outages azurix scheduled outages data center facility operations scheduled outages edi server scheduled outages enron center south data center facility operations scheduled outages enron north american lans see original report field services scheduled outages internet scheduled outages messaging see original report market data scheduled outages scheduled outages scheduled outages systems see original report sitara scheduled outages sun oss system impact corp time fri thru fri outage memory replacement server refraction disruption total disruption service environments impacted dpr entelligence purpose replace memory module repeated error backout leave server current configuration contact malcolm wells telephony scheduled outages terminal server scheduled outages unify scheduled outages assistance enron resolution center specific help information risk management sap isc unify call pager sitara call pager rus gops geotools aprs pager oss tarp pager cpr pager edi support pager ees help desk,Energy Trading
<23710539.1075845356620.JavaMail.evans@thyme>,1030,168,Night,submit timesheet exceptional time sick personal vacation etc rotation information changed sorry longer tracking overtime since salary based pool members important inform exceptional vacation sick holiday time members submitting time assistant please make sure assistant forwards information program roll sap ability line http ehronline enron com input time continue email timesheets regardless line memo inform complete timesheet quick reminder may receive present paychecks delivery set location mail stop new location notice receive paychecks june thank cooperation constance charles assistant associate analyst program ext,HR & Internal
<30491613.1075845356722.JavaMail.evans@thyme>,1016,149,Morning,expense reports taken training expense management system xms cost june june expense management system xms tool used electronically submit expense report approval payment enron intranet user friendly accurate less labor intensive accounting staff system help report travel entertainment expenses learn create new expense reports enter cash expense receipts adding company card entries enter personal car mileage foreign currency translation reimbursement method designating approving manager designating administrative assistant submitting expense report reviewing expense report much please login enroll investinme website http www corptraining com index cfm company enron questions please call,Financial & Accounting
<17780996.1075841977156.JavaMail.evans@thyme>,844,149,Evening,spoke doug leach regarding questions already contacted suppliers truckers ready rock roll know spec need set supply requirement doug reiterated interest looking long term relationship may want build supplier particularly concerned plant switches oil significant amount supplying large quantities logistical nightmare agrees hedge commodity risk buying gulf coast contract basis traded however market view prices come already dropped bit result gasoline prices cooling scheduled test vandium today get results next several days,Legal & Regulatory
<32106606.1075841976718.JavaMail.evans@thyme>,951,164,Afternoon,purchased gallons low sulfur diesel fuel central oil company sub martin gas delivered fort pierce power plant starting may june typical truck delivery gallons truck deliveries deliveries made week days fuel priced gallon delivered plant plus applicable local state federal taxes fuel undyed current buyer record shown bill lading truck ticket pierce utilities authority unless told otherwise prior first delivery truck scheduler central oil tim dick coordinate steve treece pierce communicated information steve upon completion tank fill recommend fpua take fuel sample test appropriate diesel fuel quality specifications,Energy Trading
<7803636.1075851692235.JavaMail.evans@thyme>,1024,171,Afternoon,critical migration information scheduled outlook migration date evening may need press save data button send pre migration information must connected network press button pop box appears prompting abort cancel trust signer please select trust signer information add personal address book journal calendar click button need manually added outlook migrated clicking button complete migration outlook migration completed evening migration date failure click button means get calendar contacts journal todo information imported outlook day migration could result week delay restore information encounter errors please contact resolution center,News & Media
<9110538.1075845351445.JavaMail.evans@thyme>,982,170,Evening,fyi email changes things years would need gas summer months charlie please proceed getting pricing talked also try get pricing firm service instead best efforts summer gas availability outlook time period thanks fred mitro nick hiemstra hou ect ect subject midway gas supply nick wanted check one issue midway pricing request currently desk interruptible provision following profile years hours per year years hours per year profile allowed oil back operation project air permit profile consistent pricing request discussed charlie yesterday afternoon let know wanted check give pricing back fred embedded stdolelink,Energy Trading
<32780121.1075845441185.JavaMail.evans@thyme>,5747,496,Morning,enrononline trade counts volume may external internal total country commodity category count qty count qty count qty unit measure austria power physical mwh belgium natural gas physical mmbtu canada natural gas financial mmbtu canada natural gas physical mmbtu canada power financial mwh canada france power physical mwh germany power physical mwh netherlands power physical mwh norway power financial mwh singapore crude financial barrel singapore oil products financial barrel switzerland power physical mwh united kingdom crude financial barrel united kingdom lpg financial united kingdom metals financial lme registered lot united kingdom natural gas physical nbp mmbtu united kingdom oil products financial barrel per month united kingdom oil products financial ipe united kingdom power physical mwh united kingdom sea freight financial sea freight lots usa coal physical coal tons barges mnth usa crude financial barrel usa crude financial option barrel usa crude physical barrel usa emissions physical emission allowance usa gas pipeline capacity physical mmbtu usa lpg financial gallon usa lpg physical gallon usa lumber physical thousand board feet usa natural gas financial mmbtu usa natural gas financial option mmbtu usa natural gas physical mmbtu usa oil products financial barrel usa paper physical metric tons usa petchems financial gallon usa power financial mwh usa power physical mwh usa rate currency financial eur usa rate currency financial usd usa rate currency financial gbp usa rate currency financial usd usa weather financial cooling degree day,Energy Trading
<29546335.1075845461163.JavaMail.evans@thyme>,1169,181,Morning,ila initiating coverage pure play energy merchant initiate coverage aquila inc buy high risk rating month price target aquila pure play energy merchant leveraging strong trading risk management skills rapidly growing energy commodity markets aquila early mover deregulating markets shown strong traction recent years believe sustainable long term project growth rate ila driven robust outlook wholesale energy potential successful expansion new commodities geographies growth peg ratio ila trading significant discount energy merchant peer average based strong track record potential industry leading earnings growth place peg value ila earnings leading price target ila launch pdf ila launch doc raymond niles power natural gas research salomon smith barney ray niles ssmb com ila launch pdf ila launch doc,Energy Trading
<1246558.1075858017778.JavaMail.evans@thyme>,334,57,Morning,thank agreeing meet janus wednesday june schedule attached jeff mentioned yesterday executive committee meeting would like get together minutes monday june coordinate message janus please let know cannot attend mark koenig,HR & Internal
<31090263.1075858018256.JavaMail.evans@thyme>,1324,265,Afternoon,greg mentioned earlier note team crawling margaux transaction see reduce outrageous cost also see find earnings earnings meeting today sure yet going later week office thought would give heads deal working early days significant accounting timing issues believe found way reduce cost going forward recognise potentially earnings brief unwinding liability respect existing swap less cost settle swap pay third party debt equity holders pay breakage costs involve taking back incremental risk taking approx debt balance sheet believe manageable addition transaction require third party consents could take time however aiming close brief glisan causey today need support couple issues yet probabilty hopeful doable keep informed michael,Financial & Accounting
<24740450.1075858022491.JavaMail.evans@thyme>,971,118,Night,image image image image email check box receive offers updates reputable companies selected businessweek online check box wish receive offers updates companies select topics would like receive special third party mail offers small business owners home office affiliate programs internet marketing business travel customer relationship management commerce wireless communication handheld computers internet security automation global business government politics finance investing web investing venture capital professionals sales management human resource management marketing directors questions comments want change preferences call click learn privacy policy click change remove subscription,Financial & Accounting
<3926200.1075858023121.JavaMail.evans@thyme>,2176,323,Afternoon,conference call mark bronzo groupama asset management large cap growth portfolio manager past months active arranging exclusive series conference calls various market strategists portfolio managers feel could provide insight recent events markets relevant investments wednesday may arranged exclusive opportunity attend conference call institutional portfolio manager mark bronzo bronzo currently chairman president ceo gamna series funds inc senior vice president managing director board member groupama asset management bronzo primary responsibility management large cap equity portfolio groupama asset management clients bronzo chartered financial analyst mba finance new york university economics boston college also featured cnbc taking stock bloomberg television discuss outlook overall markets also leave time end call answer questions following information need participate call date wednesday may time cst phone pass code help ensure conference begins timely manner ask dial minutes prior conference hank emery financial advisor emery financial group ubs painewebber incorporated houston texas notice regarding entry orders instructions please transmit orders instructions regarding painewebber account mail orders instructions transmitted mail accepted painewebber painewebber responsible carrying orders instructions notice regarding privacy confidentiality painewebber reserves right monitor review content mail communications sent received employees,Financial & Accounting
<32716563.1075858024526.JavaMail.evans@thyme>,1741,220,Afternoon,texans news may congaree ready derby texans owner bob mcnair congaree listed shot win tomorrow running kentucky derby congaree capture first jewel triple crown live louisville find http www houstontexans com home general cfm nsln first impressions texans pick players february expansion draft history shows best way build team college draft take look past nine expansion clubs fared first five drafts http www houstontexans com home general cfm nsln calling kids toro taken shop kids zone click find http www houstontexans com home general cfm nsln moving check latest construction shots reliant stadium http www houstontexans com home general cfm nsln going fast texans psls non psl season tickets going fast click order call nfl http www com show pride cool official texans champion legends tee tee features team name nfl shield http www houstontexans com home general cfm nsln earthlink email wear texans pride like badge honor get texans mail address yourname houstontexans com courtesy texans earthlink sign texans internet service today http www earthlink net profootball houstontexans currently subscribed texansnews gwhalle enron com unsubscribe send blank email leave texansnews newsletter houstontexans com,News & Media
<26163447.1075842043125.JavaMail.evans@thyme>,573,93,Afternoon,three half years cfo enron europe paul chivers decided move global finance group considering commercial assignments within enron europe houston paul made significant contribution enron european business building team consistently delivers financing transactions wish every success future effective immediately anne edgley assume position cfo europe please join welcoming new role john sherriff michael brown ben glisan,Financial & Accounting
<15360552.1075858044658.JavaMail.evans@thyme>,423,70,Afternoon,pleased announce yesterday may closed sale wheatland gleason lincoln peaker plants allegheny completion long transaction truly team effort currently planning closing celebration follow details thanks everyone contribution sorry day delay announcement know outlook yesterday,HR & Internal
<8639677.1075858045463.JavaMail.evans@thyme>,403,51,Morning,california litigation team conference call today central time domestic dial number international dial number passcode host mark haedicke conference room janette elbertson enron wholesale services legal department telephone fax janette elbertson enron com,Legal & Regulatory
<22194544.1075858046073.JavaMail.evans@thyme>,691,98,Afternoon,texans news may capers join fans friday join special autograph appearance texans head coach dom capers friday club concept store pennzoil quaker state company store pennzoil place located downtown houston tunnel level milam capers hand noon kikk lisa dent give away exciting texans prizes check web site information http www houstontexans com home general cfm nsln currently subscribed texansnews gwhalle enron com unsubscribe send blank email leave texansnews newsletter houstontexans com,News & Media
<13795478.1075858048982.JavaMail.evans@thyme>,1758,279,Morning,houston time today senator james jeffords announce switching republican party become independent voting democrats happens control senate switch democrats give dems majority control senate committee chairs would become democratic dems would control legislative agenda energy bills california bailout possible investigation influenced cheney plan etc profound ideological shift sen murkowski would replaced sen bingaman chair senate energy committee recommendations loosening regulations oil gas drilling coal power well incentives new generation contained cheney bill likely heavily revised favor conservation oriented measures tax bill likely downsized particularly jeffords makes switch immediately timing important senate house conference bill must appointed immediately presidential appointments would controlled dems significant large number sub cabinet level appointments need approved time republicans trying convince sen zell miller already votes republican switch republican party happens cancel expected jeffords move initial reports miller switch one caveat jeffords pondered switch past flaked jeffords goes miller stays put balance power washington tipped favor democrats,Financial & Accounting
<11719549.1075858049354.JavaMail.evans@thyme>,1071,183,Afternoon,footnotes democrat republican plan key questions democrats announce keeley plan davis support best estimate davis support quietly keeley take lead probably announcing abandonment transmission line deal new plan end week generators react percent haircut proposed parties best estimate reports generators tomorrow argument could made appeal quick solution strong financial pressure socal force deal put together best estimate big risk small creditors qfs city long beach going socal assets also socal also warned original mou altered legislature would continue monitor update information comes questions answered outlook continues socal filing,Energy Trading
<27136921.1075842063104.JavaMail.evans@thyme>,1116,164,Afternoon,attached please find tax review california assembly bill tax review sets practical implication increased cost purchasers constitutional deficiencies third paragraph tax review details mathematical computation tax resulting purchaser price increase computation sales price mwh reflects southern california weighted average index price rounded nearest hundred reported megawatt daily may marketreport however may effective present mathematical computation price closer proposed base price mwh available assist presenting computation utilizing whichever numbers deem appropriate california senate passed windfall profits tax electric generators forward similar memorandum addressing available address questions comments thanks coats steve douglas gavin russo matt gockerman,Energy Trading
<33229228.1075858057460.JavaMail.evans@thyme>,393,69,Afternoon,seen latest edition enron net works news join congratulating programmer plus class one graduates find ensure laptop next business trip http enn enron com note event unable execute link please copy link address line installed browser,News & Media
<7098886.1075858057951.JavaMail.evans@thyme>,1225,180,Night,power curve forward power continues softening implications power curve softened since last analysis power curve may forward expectations respectively spark spread important measure profit potential declined respectively shape curve remains backwardated decreasing peak summer softening trend continued since january period every region affected california west showing largest declines power producers favorable commodity pricing environment summer continue expect positive earnings surprises perhaps recommendation investors expect near term strength producers keyed strong expectations recommend shifting portfolio toward energy merchants move summer maintain positive ratings groups stocks given strong near term earnings visibility power curve doc power curve pdf raymond niles power natural gas research salomon smith barney ray niles ssmb com power curve doc power curve pdf,Financial & Accounting
<17060100.1075858059225.JavaMail.evans@thyme>,358,64,Afternoon,attached enron americas gas trading violation memos maturity gap risk net open position may office chairman enron americas responsible printing hard copy memo signing returning hard copy chris abel forward rac obtain signature thank,Energy Trading
<21160437.1075858060756.JavaMail.evans@thyme>,971,118,Night,image image image image email check box receive offers updates reputable companies selected businessweek online check box wish receive offers updates companies select topics would like receive special third party mail offers small business owners home office affiliate programs internet marketing business travel customer relationship management commerce wireless communication handheld computers internet security automation global business government politics finance investing web investing venture capital professionals sales management human resource management marketing directors questions comments want change preferences call click learn privacy policy click change remove subscription,Financial & Accounting
<3055847.1075858061022.JavaMail.evans@thyme>,403,66,Evening,attached enron total trading loss notification may office chairman enron americas enron industrial markets enron global markets enron broadband services enron energy services enron europe responsible printing hard copy memo signing returning hard copy chris abel forward rac obtain signature,Financial & Accounting
<5612272.1075858061589.JavaMail.evans@thyme>,1594,272,Afternoon,mostly legislative update today extraordinary session close without passing windfall profits bills note legislative leadership trying rollover pending legislation new extraordinary session office next week california reports sent kristin walsh procedural dispute closes extraordinary session legislature governor sources believe governor actually closes session likely signs noon sources believe excess windfall profits tax bills close enough passed vote governor signs power plant siting bill passed assembly headed senate unemployment compensation provision source controversy taken senate reportedly hearing regular session bills time pdt extraordinary session bills scheduled heard senate floor however sources indicate senate may waive rules move bills floor faster extraordinary session closed new extraordinary session expected opened immediately however sources report one certain bills session numbers next session legislature reportedly trying arrange bills heard committee,Energy Trading
<17606565.1075858061786.JavaMail.evans@thyme>,515,83,Night,organization announcement pleasure announce kenneth lovejoy joined enron corp asset operations reporting directly donnie willmann support central america caribbean ees ken year experience environmental health safety oil gas industry working enron since extensive international experience excited ken team please welcome ken new role henry van,Financial & Accounting
<29506247.1075858063177.JavaMail.evans@thyme>,892,97,Morning,eric thode enron mark frevert enron enronxgate greg whalley hou ect ect jeffrey mcmahon enron enronxgate raymond bowen enron enronxgate mark koenig corp enron enron paula rieker enron enronxgate elizabeth ivers enron enronxgate mark palmer corp enron enron karen denne corp enron enron glenn wright enron enronxgate nicki daw enron enronxgate liz taylor hou ect ect sue ford enron enronxgate marsha schiller enron enronxgate cindy derecskey corp enron enron subject revised draft enron huntco steel attached latest draft enron huntco release working towards releasing next hour upon approval parties questions please call ext eric michelle nelson enron enronxgate greg whalley hou ect ect subject monday,News & Media
<18566957.1075852039810.JavaMail.evans@thyme>,1028,170,Afternoon,positions curves loaded london early morning yesterday problem nordic power getting risktrac mtm data valued correctly therefore sent risktrac time prelim dpr believe whole nordic info gets risktrac time sent johnny via london summary nordic power line dpr positions maturity gap var johnny tells positions maturity gap reported nordic power london change preliminary dpr final dpr might ask reason hope trip successful anything else let know chris stacey white chris abel hou ect ect subject oslo receive oslo official books consistent basis problems risktrac reported separately consolidated dpr stacey,Financial & Accounting
<23150524.1075852046044.JavaMail.evans@thyme>,1094,169,Afternoon,stacey please find attached outstanding quarter power questions sign monday april please provide responses soon possible see attached file updated quarter power questions doc questions please call thank help jennifer internet email confidentiality footer privileged confidential information may contained message addressee indicated message responsible delivery message person may copy deliver message anyone case destroy message kindly notify sender reply email please advise immediately employer consent internet email messages kind opinions conclusions information message relate official business firm shall understood neither given endorsed updated quarter power questions doc,Energy Trading
<32043759.1075858790674.JavaMail.evans@thyme>,404,55,Afternoon,calendar entry invitation description oslo stockholm doorstep review date time central standard time meeting location ect chairperson louise beer detailed description may gmt greenwich mean time dublin edinburgh lisbon london documents sent prior conference,HR & Internal
<23367355.1075845368700.JavaMail.evans@thyme>,1273,145,Afternoon,opt list correct case please reply mailto ancora uol com subject pleaseremove sell give list anyone thanks checked easy internet riches program yet amazed fast sell little gems super easy way bring every couple days brought yesterday check interested send email forward info send email thesosta uol com subject book first people also get free report send mail thesosta uol com transmissions sender email stopped promptly bysending mail ancora uol com subject pleaseremove sure pleaseremove appears subject line thank,News & Media
<6154565.1075845369059.JavaMail.evans@thyme>,2142,362,Morning,looking gems simple earn per week nowadays searching elite individuals work ethic necessary generate cash flow week increase per month little four six months know really burning desire commitment guarantee reach explosive income read short script qualified leads turn interested prospects electronic sales medium required selling self discipline ignore couple hours per day looking legitimate home based business opportunity multi level marketing chain letter scheme would like build amazing income grow lightning fast profit every time one prospect makes purchase build business guidance support without attend meetings sell people things need call toll free pre recorded message ext market real product pays real commissions per sale making initial contacts turn key lead generation systems always talk people actually want talk nothing lose risk involved obligation whatsoever may qualified earn thousands extra dollars per month call call free absolutely obligation got lose call toll free ext literally lifetime opportunity get involved let one absolutely nothing lose could fascinating profitable business life please serious inquiries removed future mailings send blank email remove subject line email address addresses removed body mailaway eurosport com,Financial & Accounting
<32819865.1075845369133.JavaMail.evans@thyme>,1379,206,Morning,html body topmargin leftmargin already paid cool million dollars winners like enter finest highest paying casino online font color winners font cashing casino daily grab share wealth pool open account bring finest secure highest paying casino net right desktop deliver best games like real las vegas style blackjack plus caribbean stud draw poker lots loosest slot machines ever find click away high paying winning action font color size free sign every new player font href http seven buddybistro com font size click font enter casino win big java multi player play best online casino world right downloads necessary instant access high quality totally secure private casino fun right computer comfort privacy home play proven gaming organization privacy taken seriously assured win big virtual tables cash instantly removed please reply remove subject line body html,News & Media
<13785276.1075845370147.JavaMail.evans@thyme>,1558,243,Afternoon,serious marketers direct email marketing making money ever getting sales want inbox filled fresh orders every day answered yes questions probably need services however answered try marketing solutionz marketing solutionz complete answer contract mailers send quality lists cleaned verified house lists get plus deliverables contract mailing send million capture replies including removes flames send qualified leads opted receive information targeted emails general internet means target geographically category send general internet addresses take beyond bulk email let plan entire campaign ask copy test marketing find get leads need waste another minute call leave name phone return call asap permanently removed mailing list hit reply type remove subject box important remove subject box software read removed,Legal & Regulatory
<18454896.1075845365583.JavaMail.evans@thyme>,986,171,Night,participate national fitness week espeak tuesday may houston time join joel bloom associate professor health human performance university houston ask bloom topics difference sports drinks water myths abdominal exercise breakfast breakfast much remember participate live event get questions answered espeak post questions bloom espeak archive later read transcript find answer check new postings office chairman category emeet add thoughts ongoing discussions visit emeet today know hollow core fiber would like know stop idea vault thinkbank find catching ethink enron com,HR & Internal
<11578230.1075845377859.JavaMail.evans@thyme>,1968,283,Evening,thank registering aol instant messenger service registration screen name jwilliaenron received one step away able communicate instantly fast easy fun free create buddy list feature see friends family online meet new friends chat rooms searching member directory follow stocks news headlines exchange files images much much please reply message within hours complete registration process simply click reply type text message confirm mail address valid confirming registration important ensures using screen name jwilliaenron use current future features aim service well following great aol web products aol calendar aim aol com redirects aimemail calendar html aol hometown aim aol com redirects aimemail hometown html aol com aim aol com redirects aimemail myaol html aol com personal finance web center aim aol com redirects aimemail finance html security precaution able obtain change password update mail address confirm registration upon confirmation receive welcome message valuable links faqs helpful information download aol instant messenger software aol com web site aim aol com redirects aimemail download html already done use aim service away computer href http aim aol com redirects aimemail quickbuddy html click information quick buddy service thank registering aol instant messenger service received one time mail successfully registered aim service,Financial & Accounting
<17363956.1075845378680.JavaMail.evans@thyme>,1181,184,Afternoon,jason verbally confirmed cut occurred gas day may irene isais gas transportation services department peoples anr contract cut mmbtu throughout may gas day supply cut pgl gas supply told enron north america northern border supply county reallocated different contracts four gisb cycles exercised attempt receive entire since contract mismatch corrected final cycle peoples lost mmbtu day peoples reduced siq purchase gas day may jer information transmitted intended person entity addressed may contain confidential privileged material review retransmission dissemination use taking action reliance upon information persons entities intended recipient prohibited received error please contact sender delete material computer,Legal & Regulatory
<14832432.1075845376896.JavaMail.evans@thyme>,916,117,Afternoon,flight case need know call get love joanna williams worldsecure iconus com made following annotations mail transmission may contain confidential legally privileged information intended individual entity named mail address intended recipient hereby notified disclosure copying distribution reliance upon contents mail strictly prohibited received mail transmission error please reply sender icon clinical research arrange proper delivery please delete message thank,Energy Trading
<11006692.1075852542724.JavaMail.evans@thyme>,1462,175,Afternoon,dear jason thank shopping gap com order confirmation number print page write number case questions summary order order received shipment jason wolfe alabama apt houston description size color qty price easy fit flat front khakis chino relaxed fit flat front khakis khaki linen shirt flax relaxed fit flat front khakis black soon order shipped pending credit authorization send separate shipment notification via email questions please email custserv gap com call gap style thanks order gap com customer service join mailing list receive email updates latest styles sales exclusive offers gap com paste link browser https www gap com asp asp,Energy Trading
<18910092.1075845383361.JavaMail.evans@thyme>,806,116,Evening,image invited view beth photos image image image image image image image image photos image image great news beth wants share special photos easy fun view beth photo album ofoto view photos click order high quality prints photos ofoto member join free get free prints see links copy paste following url directly browser http www ofoto com jsp questions please contact ofoto customer support team email service ofoto com phone canada fax phone others,News & Media
<27895384.1075845383384.JavaMail.evans@thyme>,806,116,Evening,image invited view beth photos image image image image image image image image photos image image great news beth wants share special photos easy fun view beth photo album ofoto view photos click order high quality prints photos ofoto member join free get free prints see links copy paste following url directly browser http www ofoto com jsp questions please contact ofoto customer support team email service ofoto com phone canada fax phone others,News & Media
<32975435.1075845383432.JavaMail.evans@thyme>,805,116,Evening,image invited view beth photos image image image image image image image image photos image image great news beth wants share special photos easy fun view beth photo album ofoto view photos click order high quality prints photos ofoto member join free get free prints see links copy paste following url directly browser http www ofoto com jsp questions please contact ofoto customer support team email service ofoto com phone canada fax phone others,News & Media
<33153935.1075845383455.JavaMail.evans@thyme>,803,116,Evening,image invited view beth photos image image image image image image image image photos image image great news beth wants share special photos easy fun view beth photo album ofoto view photos click order high quality prints photos ofoto member join free get free prints see links copy paste following url directly browser http www ofoto com jsp questions please contact ofoto customer support team email service ofoto com phone canada fax phone others,News & Media
<4223779.1075845383524.JavaMail.evans@thyme>,805,116,Evening,image invited view beth photos image image image image image image image image photos image image great news beth wants share special photos easy fun view beth photo album ofoto view photos click order high quality prints photos ofoto member join free get free prints see links copy paste following url directly browser http www ofoto com jsp questions please contact ofoto customer support team email service ofoto com phone canada fax phone others,News & Media
<10070467.1075845394860.JavaMail.evans@thyme>,891,159,Afternoon,dan meeting hfs regarding commissioning combustion control management system gas mention tel indicated would service people onboard qalhat following vessel suez commission postponed suez algeciras reason following expecting completing loading faop eta latest join convoy early morning speed abt knots mean vessel use bog need speed fine tune combustion controller feel room voy qalhat suez voy port said algeciras easier control eta lake charles hoping agreement conclusion best regards kjell hoegh lng,Legal & Regulatory
<13949104.1075845400396.JavaMail.evans@thyme>,815,145,Morning,posrep hoegh galleon date may utc position noon dist last noon dist next port eta next port algeciras average sea wind sea wind average speed rpm bog consumed bog total consumed consumed average vapor press average liq temp bar bar bar bar bar brgds knut bentzr master lng hoegh galleon mail master gall hoegh teleph inmarsat tel fax inmarsat fax telex inmarsat telex telex inmarsat telex watch,News & Media
<15148437.1075845404194.JavaMail.evans@thyme>,801,142,Morning,hoegh galleon date utc position noon dist last noon dist next port eta next port lake charles average sea wind sea wind average speed rpm bog consumed consumed average vapor press average liq temp bar bar bar bar bar one hour retarded brgds knut bentzr master lng hoegh galleon mail master gall hoegh teleph inmarsat tel fax inmarsat fax telex inmarsat telex telex inmarsat telex watch,News & Media
<23637745.1075845405180.JavaMail.evans@thyme>,791,140,Morning,hoegh galleon date utc position noon dist last noon dist next port eta next port lake charles average sea wind sea wind average speed rpm bog consumed consumed average vapor press average liq temp bar bar bar bar bar brgds knut bentzr master lng hoegh galleon mail master gall hoegh teleph inmarsat tel fax inmarsat fax telex inmarsat telex telex inmarsat telex watch,News & Media
<24799936.1075845391592.JavaMail.evans@thyme>,1145,191,Afternoon,paul great hear back jenny returned short trip beijing antique shopping eating great chinese food life hong kong fast paced revolves around work travel throughout region making private equity investments weekends time catch sleep pretty boring stuff happy hear settled glad see found someone put ideosyncracies kidding course enron best edan paul barbo enron com zbi com subject congratulations hong kong edan thanks realize still hong kong life married remember married life good different good paul zbi com paul barbo enron com subject congratulations hong kong paul long time speak heard good news congrats wedding happy drop note time let know received best edan lee,News & Media
<10304393.1075845391863.JavaMail.evans@thyme>,774,114,Morning,electric business understanding may cost electric business understanding seminar give basic overview electric business limited knowledge industry seminar recommended entry level mid level employees either gas electric business businesses providing services industries course provide general understanding electric business operates key industry participants strategies employ successful business likely evolve please click registration http www corptraining com index cfm company enron questions please call,Energy Trading
<7208059.1075845412270.JavaMail.evans@thyme>,830,165,Night,raj talk tomorrow tell time offered contracting work would take set newco valuation million working capital think would consider channel respect skills work newco valuation etc good use time right understand reuters moved hands deck thursday webb zipper shelby piper meeting conflict sungard let know hear purpose philippe dinner mcnealy set philippe know purpose long take bea get loop kevin really think player,Financial & Accounting
<32865880.1075845412829.JavaMail.evans@thyme>,2651,407,Afternoon,image image image image image image image image stock quotes image image image image mage please support advertisers image sponsored image image image image image scoop image daily strategist profit warnings come continued showing weaker job market oday weekly claims put damper rally attempt two days bloodletting stock market market consolidate rrower range seen past two sessions front job report national association purchasing managers napm report tomorrow orning full story image sponsored national discount brokers image image image image image image inside scoop living large markets life stages book reviews image image image dow jones dow jones ind image nasdaq comp nasdaq comp image popular stocks image txn image image jnpr image compx image jdsu image csco image aklm imag emc image image money net feature image imag link back money net matter site new interactive tool bar jump streaming real time portfolio trac ker search something google check latest sports scores espn trust love product www athoc com wis activat default asp pid mktmsg image forget check today feature stories image image image stocks set solid open amid good buys stocks primed recovery full story image stocks fall fears earnings slide bogey waning corporate earn ings hurts stocks full story image image image image questions site please email info money net subject like read please email editor money net unsubscribe mailing please click http www money net scripts unsubscribe image image image mone net incorporated market data provided part marketfeed com reut ers inc reuters comstock quotes delayed least minutes cept screamer real time portfolio tracker charts provided goinves com inc terms conditions privacy policy accessing usi page agree terms service,Financial & Accounting
<12734765.1075845414094.JavaMail.evans@thyme>,1016,149,Morning,expense reports taken training expense management system xms cost june june expense management system xms tool used electronically submit expense report approval payment enron intranet user friendly accurate less labor intensive accounting staff system help report travel entertainment expenses learn create new expense reports enter cash expense receipts adding company card entries enter personal car mileage foreign currency translation reimbursement method designating approving manager designating administrative assistant submitting expense report reviewing expense report much please login enroll investinme website http www corptraining com index cfm company enron questions please call,Financial & Accounting
<33238430.1075845414314.JavaMail.evans@thyme>,3084,499,Night,image dear andrew tuesday brought segment washingt correspondent peter cook visit maryland peter invited trav energy secretary spencer abraham secretary toured cal vert cliffs nuclear plant missed peter report sec abraham calvert cliffs nuclear plant log enl video library view segment entirety house senate memorial day recess rest week scheduled reconvene june relatively quiet washington enl washington bureau keeping eye president bush trip california washington bureau hief jay cranford says tomorrow updates meeting betwe president governor gray davis also continue follow president california travels fresno sequoia national wednesday also wednesday ferc scheduled conduct gular meeting unclear whether newly confirmed ferc commissioners brownell pat wood take part meeting finally bureau wednesday competitive enterprise institute christopher orner scheduled join discuss defection sen james effords republican party effect move may national energy policy log see horner interview newscast houston bureau going shed light job ailability within energy industry correspondent kim benestante report bureau scheduled bring details difficulties comp anies recruiting employees boom periods kim also report bureau scheduled bring story international energy recruiter find areas industry growing employees hired houston bureau bring stories wednesday keep mind things subject change moment notice occasionally guests cancel change time slots continue best keep updated future interviews even keep energynewslive com energy news image rickerts energynewslive com anchor view today energy wrap ideo windows media player required broadband dial get windows media player experience williams energy news liv offer receiving letter first time ish continue subscribe stop receiving letter unsubsc ribe trouble receiving mail please let know call williams weekdays cst com ments suggestions let know call williams ekdays cst copyright williams energy news live llc rights reserved,Legal & Regulatory
<33135926.1075845411886.JavaMail.evans@thyme>,295,58,Afternoon,think would good new team went front back demo eol given jay webb explaining companies would see value product application would half day training recommend every person team asap thanks,HR & Internal
<20486986.1075845425314.JavaMail.evans@thyme>,573,99,Morning,joe gold kept informed discussions nymex please see first draft attached understanding meeting joe robertson new york office fully aware ideas far metals concerned good contacts nymex would suggest engage metals futures specialist discussions nymex telecon discussions nymex modify first draft course send final copy transmit nymex best regards mike hutchinson,HR & Internal
<31035946.1075842016474.JavaMail.evans@thyme>,1764,286,Night,gentlemen attached fairly comprehensive list companies various sectors petroleum complex means comprehensive sure several players left inadvertently broke follows oil refined products trading marketing companies physical financial financial traders generally financial north american refiners foreign refiners marketing cos asian trading houses convenience store operators rack marketing idea crude oil producers main business really trading oil products pipelines petchem chemical ngl gas liquids companies chemical petrochemical companies industrial gas companies product list list products perceived commodity products bolded bit difficult put companies one bucket another due cross tried also receive much better information tomorrow ngl companies granular list intended beginning intent begin eliminating companies focus dominant players major products various parts country players global northville example dominant northeast much elsewhere methanex example dominant methanol producer trader enterprise big importer storage owner belvieu good company approach ngls refine list bit basis likely candidates let know think forgiving errors mindful working document start researching specific companies let whittle list considerably,Energy Trading
<7769547.1075842018796.JavaMail.evans@thyme>,4808,420,Night,enrononline trade counts volume may external internal total country commodity category count qty count qty count qty unit measure austria power physical mwh belgium natural gas physical mmbtu canada natural gas financial mmbtu canada natural gas physical mmbtu canada power financial mwh canada finland power financial mwh france power physical mwh germany coal physical seca contract metric tonnes germany power physical mwh netherlands power physical mwh norway power financial mwh switzerland power physical mwh united kingdom crude financial barrel united kingdom lpg financial united kingdom metals financial lme registered lot united kingdom natural gas physical nbp mmbtu united kingdom petchems financial united kingdom power physical mwh united kingdom sea freight financial sea freight lot usa crude financial barrel usa crude financial option barrel usa crude physical barrel usa gas pipeline capacity physical mmbtu usa lpg financial gallon usa natural gas financial mmbtu usa natural gas financial option mmbtu usa natural gas physical mmbtu usa oil products financial barrel usa power financial mwh usa power physical mwh usa rate currency financial eur usa rate currency financial usd usa rate currency financial gbp usa rate currency financial usd usa weather financial cooling degree day,Legal & Regulatory
<14457872.1075842018930.JavaMail.evans@thyme>,5891,449,Night,enrononline trade counts volume may external internal total country commodity category count qty count qty count qty unit measure austria power physical mwh belgium natural gas physical mmbtu canada natural gas financial mmbtu canada natural gas financial option mmbtu canada natural gas physical mmbtu canada power financial mwh canada france power physical mwh germany power physical mwh norway power financial mwh singapore oil products financial switzerland power physical mwh united kingdom crude financial barrel united kingdom lpg financial united kingdom metals financial lme registered lot united kingdom natural gas physical nbp mmbtu united kingdom natural gas physical nbp option mmbtu united kingdom oil products financial ipe united kingdom petchems financial united kingdom power physical mwh united kingdom sea freight financial sea freight lots united kingdom weather financial average temperature usa crude financial barrel usa crude financial option barrel usa crude physical barrel per day usa gas pipeline capacity physical mmbtu usa lpg financial gallon usa lpg physical gallon usa lumber physical thousand board feet usa natural gas financial mmbtu usa natural gas financial option mmbtu usa natural gas physical mmbtu usa oil products financial barrel per month usa power financial mwh usa power physical mwh usa rate currency financial eur usa rate currency financial gbp usa rate currency financial usd total,Energy Trading
